time,equity,cash,realized_pnl_net,unrealized_pnl,fees,position,mark
2024-03-15T00:00:00.000000000Z,10000,10000,0,0,0,0,0
2024-03-15T00:01:00.000000000Z,10000,10000,0,0,0,0,3000
2024-03-15T00:02:00.000000000Z,10000,10000,0,0,0,0,3000.87
2024-03-15T00:03:00.000000000Z,10000,10000,0,0,0,0,3001.75
2024-03-15T00:04:00.000000000Z,10000,10000,0,0,0,0,3002.62
2024-03-15T00:05:00.000000000Z,10000,10000,0,0,0,0,3003.49
2024-03-15T00:06:00.000000000Z,10000,10000,0,0,0,0,3004.36
2024-03-15T00:07:00.000000000Z,10000,10000,0,0,0,0,3005.23
2024-03-15T00:08:00.000000000Z,10000,10000,0,0,0,0,3006.1
2024-03-15T00:09:00.000000000Z,10000,10000,0,0,0,0,3006.98
2024-03-15T00:10:00.000000000Z,10000,10000,0,0,0,0,3007.85
2024-03-15T00:11:00.000000000Z,10000,10000,0,0,0,0,3008.72
2024-03-15T00:12:00.000000000Z,10000,10000,0,0,0,0,3009.58
2024-03-15T00:13:00.000000000Z,10000,10000,0,0,0,0,3010.45
2024-03-15T00:14:00.000000000Z,10000,10000,0,0,0,0,3011.32
2024-03-15T00:15:00.000000000Z,10000,10000,0,0,0,0,3012.19
2024-03-15T00:16:00.000000000Z,10000,10000,0,0,0,0,3013.05
2024-03-15T00:17:00.000000000Z,10000,10000,0,0,0,0,3013.92
2024-03-15T00:18:00.000000000Z,10000,10000,0,0,0,0,3014.78
2024-03-15T00:19:00.000000000Z,10000,10000,0,0,0,0,3015.64
2024-03-15T00:20:00.000000000Z,10000,10000,0,0,0,0,3016.5
2024-03-15T00:21:00.000000000Z,10000,10000,0,0,0,0,3017.36
2024-03-15T00:22:00.000000000Z,10000,10000,0,0,0,0,3018.22
2024-03-15T00:23:00.000000000Z,10000,10000,0,0,0,0,3019.08
2024-03-15T00:24:00.000000000Z,10000,10000,0,0,0,0,3019.94
2024-03-15T00:25:00.000000000Z,10000,10000,0,0,0,0,3020.79
2024-03-15T00:26:00.000000000Z,10000,10000,0,0,0,0,3021.64
2024-03-15T00:27:00.000000000Z,10000,10000,0,0,0,0,3022.5
2024-03-15T00:28:00.000000000Z,10000,10000,0,0,0,0,3023.34
2024-03-15T00:29:00.000000000Z,10000,10000,0,0,0,0,3024.19
2024-03-15T00:30:00.000000000Z,10000,10000,0,0,0,0,3025.04
2024-03-15T00:31:00.000000000Z,10000,10000,0,0,0,0,3025.88
2024-03-15T00:32:00.000000000Z,10000,10000,0,0,0,0,3026.72
2024-03-15T00:33:00.000000000Z,10000,10000,0,0,0,0,3027.56
2024-03-15T00:34:00.000000000Z,10000,10000,0,0,0,0,3028.4
2024-03-15T00:35:00.000000000Z,10000,10000,0,0,0,0,3029.24
2024-03-15T00:36:00.000000000Z,10000,10000,0,0,0,0,3030.07
2024-03-15T00:37:00.000000000Z,10000,10000,0,0,0,0,3030.9
2024-03-15T00:38:00.000000000Z,10000,10000,0,0,0,0,3031.73
2024-03-15T00:39:00.000000000Z,10000,10000,0,0,0,0,3032.56
2024-03-15T00:40:00.000000000Z,10000,10000,0,0,0,0,3033.38
2024-03-15T00:41:00.000000000Z,10000,10000,0,0,0,0,3034.2
2024-03-15T00:42:00.000000000Z,10000,10000,0,0,0,0,3035.02
2024-03-15T00:43:00.000000000Z,10000,10000,0,0,0,0,3035.84
2024-03-15T00:44:00.000000000Z,10000,10000,0,0,0,0,3036.65
2024-03-15T00:45:00.000000000Z,10000,10000,0,0,0,0,3037.46
2024-03-15T00:46:00.000000000Z,10000,10000,0,0,0,0,3038.27
2024-03-15T00:47:00.000000000Z,10000,10000,0,0,0,0,3039.07
2024-03-15T00:48:00.000000000Z,10000,10000,0,0,0,0,3039.87
2024-03-15T00:49:00.000000000Z,10000,10000,0,0,0,0,3040.67
2024-03-15T00:50:00.000000000Z,10000,10000,0,0,0,0,3041.47
2024-03-15T00:51:00.000000000Z,10000,10000,0,0,0,0,3042.26
2024-03-15T00:52:00.000000000Z,10000,10000,0,0,0,0,3043.05
2024-03-15T00:53:00.000000000Z,10000,10000,0,0,0,0,3043.84
2024-03-15T00:54:00.000000000Z,10000,10000,0,0,0,0,3044.62
2024-03-15T00:55:00.000000000Z,10000,10000,0,0,0,0,3045.4
2024-03-15T00:56:00.000000000Z,10000,10000,0,0,0,0,3046.17
2024-03-15T00:57:00.000000000Z,10000,10000,0,0,0,0,3046.95
2024-03-15T00:58:00.000000000Z,10000,10000,0,0,0,0,3047.72
2024-03-15T00:59:00.000000000Z,10000,10000,0,0,0,0,3048.48
2024-03-15T01:00:00.000000000Z,10000,10000,0,0,0,0,3049.24
2024-03-15T01:01:00.000000000Z,10000,10000,0,0,0,0,3050
2024-03-15T01:02:00.000000000Z,10000,10000,0,0,0,0,3050.75
2024-03-15T01:03:00.000000000Z,10000,10000,0,0,0,0,3051.5
2024-03-15T01:04:00.000000000Z,10000,10000,0,0,0,0,3052.25
2024-03-15T01:05:00.000000000Z,10000,10000,0,0,0,0,3052.99
2024-03-15T01:06:00.000000000Z,10000,10000,0,0,0,0,3053.73
2024-03-15T01:07:00.000000000Z,10000,10000,0,0,0,0,3054.46
2024-03-15T01:08:00.000000000Z,10000,10000,0,0,0,0,3055.19
2024-03-15T01:09:00.000000000Z,10000,10000,0,0,0,0,3055.92
2024-03-15T01:10:00.000000000Z,10000,10000,0,0,0,0,3056.64
2024-03-15T01:11:00.000000000Z,10000,10000,0,0,0,0,3057.36
2024-03-15T01:12:00.000000000Z,10000,10000,0,0,0,0,3058.07
2024-03-15T01:13:00.000000000Z,10000,10000,0,0,0,0,3058.78
2024-03-15T01:14:00.000000000Z,10000,10000,0,0,0,0,3059.48
2024-03-15T01:15:00.000000000Z,10000,10000,0,0,0,0,3060.18
2024-03-15T01:16:00.000000000Z,10000,10000,0,0,0,0,3060.88
2024-03-15T01:17:00.000000000Z,10000,10000,0,0,0,0,3061.57
2024-03-15T01:18:00.000000000Z,10000,10000,0,0,0,0,3062.25
2024-03-15T01:19:00.000000000Z,10000,10000,0,0,0,0,3062.93
2024-03-15T01:20:00.000000000Z,10000,10000,0,0,0,0,3063.61
2024-03-15T01:21:00.000000000Z,10000,10000,0,0,0,0,3064.28
2024-03-15T01:22:00.000000000Z,10000,10000,0,0,0,0,3064.94
2024-03-15T01:23:00.000000000Z,10000,10000,0,0,0,0,3065.61
2024-03-15T01:24:00.000000000Z,10000,10000,0,0,0,0,3066.26
2024-03-15T01:25:00.000000000Z,10000,10000,0,0,0,0,3066.91
2024-03-15T01:26:00.000000000Z,10000,10000,0,0,0,0,3067.56
2024-03-15T01:27:00.000000000Z,10000,10000,0,0,0,0,3068.2
2024-03-15T01:28:00.000000000Z,10000,10000,0,0,0,0,3068.84
2024-03-15T01:29:00.000000000Z,10000,10000,0,0,0,0,3069.47
2024-03-15T01:30:00.000000000Z,10000,10000,0,0,0,0,3070.09
2024-03-15T01:31:00.000000000Z,10000,10000,0,0,0,0,3070.71
2024-03-15T01:32:00.000000000Z,10000,10000,0,0,0,0,3071.33
2024-03-15T01:33:00.000000000Z,10000,10000,0,0,0,0,3071.93
2024-03-15T01:34:00.000000000Z,10000,10000,0,0,0,0,3072.54
2024-03-15T01:35:00.000000000Z,10000,10000,0,0,0,0,3073.14
2024-03-15T01:36:00.000000000Z,10000,10000,0,0,0,0,3073.73
2024-03-15T01:37:00.000000000Z,10000,10000,0,0,0,0,3074.31
2024-03-15T01:38:00.000000000Z,10000,10000,0,0,0,0,3074.9
2024-03-15T01:39:00.000000000Z,10000,10000,0,0,0,0,3075.47
2024-03-15T01:40:00.000000000Z,10000,10000,0,0,0,0,3076.04
2024-03-15T01:41:00.000000000Z,10000,10000,0,0,0,0,3076.6
2024-03-15T01:42:00.000000000Z,10000,10000,0,0,0,0,3077.16
2024-03-15T01:43:00.000000000Z,10000,10000,0,0,0,0,3077.71
2024-03-15T01:44:00.000000000Z,10000,10000,0,0,0,0,3078.26
2024-03-15T01:45:00.000000000Z,10000,10000,0,0,0,0,3078.8
2024-03-15T01:46:00.000000000Z,10000,10000,0,0,0,0,3079.34
2024-03-15T01:47:00.000000000Z,10000,10000,0,0,0,0,3079.86
2024-03-15T01:48:00.000000000Z,10000,10000,0,0,0,0,3080.39
2024-03-15T01:49:00.000000000Z,10000,10000,0,0,0,0,3080.9
2024-03-15T01:50:00.000000000Z,10000,10000,0,0,0,0,3081.41
2024-03-15T01:51:00.000000000Z,10000,10000,0,0,0,0,3081.92
2024-03-15T01:52:00.000000000Z,10000,10000,0,0,0,0,3082.41
2024-03-15T01:53:00.000000000Z,10000,10000,0,0,0,0,3082.9
2024-03-15T01:54:00.000000000Z,10000,10000,0,0,0,0,3083.39
2024-03-15T01:55:00.000000000Z,10000,10000,0,0,0,0,3083.87
2024-03-15T01:56:00.000000000Z,10000,10000,0,0,0,0,3084.34
2024-03-15T01:57:00.000000000Z,10000,10000,0,0,0,0,3084.8
2024-03-15T01:58:00.000000000Z,10000,10000,0,0,0,0,3085.26
2024-03-15T01:59:00.000000000Z,10000,10000,0,0,0,0,3085.72
2024-03-15T02:00:00.000000000Z,10000,10000,0,0,0,0,3086.16
2024-03-15T02:01:00.000000000Z,10000,10000,0,0,0,0,3086.6
2024-03-15T02:02:00.000000000Z,10000,10000,0,0,0,0,3087.04
2024-03-15T02:03:00.000000000Z,10000,10000,0,0,0,0,3087.46
2024-03-15T02:04:00.000000000Z,10000,10000,0,0,0,0,3087.88
2024-03-15T02:05:00.000000000Z,10000,10000,0,0,0,0,3088.29
2024-03-15T02:06:00.000000000Z,10000,10000,0,0,0,0,3088.7
2024-03-15T02:07:00.000000000Z,10000,10000,0,0,0,0,3089.1
2024-03-15T02:08:00.000000000Z,10000,10000,0,0,0,0,3089.49
2024-03-15T02:09:00.000000000Z,10000,10000,0,0,0,0,3089.88
2024-03-15T02:10:00.000000000Z,10000,10000,0,0,0,0,3090.26
2024-03-15T02:11:00.000000000Z,10000,10000,0,0,0,0,3090.63
2024-03-15T02:12:00.000000000Z,10000,10000,0,0,0,0,3091
2024-03-15T02:13:00.000000000Z,10000,10000,0,0,0,0,3091.35
2024-03-15T02:14:00.000000000Z,10000,10000,0,0,0,0,3091.71
2024-03-15T02:15:00.000000000Z,10000,10000,0,0,0,0,3092.05
2024-03-15T02:16:00.000000000Z,10000,10000,0,0,0,0,3092.39
2024-03-15T02:17:00.000000000Z,10000,10000,0,0,0,0,3092.72
2024-03-15T02:18:00.000000000Z,10000,10000,0,0,0,0,3093.04
2024-03-15T02:19:00.000000000Z,10000,10000,0,0,0,0,3093.36
2024-03-15T02:20:00.000000000Z,10000,10000,0,0,0,0,3093.67
2024-03-15T02:21:00.000000000Z,10000,10000,0,0,0,0,3093.97
2024-03-15T02:22:00.000000000Z,10000,10000,0,0,0,0,3094.26
2024-03-15T02:23:00.000000000Z,10000,10000,0,0,0,0,3094.55
2024-03-15T02:24:00.000000000Z,10000,10000,0,0,0,0,3094.83
2024-03-15T02:25:00.000000000Z,10000,10000,0,0,0,0,3095.11
2024-03-15T02:26:00.000000000Z,10000,10000,0,0,0,0,3095.37
2024-03-15T02:27:00.000000000Z,10000,10000,0,0,0,0,3095.63
2024-03-15T02:28:00.000000000Z,10000,10000,0,0,0,0,3095.88
2024-03-15T02:29:00.000000000Z,10000,10000,0,0,0,0,3096.13
2024-03-15T02:30:00.000000000Z,10000,10000,0,0,0,0,3096.36
2024-03-15T02:31:00.000000000Z,10000,10000,0,0,0,0,3096.59
2024-03-15T02:32:00.000000000Z,10000,10000,0,0,0,0,3096.81
2024-03-15T02:33:00.000000000Z,10000,10000,0,0,0,0,3097.03
2024-03-15T02:34:00.000000000Z,10000,10000,0,0,0,0,3097.24
2024-03-15T02:35:00.000000000Z,10000,10000,0,0,0,0,3097.44
2024-03-15T02:36:00.000000000Z,10000,10000,0,0,0,0,3097.63
2024-03-15T02:37:00.000000000Z,10000,10000,0,0,0,0,3097.81
2024-03-15T02:38:00.000000000Z,10000,10000,0,0,0,0,3097.99
2024-03-15T02:39:00.000000000Z,10000,10000,0,0,0,0,3098.16
2024-03-15T02:40:00.000000000Z,10000,10000,0,0,0,0,3098.33
2024-03-15T02:41:00.000000000Z,10000,10000,0,0,0,0,3098.48
2024-03-15T02:42:00.000000000Z,10000,10000,0,0,0,0,3098.63
2024-03-15T02:43:00.000000000Z,10000,10000,0,0,0,0,3098.77
2024-03-15T02:44:00.000000000Z,10000,10000,0,0,0,0,3098.9
2024-03-15T02:45:00.000000000Z,10000,10000,0,0,0,0,3099.03
2024-03-15T02:46:00.000000000Z,10000,10000,0,0,0,0,3099.14
2024-03-15T02:47:00.000000000Z,10000,10000,0,0,0,0,3099.25
2024-03-15T02:48:00.000000000Z,10000,10000,0,0,0,0,3099.36
2024-03-15T02:49:00.000000000Z,10000,10000,0,0,0,0,3099.45
2024-03-15T02:50:00.000000000Z,10000,10000,0,0,0,0,3099.54
2024-03-15T02:51:00.000000000Z,10000,10000,0,0,0,0,3099.62
2024-03-15T02:52:00.000000000Z,10000,10000,0,0,0,0,3099.69
2024-03-15T02:53:00.000000000Z,10000,10000,0,0,0,0,3099.76
2024-03-15T02:54:00.000000000Z,10000,10000,0,0,0,0,3099.81
2024-03-15T02:55:00.000000000Z,10000,10000,0,0,0,0,3099.86
2024-03-15T02:56:00.000000000Z,10000,10000,0,0,0,0,3099.9
2024-03-15T02:57:00.000000000Z,10000,10000,0,0,0,0,3099.94
2024-03-15T02:58:00.000000000Z,10000,10000,0,0,0,0,3099.97
2024-03-15T02:59:00.000000000Z,10000,10000,0,0,0,0,3099.98
2024-03-15T03:00:00.000000000Z,10000,10000,0,0,0,0,3100
2024-03-15T03:01:00.000000000Z,10000,10000,0,0,0,0,3100
2024-03-15T03:02:00.000000000Z,10000,10000,0,0,0,0,3100
2024-03-15T03:03:00.000000000Z,10000,10000,0,0,0,0,3099.98
2024-03-15T03:04:00.000000000Z,10000,10000,0,0,0,0,3099.97
2024-03-15T03:05:00.000000000Z,10000,10000,0,0,0,0,3099.94
2024-03-15T03:06:00.000000000Z,10000,10000,0,0,0,0,3099.9
2024-03-15T03:07:00.000000000Z,10000,10000,0,0,0,0,3099.86
2024-03-15T03:08:00.000000000Z,10000,10000,0,0,0,0,3099.81
2024-03-15T03:09:00.000000000Z,10000,10000,0,0,0,0,3099.76
2024-03-15T03:10:00.000000000Z,10000,10000,0,0,0,0,3099.69
2024-03-15T03:11:00.000000000Z,10000,10000,0,0,0,0,3099.62
2024-03-15T03:12:00.000000000Z,10000,10000,0,0,0,0,3099.54
2024-03-15T03:13:00.000000000Z,10000,10000,0,0,0,0,3099.45
2024-03-15T03:14:00.000000000Z,10000,10000,0,0,0,0,3099.36
2024-03-15T03:15:00.000000000Z,10000,10000,0,0,0,0,3099.25
2024-03-15T03:16:00.000000000Z,10000,10000,0,0,0,0,3099.14
2024-03-15T03:17:00.000000000Z,10000,10000,0,0,0,0,3099.03
2024-03-15T03:18:00.000000000Z,10000,10000,0,0,0,0,3098.9
2024-03-15T03:19:00.000000000Z,10000,10000,0,0,0,0,3098.77
2024-03-15T03:20:00.000000000Z,10000,10000,0,0,0,0,3098.63
2024-03-15T03:21:00.000000000Z,10000,10000,0,0,0,0,3098.48
2024-03-15T03:22:00.000000000Z,10000,10000,0,0,0,0,3098.33
2024-03-15T03:23:00.000000000Z,10000,10000,0,0,0,0,3098.16
2024-03-15T03:24:00.000000000Z,10000,10000,0,0,0,0,3097.99
2024-03-15T03:25:00.000000000Z,10000,10000,0,0,0,0,3097.81
2024-03-15T03:26:00.000000000Z,10000,10000,0,0,0,0,3097.63
2024-03-15T03:27:00.000000000Z,10000,10000,0,0,0,0,3097.44
2024-03-15T03:28:00.000000000Z,10000,10000,0,0,0,0,3097.24
2024-03-15T03:29:00.000000000Z,10000,10000,0,0,0,0,3097.03
2024-03-15T03:30:00.000000000Z,10000,10000,0,0,0,0,3096.81
2024-03-15T03:31:00.000000000Z,10000,10000,0,0,0,0,3096.59
2024-03-15T03:32:00.000000000Z,10000,10000,0,0,0,0,3096.36
2024-03-15T03:33:00.000000000Z,10000,10000,0,0,0,0,3096.13
2024-03-15T03:34:00.000000000Z,10000,10000,0,0,0,0,3095.88
2024-03-15T03:35:00.000000000Z,10000,10000,0,0,0,0,3095.63
2024-03-15T03:36:00.000000000Z,10000,10000,0,0,0,0,3095.37
2024-03-15T03:37:00.000000000Z,10000,10000,0,0,0,0,3095.11
2024-03-15T03:38:00.000000000Z,10000,10000,0,0,0,0,3094.83
2024-03-15T03:39:00.000000000Z,10000,10000,0,0,0,0,3094.55
2024-03-15T03:40:00.000000000Z,10000,10000,0,0,0,0,3094.26
2024-03-15T03:41:00.000000000Z,10000,10000,0,0,0,0,3093.97
2024-03-15T03:42:00.000000000Z,10000,10000,0,0,0,0,3093.67
2024-03-15T03:43:00.000000000Z,10000,10000,0,0,0,0,3093.36
2024-03-15T03:44:00.000000000Z,10000,10000,0,0,0,0,3093.04
2024-03-15T03:45:00.000000000Z,10000,10000,0,0,0,0,3092.72
2024-03-15T03:46:00.000000000Z,10000,10000,0,0,0,0,3092.39
2024-03-15T03:47:00.000000000Z,10000,10000,0,0,0,0,3092.05
2024-03-15T03:48:00.000000000Z,10000,10000,0,0,0,0,3091.71
2024-03-15T03:49:00.000000000Z,10000,10000,0,0,0,0,3091.35
2024-03-15T03:50:00.000000000Z,10000,10000,0,0,0,0,3091
2024-03-15T03:51:00.000000000Z,10000,10000,0,0,0,0,3090.63
2024-03-15T03:52:00.000000000Z,10000,10000,0,0,0,0,3090.26
2024-03-15T03:53:00.000000000Z,10000,10000,0,0,0,0,3089.88
2024-03-15T03:54:00.000000000Z,10000,10000,0,0,0,0,3089.49
2024-03-15T03:55:00.000000000Z,10000,10000,0,0,0,0,3089.1
2024-03-15T03:56:00.000000000Z,10000,10000,0,0,0,0,3088.7
2024-03-15T03:57:00.000000000Z,10000,10000,0,0,0,0,3088.29
2024-03-15T03:58:00.000000000Z,10000,10000,0,0,0,0,3087.88
2024-03-15T03:59:00.000000000Z,10000,10000,0,0,0,0,3087.46
2024-03-15T04:00:00.000000000Z,10000,10000,0,0,0,0,3087.04
2024-03-15T04:01:00.000000000Z,10000,10000,0,0,0,0,3086.6
2024-03-15T04:02:00.000000000Z,10000,10000,0,0,0,0,3086.16
2024-03-15T04:03:00.000000000Z,10000,10000,0,0,0,0,3085.72
2024-03-15T04:04:00.000000000Z,10000,10000,0,0,0,0,3085.26
2024-03-15T04:05:00.000000000Z,10000,10000,0,0,0,0,3084.8
2024-03-15T04:06:00.000000000Z,10000,10000,0,0,0,0,3084.34
2024-03-15T04:07:00.000000000Z,10000,10000,0,0,0,0,3083.87
2024-03-15T04:08:00.000000000Z,10000,10000,0,0,0,0,3083.39
2024-03-15T04:09:00.000000000Z,10000,10000,0,0,0,0,3082.9
2024-03-15T04:10:00.000000000Z,10000,10000,0,0,0,0,3082.41
2024-03-15T04:11:00.000000000Z,10000,10000,0,0,0,0,3081.92
2024-03-15T04:12:00.000000000Z,10000,10000,0,0,0,0,3081.41
2024-03-15T04:13:00.000000000Z,10000,10000,0,0,0,0,3080.9
2024-03-15T04:14:00.000000000Z,10000,10000,0,0,0,0,3080.39
2024-03-15T04:15:00.000000000Z,10000,10000,0,0,0,0,3079.86
2024-03-15T04:16:00.000000000Z,10000,10000,0,0,0,0,3079.34
2024-03-15T04:17:00.000000000Z,10000,10000,0,0,0,0,3078.8
2024-03-15T04:18:00.000000000Z,10000,10000,0,0,0,0,3078.26
2024-03-15T04:19:00.000000000Z,10000,10000,0,0,0,0,3077.71
2024-03-15T04:20:00.000000000Z,10000,10000,0,0,0,0,3077.16
2024-03-15T04:21:00.000000000Z,10000,10000,0,0,0,0,3076.6
2024-03-15T04:22:00.000000000Z,10000,10000,0,0,0,0,3076.04
2024-03-15T04:23:00.000000000Z,10000,10000,0,0,0,0,3075.47
2024-03-15T04:24:00.000000000Z,10000,10000,0,0,0,0,3074.9
2024-03-15T04:25:00.000000000Z,10000,10000,0,0,0,0,3074.31
2024-03-15T04:26:00.000000000Z,10000,10000,0,0,0,0,3073.73
2024-03-15T04:27:00.000000000Z,10000,10000,0,0,0,0,3073.14
2024-03-15T04:28:00.000000000Z,10000,10000,0,0,0,0,3072.54
2024-03-15T04:29:00.000000000Z,10000,10000,0,0,0,0,3071.93
2024-03-15T04:30:00.000000000Z,10000,10000,0,0,0,0,3071.33
2024-03-15T04:31:00.000000000Z,10000,10000,0,0,0,0,3070.71
2024-03-15T04:32:00.000000000Z,10000,10000,0,0,0,0,3070.09
2024-03-15T04:33:00.000000000Z,10000,10000,0,0,0,0,3069.47
2024-03-15T04:34:00.000000000Z,10000,10000,0,0,0,0,3068.84
2024-03-15T04:35:00.000000000Z,10000,10000,0,0,0,0,3068.2
2024-03-15T04:36:00.000000000Z,10000,10000,0,0,0,0,3067.56
2024-03-15T04:37:00.000000000Z,10000,10000,0,0,0,0,3066.91
2024-03-15T04:38:00.000000000Z,10000,10000,0,0,0,0,3066.26
2024-03-15T04:39:00.000000000Z,10000,10000,0,0,0,0,3065.61
2024-03-15T04:40:00.000000000Z,10000,10000,0,0,0,0,3064.94
2024-03-15T04:41:00.000000000Z,10000,10000,0,0,0,0,3064.28
2024-03-15T04:42:00.000000000Z,10000,10000,0,0,0,0,3063.61
2024-03-15T04:43:00.000000000Z,10000,10000,0,0,0,0,3062.93
2024-03-15T04:44:00.000000000Z,10000,10000,0,0,0,0,3062.25
2024-03-15T04:45:00.000000000Z,10000,10000,0,0,0,0,3061.57
2024-03-15T04:46:00.000000000Z,10000,10000,0,0,0,0,3060.88
2024-03-15T04:47:00.000000000Z,10000,10000,0,0,0,0,3060.18
2024-03-15T04:48:00.000000000Z,10000,10000,0,0,0,0,3059.48
2024-03-15T04:49:00.000000000Z,10000,10000,0,0,0,0,3058.78
2024-03-15T04:50:00.000000000Z,10000,10000,0,0,0,0,3058.07
2024-03-15T04:51:00.000000000Z,10000,10000,0,0,0,0,3057.36
2024-03-15T04:52:00.000000000Z,10000,10000,0,0,0,0,3056.64
2024-03-15T04:53:00.000000000Z,10000,10000,0,0,0,0,3055.92
2024-03-15T04:54:00.000000000Z,10000,10000,0,0,0,0,3055.19
2024-03-15T04:55:00.000000000Z,10000,10000,0,0,0,0,3054.46
2024-03-15T04:56:00.000000000Z,10000,10000,0,0,0,0,3053.73
2024-03-15T04:57:00.000000000Z,10000,10000,0,0,0,0,3052.99
2024-03-15T04:58:00.000000000Z,10000,10000,0,0,0,0,3052.25
2024-03-15T04:59:00.000000000Z,10000,10000,0,0,0,0,3051.5
2024-03-15T05:00:00.000000000Z,10000,10000,0,0,0,0,3050.75
2024-03-15T05:01:00.000000000Z,10000,10000,0,0,0,0,3050
2024-03-15T05:02:00.000000000Z,10000,10000,0,0,0,0,3049.24
2024-03-15T05:03:00.000000000Z,10000,10000,0,0,0,0,3048.48
2024-03-15T05:04:00.000000000Z,10000,10000,0,0,0,0,3047.72
2024-03-15T05:05:00.000000000Z,10000,10000,0,0,0,0,3046.95
2024-03-15T05:06:00.000000000Z,10000,10000,0,0,0,0,3046.17
2024-03-15T05:07:00.000000000Z,10000,10000,0,0,0,0,3045.4
2024-03-15T05:08:00.000000000Z,10000,10000,0,0,0,0,3044.62
2024-03-15T05:09:00.000000000Z,10000,10000,0,0,0,0,3043.84
2024-03-15T05:10:00.000000000Z,10000,10000,0,0,0,0,3043.05
2024-03-15T05:11:00.000000000Z,10000,10000,0,0,0,0,3042.26
2024-03-15T05:12:00.000000000Z,10000,10000,0,0,0,0,3041.47
2024-03-15T05:13:00.000000000Z,10000,10000,0,0,0,0,3040.67
2024-03-15T05:14:00.000000000Z,10000,10000,0,0,0,0,3039.87
2024-03-15T05:15:00.000000000Z,10000,10000,0,0,0,0,3039.07
2024-03-15T05:16:00.000000000Z,10000,10000,0,0,0,0,3038.27
2024-03-15T05:17:00.000000000Z,10000,10000,0,0,0,0,3037.46
2024-03-15T05:18:00.000000000Z,10000,10000,0,0,0,0,3036.65
2024-03-15T05:19:00.000000000Z,10000,10000,0,0,0,0,3035.84
2024-03-15T05:20:00.000000000Z,10000,10000,0,0,0,0,3035.02
2024-03-15T05:21:00.000000000Z,10000,10000,0,0,0,0,3034.2
2024-03-15T05:22:00.000000000Z,10000,10000,0,0,0,0,3033.38
2024-03-15T05:23:00.000000000Z,10000,10000,0,0,0,0,3032.56
2024-03-15T05:24:00.000000000Z,10000,10000,0,0,0,0,3031.73
2024-03-15T05:25:00.000000000Z,10000,10000,0,0,0,0,3030.9
2024-03-15T05:26:00.000000000Z,10000,10000,0,0,0,0,3030.07
2024-03-15T05:27:00.000000000Z,10000,10000,0,0,0,0,3029.24
2024-03-15T05:28:00.000000000Z,10000,10000,0,0,0,0,3028.4
2024-03-15T05:29:00.000000000Z,10000,10000,0,0,0,0,3027.56
2024-03-15T05:30:00.000000000Z,10000,10000,0,0,0,0,3026.72
2024-03-15T05:31:00.000000000Z,10000,10000,0,0,0,0,3025.88
2024-03-15T05:32:00.000000000Z,10000,10000,0,0,0,0,3025.04
2024-03-15T05:33:00.000000000Z,10000,10000,0,0,0,0,3024.19
2024-03-15T05:34:00.000000000Z,10000,10000,0,0,0,0,3023.34
2024-03-15T05:35:00.000000000Z,10000,10000,0,0,0,0,3022.5
2024-03-15T05:36:00.000000000Z,10000,10000,0,0,0,0,3021.64
2024-03-15T05:37:00.000000000Z,10000,10000,0,0,0,0,3020.79
2024-03-15T05:38:00.000000000Z,10000,10000,0,0,0,0,3019.94
2024-03-15T05:39:00.000000000Z,10000,10000,0,0,0,0,3019.08
2024-03-15T05:40:00.000000000Z,10000,10000,0,0,0,0,3018.22
2024-03-15T05:41:00.000000000Z,10000,10000,0,0,0,0,3017.36
2024-03-15T05:42:00.000000000Z,10000,10000,0,0,0,0,3016.5
2024-03-15T05:43:00.000000000Z,10000,10000,0,0,0,0,3015.64
2024-03-15T05:44:00.000000000Z,10000,10000,0,0,0,0,3014.78
2024-03-15T05:45:00.000000000Z,10000,10000,0,0,0,0,3013.92
2024-03-15T05:46:00.000000000Z,10000,10000,0,0,0,0,3013.05
2024-03-15T05:47:00.000000000Z,10000,10000,0,0,0,0,3012.19
2024-03-15T05:48:00.000000000Z,10000,10000,0,0,0,0,3011.32
2024-03-15T05:49:00.000000000Z,10000,10000,0,0,0,0,3010.45
2024-03-15T05:50:00.000000000Z,10000,10000,0,0,0,0,3009.58
2024-03-15T05:51:00.000000000Z,10000,10000,0,0,0,0,3008.72
2024-03-15T05:52:00.000000000Z,10000,10000,0,0,0,0,3007.85
2024-03-15T05:53:00.000000000Z,10000,10000,0,0,0,0,3006.98
2024-03-15T05:54:00.000000000Z,10000,10000,0,0,0,0,3006.1
2024-03-15T05:55:00.000000000Z,10000,10000,0,0,0,0,3005.23
2024-03-15T05:56:00.000000000Z,10000,10000,0,0,0,0,3004.36
2024-03-15T05:57:00.000000000Z,10000,10000,0,0,0,0,3003.49
2024-03-15T05:58:00.000000000Z,10000,10000,0,0,0,0,3002.62
2024-03-15T05:59:00.000000000Z,10000,10000,0,0,0,0,3001.75
2024-03-15T06:00:00.000000000Z,10000,10000,0,0,0,0,3000.87
2024-03-15T06:01:00.000000000Z,10000,10000,0,0,0,0,3000
2024-03-15T06:02:00.000000000Z,10000,10000,0,0,0,0,2999.13
2024-03-15T06:03:00.000000000Z,10000,10000,0,0,0,0,2998.25
2024-03-15T06:04:00.000000000Z,10000,10000,0,0,0,0,2997.38
2024-03-15T06:05:00.000000000Z,10000,10000,0,0,0,0,2996.51
2024-03-15T06:06:00.000000000Z,10000,10000,0,0,0,0,2995.64
2024-03-15T06:07:00.000000000Z,10000,10000,0,0,0,0,2994.77
2024-03-15T06:08:00.000000000Z,10000,10000,0,0,0,0,2993.9
2024-03-15T06:09:00.000000000Z,10000,10000,0,0,0,0,2993.02
2024-03-15T06:10:00.000000000Z,10000,10000,0,0,0,0,2992.15
2024-03-15T06:11:00.000000000Z,10000,10000,0,0,0,0,2991.28
2024-03-15T06:12:00.000000000Z,10000,10000,0,0,0,0,2990.42
2024-03-15T06:13:00.000000000Z,10000,10000,0,0,0,0,2989.55
2024-03-15T06:14:00.000000000Z,10000,10000,0,0,0,0,2988.68
2024-03-15T06:15:00.000000000Z,10000,10000,0,0,0,0,2987.81
2024-03-15T06:16:00.000000000Z,10000,10000,0,0,0,0,2986.95
2024-03-15T06:17:00.000000000Z,10000,10000,0,0,0,0,2986.08
2024-03-15T06:18:00.000000000Z,10000,10000,0,0,0,0,2985.22
2024-03-15T06:19:00.000000000Z,10000,10000,0,0,0,0,2984.36
2024-03-15T06:20:00.000000000Z,10000,10000,0,0,0,0,2983.5
2024-03-15T06:21:00.000000000Z,10000,10000,0,0,0,0,2982.64
2024-03-15T06:22:00.000000000Z,10000,10000,0,0,0,0,2981.78
2024-03-15T06:23:00.000000000Z,10000,10000,0,0,0,0,2980.92
2024-03-15T06:24:00.000000000Z,10000,10000,0,0,0,0,2980.06
2024-03-15T06:25:00.000000000Z,10000,10000,0,0,0,0,2979.21
2024-03-15T06:26:00.000000000Z,10000,10000,0,0,0,0,2978.36
2024-03-15T06:27:00.000000000Z,10000,10000,0,0,0,0,2977.5
2024-03-15T06:28:00.000000000Z,10000,10000,0,0,0,0,2976.66
2024-03-15T06:29:00.000000000Z,10000,10000,0,0,0,0,2975.81
2024-03-15T06:30:00.000000000Z,10000,10000,0,0,0,0,2974.96
2024-03-15T06:31:00.000000000Z,10000,10000,0,0,0,0,2974.12
2024-03-15T06:32:00.000000000Z,10000,10000,0,0,0,0,2973.28
2024-03-15T06:33:00.000000000Z,10000,10000,0,0,0,0,2972.44
2024-03-15T06:34:00.000000000Z,10000,10000,0,0,0,0,2971.6
2024-03-15T06:35:00.000000000Z,10000,10000,0,0,0,0,2970.76
2024-03-15T06:36:00.000000000Z,10000,10000,0,0,0,0,2969.93
2024-03-15T06:37:00.000000000Z,10000,10000,0,0,0,0,2969.1
2024-03-15T06:38:00.000000000Z,10000,10000,0,0,0,0,2968.27
2024-03-15T06:39:00.000000000Z,10000,10000,0,0,0,0,2967.44
2024-03-15T06:40:00.000000000Z,10000,10000,0,0,0,0,2966.62
2024-03-15T06:41:00.000000000Z,10000,10000,0,0,0,0,2965.8
2024-03-15T06:42:00.000000000Z,10000,10000,0,0,0,0,2964.98
2024-03-15T06:43:00.000000000Z,10000,10000,0,0,0,0,2964.16
2024-03-15T06:44:00.000000000Z,10000,10000,0,0,0,0,2963.35
2024-03-15T06:45:00.000000000Z,10000,10000,0,0,0,0,2962.54
2024-03-15T06:46:00.000000000Z,10000,10000,0,0,0,0,2961.73
2024-03-15T06:47:00.000000000Z,10000,10000,0,0,0,0,2960.93
2024-03-15T06:48:00.000000000Z,10000,10000,0,0,0,0,2960.13
2024-03-15T06:49:00.000000000Z,10000,10000,0,0,0,0,2959.33
2024-03-15T06:50:00.000000000Z,10000,10000,0,0,0,0,2958.53
2024-03-15T06:51:00.000000000Z,10000,10000,0,0,0,0,2957.74
2024-03-15T06:52:00.000000000Z,10000,10000,0,0,0,0,2956.95
2024-03-15T06:53:00.000000000Z,10000,10000,0,0,0,0,2956.16
2024-03-15T06:54:00.000000000Z,10000,10000,0,0,0,0,2955.38
2024-03-15T06:55:00.000000000Z,10000,10000,0,0,0,0,2954.6
2024-03-15T06:56:00.000000000Z,10000,10000,0,0,0,0,2953.83
2024-03-15T06:57:00.000000000Z,10000,10000,0,0,0,0,2953.05
2024-03-15T06:58:00.000000000Z,10000,10000,0,0,0,0,2952.28
2024-03-15T06:59:00.000000000Z,10000,10000,0,0,0,0,2951.52
2024-03-15T07:00:00.000000000Z,10000,10000,0,0,0,0,2950.76
2024-03-15T07:01:00.000000000Z,10000,10000,0,0,0,0,2950
2024-03-15T07:02:00.000000000Z,10000,10000,0,0,0,0,2949.25
2024-03-15T07:03:00.000000000Z,10000,10000,0,0,0,0,2948.5
2024-03-15T07:04:00.000000000Z,10000,10000,0,0,0,0,2947.75
2024-03-15T07:05:00.000000000Z,10000,10000,0,0,0,0,2947.01
2024-03-15T07:06:00.000000000Z,10000,10000,0,0,0,0,2946.27
2024-03-15T07:07:00.000000000Z,10000,10000,0,0,0,0,2945.54
2024-03-15T07:08:00.000000000Z,10000,10000,0,0,0,0,2944.81
2024-03-15T07:09:00.000000000Z,10000,10000,0,0,0,0,2944.08
2024-03-15T07:10:00.000000000Z,10000,10000,0,0,0,0,2943.36
2024-03-15T07:11:00.000000000Z,10000,10000,0,0,0,0,2942.64
2024-03-15T07:12:00.000000000Z,10000,10000,0,0,0,0,2941.93
2024-03-15T07:13:00.000000000Z,10000,10000,0,0,0,0,2941.22
2024-03-15T07:14:00.000000000Z,10000,10000,0,0,0,0,2940.52
2024-03-15T07:15:00.000000000Z,10000,10000,0,0,0,0,2939.82
2024-03-15T07:16:00.000000000Z,10000,10000,0,0,0,0,2939.12
2024-03-15T07:17:00.000000000Z,10000,10000,0,0,0,0,2938.43
2024-03-15T07:18:00.000000000Z,10000,10000,0,0,0,0,2937.75
2024-03-15T07:19:00.000000000Z,10000,10000,0,0,0,0,2937.07
2024-03-15T07:20:00.000000000Z,10000,10000,0,0,0,0,2936.39
2024-03-15T07:21:00.000000000Z,10000,10000,0,0,0,0,2935.72
2024-03-15T07:22:00.000000000Z,10000,10000,0,0,0,0,2935.06
2024-03-15T07:23:00.000000000Z,10000,10000,0,0,0,0,2934.39
2024-03-15T07:24:00.000000000Z,10000,10000,0,0,0,0,2933.74
2024-03-15T07:25:00.000000000Z,10000,10000,0,0,0,0,2933.09
2024-03-15T07:26:00.000000000Z,10000,10000,0,0,0,0,2932.44
2024-03-15T07:27:00.000000000Z,10000,10000,0,0,0,0,2931.8
2024-03-15T07:28:00.000000000Z,10000,10000,0,0,0,0,2931.16
2024-03-15T07:29:00.000000000Z,10000,10000,0,0,0,0,2930.53
2024-03-15T07:30:00.000000000Z,10000,10000,0,0,0,0,2929.91
2024-03-15T07:31:00.000000000Z,10000,10000,0,0,0,0,2929.29
2024-03-15T07:32:00.000000000Z,10000,10000,0,0,0,0,2928.67
2024-03-15T07:33:00.000000000Z,10000,10000,0,0,0,0,2928.07
2024-03-15T07:34:00.000000000Z,10000,10000,0,0,0,0,2927.46
2024-03-15T07:35:00.000000000Z,10000,10000,0,0,0,0,2926.86
2024-03-15T07:36:00.000000000Z,10000,10000,0,0,0,0,2926.27
2024-03-15T07:37:00.000000000Z,10000,10000,0,0,0,0,2925.69
2024-03-15T07:38:00.000000000Z,10000,10000,0,0,0,0,2925.1
2024-03-15T07:39:00.000000000Z,10000,10000,0,0,0,0,2924.53
2024-03-15T07:40:00.000000000Z,10000,10000,0,0,0,0,2923.96
2024-03-15T07:41:00.000000000Z,10000,10000,0,0,0,0,2923.4
2024-03-15T07:42:00.000000000Z,10000,10000,0,0,0,0,2922.84
2024-03-15T07:43:00.000000000Z,10000,10000,0,0,0,0,2922.29
2024-03-15T07:44:00.000000000Z,10000,10000,0,0,0,0,2921.74
2024-03-15T07:45:00.000000000Z,10000,10000,0,0,0,0,2921.2
2024-03-15T07:46:00.000000000Z,10000,10000,0,0,0,0,2920.66
2024-03-15T07:47:00.000000000Z,10000,10000,0,0,0,0,2920.14
2024-03-15T07:48:00.000000000Z,10000,10000,0,0,0,0,2919.61
2024-03-15T07:49:00.000000000Z,10000,10000,0,0,0,0,2919.1
2024-03-15T07:50:00.000000000Z,10000,10000,0,0,0,0,2918.59
2024-03-15T07:51:00.000000000Z,10000,10000,0,0,0,0,2918.08
2024-03-15T07:52:00.000000000Z,10000,10000,0,0,0,0,2917.59
2024-03-15T07:53:00.000000000Z,10000,10000,0,0,0,0,2917.1
2024-03-15T07:54:00.000000000Z,10000,10000,0,0,0,0,2916.61
2024-03-15T07:55:00.000000000Z,10000,10000,0,0,0,0,2916.13
2024-03-15T07:56:00.000000000Z,10000,10000,0,0,0,0,2915.66
2024-03-15T07:57:00.000000000Z,10000,10000,0,0,0,0,2915.2
2024-03-15T07:58:00.000000000Z,10000,10000,0,0,0,0,2914.74
2024-03-15T07:59:00.000000000Z,10000,10000,0,0,0,0,2914.28
2024-03-15T08:00:00.000000000Z,10000,10000,0,0,0,0,2913.84
2024-03-15T08:01:00.000000000Z,10000,10000,0,0,0,0,2913.4
2024-03-15T08:02:00.000000000Z,10000,10000,0,0,0,0,2912.96
2024-03-15T08:03:00.000000000Z,10000,10000,0,0,0,0,2912.54
2024-03-15T08:04:00.000000000Z,10000,10000,0,0,0,0,2912.12
2024-03-15T08:05:00.000000000Z,10000,10000,0,0,0,0,2911.71
2024-03-15T08:06:00.000000000Z,10000,10000,0,0,0,0,2911.3
2024-03-15T08:07:00.000000000Z,10000,10000,0,0,0,0,2910.9
2024-03-15T08:08:00.000000000Z,10000,10000,0,0,0,0,2910.51
2024-03-15T08:09:00.000000000Z,10000,10000,0,0,0,0,2910.12
2024-03-15T08:10:00.000000000Z,10000,10000,0,0,0,0,2909.74
2024-03-15T08:11:00.000000000Z,10000,10000,0,0,0,0,2909.37
2024-03-15T08:12:00.000000000Z,10000,10000,0,0,0,0,2909
2024-03-15T08:13:00.000000000Z,10000,10000,0,0,0,0,2908.65
2024-03-15T08:14:00.000000000Z,10000,10000,0,0,0,0,2908.29
2024-03-15T08:15:00.000000000Z,10000,10000,0,0,0,0,2907.95
2024-03-15T08:16:00.000000000Z,10000,10000,0,0,0,0,2907.61
2024-03-15T08:17:00.000000000Z,10000,10000,0,0,0,0,2907.28
2024-03-15T08:18:00.000000000Z,10000,10000,0,0,0,0,2906.96
2024-03-15T08:19:00.000000000Z,10000,10000,0,0,0,0,2906.64
2024-03-15T08:20:00.000000000Z,10000,10000,0,0,0,0,2906.33
2024-03-15T08:21:00.000000000Z,10000,10000,0,0,0,0,2906.03
2024-03-15T08:22:00.000000000Z,10000,10000,0,0,0,0,2905.74
2024-03-15T08:23:00.000000000Z,10000,10000,0,0,0,0,2905.45
2024-03-15T08:24:00.000000000Z,10000,10000,0,0,0,0,2905.17
2024-03-15T08:25:00.000000000Z,10000,10000,0,0,0,0,2904.89
2024-03-15T08:26:00.000000000Z,10000,10000,0,0,0,0,2904.63
2024-03-15T08:27:00.000000000Z,10000,10000,0,0,0,0,2904.37
2024-03-15T08:28:00.000000000Z,10000,10000,0,0,0,0,2904.12
2024-03-15T08:29:00.000000000Z,10000,10000,0,0,0,0,2903.87
2024-03-15T08:30:00.000000000Z,10000,10000,0,0,0,0,2903.64
2024-03-15T08:31:00.000000000Z,10000,10000,0,0,0,0,2903.41
2024-03-15T08:32:00.000000000Z,10000,10000,0,0,0,0,2903.19
2024-03-15T08:33:00.000000000Z,10000,10000,0,0,0,0,2902.97
2024-03-15T08:34:00.000000000Z,10000,10000,0,0,0,0,2902.76
2024-03-15T08:35:00.000000000Z,10000,10000,0,0,0,0,2902.56
2024-03-15T08:36:00.000000000Z,10000,10000,0,0,0,0,2902.37
2024-03-15T08:37:00.000000000Z,10000,10000,0,0,0,0,2902.19
2024-03-15T08:38:00.000000000Z,10000,10000,0,0,0,0,2902.01
2024-03-15T08:39:00.000000000Z,10000,10000,0,0,0,0,2901.84
2024-03-15T08:40:00.000000000Z,10000,10000,0,0,0,0,2901.67
2024-03-15T08:41:00.000000000Z,10000,10000,0,0,0,0,2901.52
2024-03-15T08:42:00.000000000Z,10000,10000,0,0,0,0,2901.37
2024-03-15T08:43:00.000000000Z,10000,10000,0,0,0,0,2901.23
2024-03-15T08:44:00.000000000Z,10000,10000,0,0,0,0,2901.1
2024-03-15T08:45:00.000000000Z,10000,10000,0,0,0,0,2900.97
2024-03-15T08:46:00.000000000Z,10000,10000,0,0,0,0,2900.86
2024-03-15T08:47:00.000000000Z,10000,10000,0,0,0,0,2900.75
2024-03-15T08:48:00.000000000Z,10000,10000,0,0,0,0,2900.64
2024-03-15T08:49:00.000000000Z,10000,10000,0,0,0,0,2900.55
2024-03-15T08:50:00.000000000Z,10000,10000,0,0,0,0,2900.46
2024-03-15T08:51:00.000000000Z,10000,10000,0,0,0,0,2900.38
2024-03-15T08:52:00.000000000Z,10000,10000,0,0,0,0,2900.31
2024-03-15T08:53:00.000000000Z,10000,10000,0,0,0,0,2900.24
2024-03-15T08:54:00.000000000Z,10000,10000,0,0,0,0,2900.19
2024-03-15T08:55:00.000000000Z,10000,10000,0,0,0,0,2900.14
2024-03-15T08:56:00.000000000Z,10000,10000,0,0,0,0,2900.1
2024-03-15T08:57:00.000000000Z,10000,10000,0,0,0,0,2900.06
2024-03-15T08:58:00.000000000Z,10000,10000,0,0,0,0,2900.03
2024-03-15T08:59:00.000000000Z,10000,10000,0,0,0,0,2900.02
2024-03-15T09:00:00.000000000Z,10000,10000,0,0,0,0,2900
2024-03-15T09:01:00.000000000Z,10000,10000,0,0,0,0,2900
2024-03-15T09:02:00.000000000Z,10000,10000,0,0,0,0,2900
2024-03-15T09:03:00.000000000Z,10000,10000,0,0,0,0,2900.02
2024-03-15T09:04:00.000000000Z,10000,10000,0,0,0,0,2900.03
2024-03-15T09:05:00.000000000Z,10000,10000,0,0,0,0,2900.06
2024-03-15T09:06:00.000000000Z,10000,10000,0,0,0,0,2900.1
2024-03-15T09:07:00.000000000Z,10000,10000,0,0,0,0,2900.14
2024-03-15T09:08:00.000000000Z,10000,10000,0,0,0,0,2900.19
2024-03-15T09:09:00.000000000Z,10000,10000,0,0,0,0,2900.24
2024-03-15T09:10:00.000000000Z,10000,10000,0,0,0,0,2900.31
2024-03-15T09:11:00.000000000Z,10000,10000,0,0,0,0,2900.38
2024-03-15T09:12:00.000000000Z,10000,10000,0,0,0,0,2900.46
2024-03-15T09:13:00.000000000Z,10000,10000,0,0,0,0,2900.55
2024-03-15T09:14:00.000000000Z,10000,10000,0,0,0,0,2900.64
2024-03-15T09:15:00.000000000Z,10000,10000,0,0,0,0,2900.75
2024-03-15T09:16:00.000000000Z,10000,10000,0,0,0,0,2900.86
2024-03-15T09:17:00.000000000Z,10000,10000,0,0,0,0,2900.97
2024-03-15T09:18:00.000000000Z,10000,10000,0,0,0,0,2901.1
2024-03-15T09:19:00.000000000Z,10000,10000,0,0,0,0,2901.23
2024-03-15T09:20:00.000000000Z,10000,10000,0,0,0,0,2901.37
2024-03-15T09:21:00.000000000Z,10000,10000,0,0,0,0,2901.52
2024-03-15T09:22:00.000000000Z,10000,10000,0,0,0,0,2901.67
2024-03-15T09:23:00.000000000Z,10000,10000,0,0,0,0,2901.84
2024-03-15T09:24:00.000000000Z,10000,10000,0,0,0,0,2902.01
2024-03-15T09:25:00.000000000Z,10000,10000,0,0,0,0,2902.19
2024-03-15T09:26:00.000000000Z,10000,10000,0,0,0,0,2902.37
2024-03-15T09:27:00.000000000Z,10000,10000,0,0,0,0,2902.56
2024-03-15T09:28:00.000000000Z,10000,10000,0,0,0,0,2902.76
2024-03-15T09:29:00.000000000Z,10000,10000,0,0,0,0,2902.97
2024-03-15T09:30:00.000000000Z,10000,10000,0,0,0,0,2903.19
2024-03-15T09:31:00.000000000Z,10000,10000,0,0,0,0,2903.41
2024-03-15T09:32:00.000000000Z,10000,10000,0,0,0,0,2903.64
2024-03-15T09:33:00.000000000Z,10000,10000,0,0,0,0,2903.87
2024-03-15T09:34:00.000000000Z,10000,10000,0,0,0,0,2904.12
2024-03-15T09:35:00.000000000Z,10000,10000,0,0,0,0,2904.37
2024-03-15T09:36:00.000000000Z,10000,10000,0,0,0,0,2904.63
2024-03-15T09:37:00.000000000Z,10000,10000,0,0,0,0,2904.89
2024-03-15T09:38:00.000000000Z,10000,10000,0,0,0,0,2905.17
2024-03-15T09:39:00.000000000Z,10000,10000,0,0,0,0,2905.45
2024-03-15T09:40:00.000000000Z,10000,10000,0,0,0,0,2905.74
2024-03-15T09:41:00.000000000Z,10000,10000,0,0,0,0,2906.03
2024-03-15T09:42:00.000000000Z,10000,10000,0,0,0,0,2906.33
2024-03-15T09:43:00.000000000Z,10000,10000,0,0,0,0,2906.64
2024-03-15T09:44:00.000000000Z,10000,10000,0,0,0,0,2906.96
2024-03-15T09:45:00.000000000Z,10000,10000,0,0,0,0,2907.28
2024-03-15T09:46:00.000000000Z,10000,10000,0,0,0,0,2907.61
2024-03-15T09:47:00.000000000Z,10000,10000,0,0,0,0,2907.95
2024-03-15T09:48:00.000000000Z,10000,10000,0,0,0,0,2908.29
2024-03-15T09:49:00.000000000Z,10000,10000,0,0,0,0,2908.65
2024-03-15T09:50:00.000000000Z,10000,10000,0,0,0,0,2909
2024-03-15T09:51:00.000000000Z,10000,10000,0,0,0,0,2909.37
2024-03-15T09:52:00.000000000Z,10000,10000,0,0,0,0,2909.74
2024-03-15T09:53:00.000000000Z,10000,10000,0,0,0,0,2910.12
2024-03-15T09:54:00.000000000Z,10000,10000,0,0,0,0,2910.51
2024-03-15T09:55:00.000000000Z,10000,10000,0,0,0,0,2910.9
2024-03-15T09:56:00.000000000Z,10000,10000,0,0,0,0,2911.3
2024-03-15T09:57:00.000000000Z,10000,10000,0,0,0,0,2911.71
2024-03-15T09:58:00.000000000Z,10000,10000,0,0,0,0,2912.12
2024-03-15T09:59:00.000000000Z,10000,10000,0,0,0,0,2912.54
2024-03-15T10:00:00.000000000Z,10000,10000,0,0,0,0,2912.96
2024-03-15T10:01:00.000000000Z,10000,10000,0,0,0,0,2913.4
2024-03-15T10:02:00.000000000Z,10000,10000,0,0,0,0,2913.84
2024-03-15T10:03:00.000000000Z,10000,10000,0,0,0,0,2914.28
2024-03-15T10:04:00.000000000Z,10000,10000,0,0,0,0,2914.74
2024-03-15T10:05:00.000000000Z,10000,10000,0,0,0,0,2915.2
2024-03-15T10:06:00.000000000Z,10000,10000,0,0,0,0,2915.66
2024-03-15T10:07:00.000000000Z,10000,10000,0,0,0,0,2916.13
2024-03-15T10:08:00.000000000Z,10000,10000,0,0,0,0,2916.61
2024-03-15T10:09:00.000000000Z,10000,10000,0,0,0,0,2917.1
2024-03-15T10:10:00.000000000Z,10000,10000,0,0,0,0,2917.59
2024-03-15T10:11:00.000000000Z,10000,10000,0,0,0,0,2918.08
2024-03-15T10:12:00.000000000Z,10000,10000,0,0,0,0,2918.59
2024-03-15T10:13:00.000000000Z,10000,10000,0,0,0,0,2919.1
2024-03-15T10:14:00.000000000Z,10000,10000,0,0,0,0,2919.61
2024-03-15T10:15:00.000000000Z,10000,10000,0,0,0,0,2920.14
2024-03-15T10:16:00.000000000Z,9996.56883,7075.90883,-2.92117,-0.51,2.92117,1,2920.66
2024-03-15T10:17:00.000000000Z,9997.10883,7075.90883,-2.92117,0.03,2.92117,1,2921.2
2024-03-15T10:18:00.000000000Z,9997.64883,7075.90883,-2.92117,0.57,2.92117,1,2921.74
2024-03-15T10:19:00.000000000Z,9998.19883,7075.90883,-2.92117,1.12,2.92117,1,2922.29
2024-03-15T10:20:00.000000000Z,9998.74883,7075.90883,-2.92117,1.67,2.92117,1,2922.84
2024-03-15T10:21:00.000000000Z,9999.30883,7075.90883,-2.92117,2.23,2.92117,1,2923.4
2024-03-15T10:22:00.000000000Z,9999.86883,7075.90883,-2.92117,2.79,2.92117,1,2923.96
2024-03-15T10:23:00.000000000Z,10000.43883,7075.90883,-2.92117,3.36,2.92117,1,2924.53
2024-03-15T10:24:00.000000000Z,10001.00883,7075.90883,-2.92117,3.93,2.92117,1,2925.1
2024-03-15T10:25:00.000000000Z,10001.59883,7075.90883,-2.92117,4.52,2.92117,1,2925.69
2024-03-15T10:26:00.000000000Z,10002.17883,7075.90883,-2.92117,5.1,2.92117,1,2926.27
2024-03-15T10:27:00.000000000Z,10002.76883,7075.90883,-2.92117,5.69,2.92117,1,2926.86
2024-03-15T10:28:00.000000000Z,10003.36883,7075.90883,-2.92117,6.29,2.92117,1,2927.46
2024-03-15T10:29:00.000000000Z,10003.97883,7075.90883,-2.92117,6.9,2.92117,1,2928.07
2024-03-15T10:30:00.000000000Z,10004.57883,7075.90883,-2.92117,7.5,2.92117,1,2928.67
2024-03-15T10:31:00.000000000Z,10005.19883,7075.90883,-2.92117,8.12,2.92117,1,2929.29
2024-03-15T10:32:00.000000000Z,10005.81883,7075.90883,-2.92117,8.74,2.92117,1,2929.91
2024-03-15T10:33:00.000000000Z,10006.43883,7075.90883,-2.92117,9.36,2.92117,1,2930.53
2024-03-15T10:34:00.000000000Z,10007.06883,7075.90883,-2.92117,9.99,2.92117,1,2931.16
2024-03-15T10:35:00.000000000Z,10007.70883,7075.90883,-2.92117,10.63,2.92117,1,2931.8
2024-03-15T10:36:00.000000000Z,10008.34883,7075.90883,-2.92117,11.27,2.92117,1,2932.44
2024-03-15T10:37:00.000000000Z,10008.99883,7075.90883,-2.92117,11.92,2.92117,1,2933.09
2024-03-15T10:38:00.000000000Z,10009.64883,7075.90883,-2.92117,12.57,2.92117,1,2933.74
2024-03-15T10:39:00.000000000Z,10010.29883,7075.90883,-2.92117,13.22,2.92117,1,2934.39
2024-03-15T10:40:00.000000000Z,10010.96883,7075.90883,-2.92117,13.89,2.92117,1,2935.06
2024-03-15T10:41:00.000000000Z,10011.62883,7075.90883,-2.92117,14.55,2.92117,1,2935.72
2024-03-15T10:42:00.000000000Z,10012.29883,7075.90883,-2.92117,15.22,2.92117,1,2936.39
2024-03-15T10:43:00.000000000Z,10012.97883,7075.90883,-2.92117,15.9,2.92117,1,2937.07
2024-03-15T10:44:00.000000000Z,10013.65883,7075.90883,-2.92117,16.58,2.92117,1,2937.75
2024-03-15T10:45:00.000000000Z,10014.33883,7075.90883,-2.92117,17.26,2.92117,1,2938.43
2024-03-15T10:46:00.000000000Z,10015.02883,7075.90883,-2.92117,17.95,2.92117,1,2939.12
2024-03-15T10:47:00.000000000Z,10015.72883,7075.90883,-2.92117,18.65,2.92117,1,2939.82
2024-03-15T10:48:00.000000000Z,10016.42883,7075.90883,-2.92117,19.35,2.92117,1,2940.52
2024-03-15T10:49:00.000000000Z,10017.12883,7075.90883,-2.92117,20.05,2.92117,1,2941.22
2024-03-15T10:50:00.000000000Z,10017.83883,7075.90883,-2.92117,20.76,2.92117,1,2941.93
2024-03-15T10:51:00.000000000Z,10018.54883,7075.90883,-2.92117,21.47,2.92117,1,2942.64
2024-03-15T10:52:00.000000000Z,10019.26883,7075.90883,-2.92117,22.19,2.92117,1,2943.36
2024-03-15T10:53:00.000000000Z,10019.98883,7075.90883,-2.92117,22.91,2.92117,1,2944.08
2024-03-15T10:54:00.000000000Z,10020.71883,7075.90883,-2.92117,23.64,2.92117,1,2944.81
2024-03-15T10:55:00.000000000Z,10021.44883,7075.90883,-2.92117,24.37,2.92117,1,2945.54
2024-03-15T10:56:00.000000000Z,10022.17883,7075.90883,-2.92117,25.1,2.92117,1,2946.27
2024-03-15T10:57:00.000000000Z,10022.91883,7075.90883,-2.92117,25.84,2.92117,1,2947.01
2024-03-15T10:58:00.000000000Z,10023.65883,7075.90883,-2.92117,26.58,2.92117,1,2947.75
2024-03-15T10:59:00.000000000Z,10024.40883,7075.90883,-2.92117,27.33,2.92117,1,2948.5
2024-03-15T11:00:00.000000000Z,10025.15883,7075.90883,-2.92117,28.08,2.92117,1,2949.25
2024-03-15T11:01:00.000000000Z,10025.90883,7075.90883,-2.92117,28.83,2.92117,1,2950
2024-03-15T11:02:00.000000000Z,10026.66883,7075.90883,-2.92117,29.59,2.92117,1,2950.76
2024-03-15T11:03:00.000000000Z,10027.42883,7075.90883,-2.92117,30.35,2.92117,1,2951.52
2024-03-15T11:04:00.000000000Z,10028.18883,7075.90883,-2.92117,31.11,2.92117,1,2952.28
2024-03-15T11:05:00.000000000Z,10028.95883,7075.90883,-2.92117,31.88,2.92117,1,2953.05
2024-03-15T11:06:00.000000000Z,10029.73883,7075.90883,-2.92117,32.66,2.92117,1,2953.83
2024-03-15T11:07:00.000000000Z,10030.50883,7075.90883,-2.92117,33.43,2.92117,1,2954.6
2024-03-15T11:08:00.000000000Z,10031.28883,7075.90883,-2.92117,34.21,2.92117,1,2955.38
2024-03-15T11:09:00.000000000Z,10032.06883,7075.90883,-2.92117,34.99,2.92117,1,2956.16
2024-03-15T11:10:00.000000000Z,10032.85883,7075.90883,-2.92117,35.78,2.92117,1,2956.95
2024-03-15T11:11:00.000000000Z,10033.64883,7075.90883,-2.92117,36.57,2.92117,1,2957.74
2024-03-15T11:12:00.000000000Z,10034.43883,7075.90883,-2.92117,37.36,2.92117,1,2958.53
2024-03-15T11:13:00.000000000Z,10035.23883,7075.90883,-2.92117,38.16,2.92117,1,2959.33
2024-03-15T11:14:00.000000000Z,10036.03883,7075.90883,-2.92117,38.96,2.92117,1,2960.13
2024-03-15T11:15:00.000000000Z,10036.83883,7075.90883,-2.92117,39.76,2.92117,1,2960.93
2024-03-15T11:16:00.000000000Z,10037.63883,7075.90883,-2.92117,40.56,2.92117,1,2961.73
2024-03-15T11:17:00.000000000Z,10038.44883,7075.90883,-2.92117,41.37,2.92117,1,2962.54
2024-03-15T11:18:00.000000000Z,10039.25883,7075.90883,-2.92117,42.18,2.92117,1,2963.35
2024-03-15T11:19:00.000000000Z,10040.06883,7075.90883,-2.92117,42.99,2.92117,1,2964.16
2024-03-15T11:20:00.000000000Z,10040.88883,7075.90883,-2.92117,43.81,2.92117,1,2964.98
2024-03-15T11:21:00.000000000Z,10041.70883,7075.90883,-2.92117,44.63,2.92117,1,2965.8
2024-03-15T11:22:00.000000000Z,10042.52883,7075.90883,-2.92117,45.45,2.92117,1,2966.62
2024-03-15T11:23:00.000000000Z,10043.34883,7075.90883,-2.92117,46.27,2.92117,1,2967.44
2024-03-15T11:24:00.000000000Z,10044.17883,7075.90883,-2.92117,47.1,2.92117,1,2968.27
2024-03-15T11:25:00.000000000Z,10045.00883,7075.90883,-2.92117,47.93,2.92117,1,2969.1
2024-03-15T11:26:00.000000000Z,10045.83883,7075.90883,-2.92117,48.76,2.92117,1,2969.93
2024-03-15T11:27:00.000000000Z,10046.66883,7075.90883,-2.92117,49.59,2.92117,1,2970.76
2024-03-15T11:28:00.000000000Z,10047.50883,7075.90883,-2.92117,50.43,2.92117,1,2971.6
2024-03-15T11:29:00.000000000Z,10048.34883,7075.90883,-2.92117,51.27,2.92117,1,2972.44
2024-03-15T11:30:00.000000000Z,10049.18883,7075.90883,-2.92117,52.11,2.92117,1,2973.28
2024-03-15T11:31:00.000000000Z,10050.02883,7075.90883,-2.92117,52.95,2.92117,1,2974.12
2024-03-15T11:32:00.000000000Z,10050.86883,7075.90883,-2.92117,53.79,2.92117,1,2974.96
2024-03-15T11:33:00.000000000Z,10051.71883,7075.90883,-2.92117,54.64,2.92117,1,2975.81
2024-03-15T11:34:00.000000000Z,10052.56883,7075.90883,-2.92117,55.49,2.92117,1,2976.66
2024-03-15T11:35:00.000000000Z,10053.40883,7075.90883,-2.92117,56.33,2.92117,1,2977.5
2024-03-15T11:36:00.000000000Z,10054.26883,7075.90883,-2.92117,57.19,2.92117,1,2978.36
2024-03-15T11:37:00.000000000Z,10055.11883,7075.90883,-2.92117,58.04,2.92117,1,2979.21
2024-03-15T11:38:00.000000000Z,10055.96883,7075.90883,-2.92117,58.89,2.92117,1,2980.06
2024-03-15T11:39:00.000000000Z,10056.82883,7075.90883,-2.92117,59.75,2.92117,1,2980.92
2024-03-15T11:40:00.000000000Z,10057.68883,7075.90883,-2.92117,60.61,2.92117,1,2981.78
2024-03-15T11:41:00.000000000Z,10058.54883,7075.90883,-2.92117,61.47,2.92117,1,2982.64
2024-03-15T11:42:00.000000000Z,10059.40883,7075.90883,-2.92117,62.33,2.92117,1,2983.5
2024-03-15T11:43:00.000000000Z,10060.26883,7075.90883,-2.92117,63.19,2.92117,1,2984.36
2024-03-15T11:44:00.000000000Z,10061.12883,7075.90883,-2.92117,64.05,2.92117,1,2985.22
2024-03-15T11:45:00.000000000Z,10061.98883,7075.90883,-2.92117,64.91,2.92117,1,2986.08
2024-03-15T11:46:00.000000000Z,10062.85883,7075.90883,-2.92117,65.78,2.92117,1,2986.95
2024-03-15T11:47:00.000000000Z,10063.71883,7075.90883,-2.92117,66.64,2.92117,1,2987.81
2024-03-15T11:48:00.000000000Z,10064.58883,7075.90883,-2.92117,67.51,2.92117,1,2988.68
2024-03-15T11:49:00.000000000Z,10065.45883,7075.90883,-2.92117,68.38,2.92117,1,2989.55
2024-03-15T11:50:00.000000000Z,10066.32883,7075.90883,-2.92117,69.25,2.92117,1,2990.42
2024-03-15T11:51:00.000000000Z,10067.18883,7075.90883,-2.92117,70.11,2.92117,1,2991.28
2024-03-15T11:52:00.000000000Z,10068.05883,7075.90883,-2.92117,70.98,2.92117,1,2992.15
2024-03-15T11:53:00.000000000Z,10068.92883,7075.90883,-2.92117,71.85,2.92117,1,2993.02
2024-03-15T11:54:00.000000000Z,10069.80883,7075.90883,-2.92117,72.73,2.92117,1,2993.9
2024-03-15T11:55:00.000000000Z,10070.67883,7075.90883,-2.92117,73.6,2.92117,1,2994.77
2024-03-15T11:56:00.000000000Z,10071.54883,7075.90883,-2.92117,74.47,2.92117,1,2995.64
2024-03-15T11:57:00.000000000Z,10072.41883,7075.90883,-2.92117,75.34,2.92117,1,2996.51
2024-03-15T11:58:00.000000000Z,10073.28883,7075.90883,-2.92117,76.21,2.92117,1,2997.38
2024-03-15T11:59:00.000000000Z,10074.15883,7075.90883,-2.92117,77.08,2.92117,1,2998.25
2024-03-15T12:00:00.000000000Z,10075.03883,7075.90883,-2.92117,77.96,2.92117,1,2999.13
2024-03-15T12:01:00.000000000Z,10075.90883,7075.90883,-2.92117,78.83,2.92117,1,3000
2024-03-15T12:02:00.000000000Z,10076.77883,7075.90883,-2.92117,79.7,2.92117,1,3000.87
2024-03-15T12:03:00.000000000Z,10077.65883,7075.90883,-2.92117,80.58,2.92117,1,3001.75
2024-03-15T12:04:00.000000000Z,10078.52883,7075.90883,-2.92117,81.45,2.92117,1,3002.62
2024-03-15T12:05:00.000000000Z,10079.39883,7075.90883,-2.92117,82.32,2.92117,1,3003.49
2024-03-15T12:06:00.000000000Z,10080.26883,7075.90883,-2.92117,83.19,2.92117,1,3004.36
2024-03-15T12:07:00.000000000Z,10081.13883,7075.90883,-2.92117,84.06,2.92117,1,3005.23
2024-03-15T12:08:00.000000000Z,10082.00883,7075.90883,-2.92117,84.93,2.92117,1,3006.1
2024-03-15T12:09:00.000000000Z,10082.88883,7075.90883,-2.92117,85.81,2.92117,1,3006.98
2024-03-15T12:10:00.000000000Z,10083.75883,7075.90883,-2.92117,86.68,2.92117,1,3007.85
2024-03-15T12:11:00.000000000Z,10084.62883,7075.90883,-2.92117,87.55,2.92117,1,3008.72
2024-03-15T12:12:00.000000000Z,10085.48883,7075.90883,-2.92117,88.41,2.92117,1,3009.58
2024-03-15T12:13:00.000000000Z,10086.35883,7075.90883,-2.92117,89.28,2.92117,1,3010.45
2024-03-15T12:14:00.000000000Z,10087.22883,7075.90883,-2.92117,90.15,2.92117,1,3011.32
2024-03-15T12:15:00.000000000Z,10088.09883,7075.90883,-2.92117,91.02,2.92117,1,3012.19
2024-03-15T12:16:00.000000000Z,10088.95883,7075.90883,-2.92117,91.88,2.92117,1,3013.05
2024-03-15T12:17:00.000000000Z,10089.82883,7075.90883,-2.92117,92.75,2.92117,1,3013.92
2024-03-15T12:18:00.000000000Z,10090.68883,7075.90883,-2.92117,93.61,2.92117,1,3014.78
2024-03-15T12:19:00.000000000Z,10091.54883,7075.90883,-2.92117,94.47,2.92117,1,3015.64
2024-03-15T12:20:00.000000000Z,10092.40883,7075.90883,-2.92117,95.33,2.92117,1,3016.5
2024-03-15T12:21:00.000000000Z,10093.26883,7075.90883,-2.92117,96.19,2.92117,1,3017.36
2024-03-15T12:22:00.000000000Z,10094.12883,7075.90883,-2.92117,97.05,2.92117,1,3018.22
2024-03-15T12:23:00.000000000Z,10094.98883,7075.90883,-2.92117,97.91,2.92117,1,3019.08
2024-03-15T12:24:00.000000000Z,10095.84883,7075.90883,-2.92117,98.77,2.92117,1,3019.94
2024-03-15T12:25:00.000000000Z,10096.69883,7075.90883,-2.92117,99.62,2.92117,1,3020.79
2024-03-15T12:26:00.000000000Z,10097.54883,7075.90883,-2.92117,100.47,2.92117,1,3021.64
2024-03-15T12:27:00.000000000Z,10098.40883,7075.90883,-2.92117,101.33,2.92117,1,3022.5
2024-03-15T12:28:00.000000000Z,10099.24883,7075.90883,-2.92117,102.17,2.92117,1,3023.34
2024-03-15T12:29:00.000000000Z,10100.09883,7075.90883,-2.92117,103.02,2.92117,1,3024.19
2024-03-15T12:30:00.000000000Z,10100.94883,7075.90883,-2.92117,103.87,2.92117,1,3025.04
2024-03-15T12:31:00.000000000Z,10101.78883,7075.90883,-2.92117,104.71,2.92117,1,3025.88
2024-03-15T12:32:00.000000000Z,10102.62883,7075.90883,-2.92117,105.55,2.92117,1,3026.72
2024-03-15T12:33:00.000000000Z,10103.46883,7075.90883,-2.92117,106.39,2.92117,1,3027.56
2024-03-15T12:34:00.000000000Z,10104.30883,7075.90883,-2.92117,107.23,2.92117,1,3028.4
2024-03-15T12:35:00.000000000Z,10105.14883,7075.90883,-2.92117,108.07,2.92117,1,3029.24
2024-03-15T12:36:00.000000000Z,10105.97883,7075.90883,-2.92117,108.9,2.92117,1,3030.07
2024-03-15T12:37:00.000000000Z,10106.80883,7075.90883,-2.92117,109.73,2.92117,1,3030.9
2024-03-15T12:38:00.000000000Z,10107.63883,7075.90883,-2.92117,110.56,2.92117,1,3031.73
2024-03-15T12:39:00.000000000Z,10108.46883,7075.90883,-2.92117,111.39,2.92117,1,3032.56
2024-03-15T12:40:00.000000000Z,10109.28883,7075.90883,-2.92117,112.21,2.92117,1,3033.38
2024-03-15T12:41:00.000000000Z,10110.10883,7075.90883,-2.92117,113.03,2.92117,1,3034.2
2024-03-15T12:42:00.000000000Z,10110.92883,7075.90883,-2.92117,113.85,2.92117,1,3035.02
2024-03-15T12:43:00.000000000Z,10111.74883,7075.90883,-2.92117,114.67,2.92117,1,3035.84
2024-03-15T12:44:00.000000000Z,10112.55883,7075.90883,-2.92117,115.48,2.92117,1,3036.65
2024-03-15T12:45:00.000000000Z,10113.36883,7075.90883,-2.92117,116.29,2.92117,1,3037.46
2024-03-15T12:46:00.000000000Z,10114.17883,7075.90883,-2.92117,117.1,2.92117,1,3038.27
2024-03-15T12:47:00.000000000Z,10114.97883,7075.90883,-2.92117,117.9,2.92117,1,3039.07
2024-03-15T12:48:00.000000000Z,10115.77883,7075.90883,-2.92117,118.7,2.92117,1,3039.87
2024-03-15T12:49:00.000000000Z,10116.57883,7075.90883,-2.92117,119.5,2.92117,1,3040.67
2024-03-15T12:50:00.000000000Z,10117.37883,7075.90883,-2.92117,120.3,2.92117,1,3041.47
2024-03-15T12:51:00.000000000Z,10118.16883,7075.90883,-2.92117,121.09,2.92117,1,3042.26
2024-03-15T12:52:00.000000000Z,10118.95883,7075.90883,-2.92117,121.88,2.92117,1,3043.05
2024-03-15T12:53:00.000000000Z,10119.74883,7075.90883,-2.92117,122.67,2.92117,1,3043.84
2024-03-15T12:54:00.000000000Z,10120.52883,7075.90883,-2.92117,123.45,2.92117,1,3044.62
2024-03-15T12:55:00.000000000Z,10121.30883,7075.90883,-2.92117,124.23,2.92117,1,3045.4
2024-03-15T12:56:00.000000000Z,10122.07883,7075.90883,-2.92117,125,2.92117,1,3046.17
2024-03-15T12:57:00.000000000Z,10122.85883,7075.90883,-2.92117,125.78,2.92117,1,3046.95
2024-03-15T12:58:00.000000000Z,10123.62883,7075.90883,-2.92117,126.55,2.92117,1,3047.72
2024-03-15T12:59:00.000000000Z,10124.38883,7075.90883,-2.92117,127.31,2.92117,1,3048.48
2024-03-15T13:00:00.000000000Z,10125.14883,7075.90883,-2.92117,128.07,2.92117,1,3049.24
2024-03-15T13:01:00.000000000Z,10125.90883,7075.90883,-2.92117,128.83,2.92117,1,3050
2024-03-15T13:02:00.000000000Z,10126.65883,7075.90883,-2.92117,129.58,2.92117,1,3050.75
2024-03-15T13:03:00.000000000Z,10127.40883,7075.90883,-2.92117,130.33,2.92117,1,3051.5
2024-03-15T13:04:00.000000000Z,10128.15883,7075.90883,-2.92117,131.08,2.92117,1,3052.25
2024-03-15T13:05:00.000000000Z,10128.89883,7075.90883,-2.92117,131.82,2.92117,1,3052.99
2024-03-15T13:06:00.000000000Z,10129.63883,7075.90883,-2.92117,132.56,2.92117,1,3053.73
2024-03-15T13:07:00.000000000Z,10130.36883,7075.90883,-2.92117,133.29,2.92117,1,3054.46
2024-03-15T13:08:00.000000000Z,10131.09883,7075.90883,-2.92117,134.02,2.92117,1,3055.19
2024-03-15T13:09:00.000000000Z,10131.82883,7075.90883,-2.92117,134.75,2.92117,1,3055.92
2024-03-15T13:10:00.000000000Z,10132.54883,7075.90883,-2.92117,135.47,2.92117,1,3056.64
2024-03-15T13:11:00.000000000Z,10133.26883,7075.90883,-2.92117,136.19,2.92117,1,3057.36
2024-03-15T13:12:00.000000000Z,10133.97883,7075.90883,-2.92117,136.9,2.92117,1,3058.07
2024-03-15T13:13:00.000000000Z,10134.68883,7075.90883,-2.92117,137.61,2.92117,1,3058.78
2024-03-15T13:14:00.000000000Z,10135.38883,7075.90883,-2.92117,138.31,2.92117,1,3059.48
2024-03-15T13:15:00.000000000Z,10136.08883,7075.90883,-2.92117,139.01,2.92117,1,3060.18
2024-03-15T13:16:00.000000000Z,10136.78883,7075.90883,-2.92117,139.71,2.92117,1,3060.88
2024-03-15T13:17:00.000000000Z,10137.47883,7075.90883,-2.92117,140.4,2.92117,1,3061.57
2024-03-15T13:18:00.000000000Z,10138.15883,7075.90883,-2.92117,141.08,2.92117,1,3062.25
2024-03-15T13:19:00.000000000Z,10138.83883,7075.90883,-2.92117,141.76,2.92117,1,3062.93
2024-03-15T13:20:00.000000000Z,10139.51883,7075.90883,-2.92117,142.44,2.92117,1,3063.61
2024-03-15T13:21:00.000000000Z,10140.18883,7075.90883,-2.92117,143.11,2.92117,1,3064.28
2024-03-15T13:22:00.000000000Z,10140.84883,7075.90883,-2.92117,143.77,2.92117,1,3064.94
2024-03-15T13:23:00.000000000Z,10141.51883,7075.90883,-2.92117,144.44,2.92117,1,3065.61
2024-03-15T13:24:00.000000000Z,10142.16883,7075.90883,-2.92117,145.09,2.92117,1,3066.26
2024-03-15T13:25:00.000000000Z,10142.81883,7075.90883,-2.92117,145.74,2.92117,1,3066.91
2024-03-15T13:26:00.000000000Z,10143.46883,7075.90883,-2.92117,146.39,2.92117,1,3067.56
2024-03-15T13:27:00.000000000Z,10144.10883,7075.90883,-2.92117,147.03,2.92117,1,3068.2
2024-03-15T13:28:00.000000000Z,10144.74883,7075.90883,-2.92117,147.67,2.92117,1,3068.84
2024-03-15T13:29:00.000000000Z,10145.37883,7075.90883,-2.92117,148.3,2.92117,1,3069.47
2024-03-15T13:30:00.000000000Z,10145.99883,7075.90883,-2.92117,148.92,2.92117,1,3070.09
2024-03-15T13:31:00.000000000Z,10146.61883,7075.90883,-2.92117,149.54,2.92117,1,3070.71
2024-03-15T13:32:00.000000000Z,10147.23883,7075.90883,-2.92117,150.16,2.92117,1,3071.33
2024-03-15T13:33:00.000000000Z,10147.83883,7075.90883,-2.92117,150.76,2.92117,1,3071.93
2024-03-15T13:34:00.000000000Z,10148.44883,7075.90883,-2.92117,151.37,2.92117,1,3072.54
2024-03-15T13:35:00.000000000Z,10149.04883,7075.90883,-2.92117,151.97,2.92117,1,3073.14
2024-03-15T13:36:00.000000000Z,10149.63883,7075.90883,-2.92117,152.56,2.92117,1,3073.73
2024-03-15T13:37:00.000000000Z,10150.21883,7075.90883,-2.92117,153.14,2.92117,1,3074.31
2024-03-15T13:38:00.000000000Z,10150.80883,7075.90883,-2.92117,153.73,2.92117,1,3074.9
2024-03-15T13:39:00.000000000Z,10151.37883,7075.90883,-2.92117,154.3,2.92117,1,3075.47
2024-03-15T13:40:00.000000000Z,10151.94883,7075.90883,-2.92117,154.87,2.92117,1,3076.04
2024-03-15T13:41:00.000000000Z,10152.50883,7075.90883,-2.92117,155.43,2.92117,1,3076.6
2024-03-15T13:42:00.000000000Z,10153.06883,7075.90883,-2.92117,155.99,2.92117,1,3077.16
2024-03-15T13:43:00.000000000Z,10153.61883,7075.90883,-2.92117,156.54,2.92117,1,3077.71
2024-03-15T13:44:00.000000000Z,10154.16883,7075.90883,-2.92117,157.09,2.92117,1,3078.26
2024-03-15T13:45:00.000000000Z,10154.70883,7075.90883,-2.92117,157.63,2.92117,1,3078.8
2024-03-15T13:46:00.000000000Z,10155.24883,7075.90883,-2.92117,158.17,2.92117,1,3079.34
2024-03-15T13:47:00.000000000Z,10155.76883,7075.90883,-2.92117,158.69,2.92117,1,3079.86
2024-03-15T13:48:00.000000000Z,10156.29883,7075.90883,-2.92117,159.22,2.92117,1,3080.39
2024-03-15T13:49:00.000000000Z,10156.80883,7075.90883,-2.92117,159.73,2.92117,1,3080.9
2024-03-15T13:50:00.000000000Z,10157.31883,7075.90883,-2.92117,160.24,2.92117,1,3081.41
2024-03-15T13:51:00.000000000Z,10157.82883,7075.90883,-2.92117,160.75,2.92117,1,3081.92
2024-03-15T13:52:00.000000000Z,10158.31883,7075.90883,-2.92117,161.24,2.92117,1,3082.41
2024-03-15T13:53:00.000000000Z,10158.80883,7075.90883,-2.92117,161.73,2.92117,1,3082.9
2024-03-15T13:54:00.000000000Z,10159.29883,7075.90883,-2.92117,162.22,2.92117,1,3083.39
2024-03-15T13:55:00.000000000Z,10159.77883,7075.90883,-2.92117,162.7,2.92117,1,3083.87
2024-03-15T13:56:00.000000000Z,10160.24883,7075.90883,-2.92117,163.17,2.92117,1,3084.34
2024-03-15T13:57:00.000000000Z,10160.70883,7075.90883,-2.92117,163.63,2.92117,1,3084.8
2024-03-15T13:58:00.000000000Z,10161.16883,7075.90883,-2.92117,164.09,2.92117,1,3085.26
2024-03-15T13:59:00.000000000Z,10161.62883,7075.90883,-2.92117,164.55,2.92117,1,3085.72
2024-03-15T14:00:00.000000000Z,10162.06883,7075.90883,-2.92117,164.99,2.92117,1,3086.16
2024-03-15T14:01:00.000000000Z,10162.50883,7075.90883,-2.92117,165.43,2.92117,1,3086.6
2024-03-15T14:02:00.000000000Z,10162.94883,7075.90883,-2.92117,165.87,2.92117,1,3087.04
2024-03-15T14:03:00.000000000Z,10163.36883,7075.90883,-2.92117,166.29,2.92117,1,3087.46
2024-03-15T14:04:00.000000000Z,10163.78883,7075.90883,-2.92117,166.71,2.92117,1,3087.88
2024-03-15T14:05:00.000000000Z,10164.19883,7075.90883,-2.92117,167.12,2.92117,1,3088.29
2024-03-15T14:06:00.000000000Z,10164.60883,7075.90883,-2.92117,167.53,2.92117,1,3088.7
2024-03-15T14:07:00.000000000Z,10165.00883,7075.90883,-2.92117,167.93,2.92117,1,3089.1
2024-03-15T14:08:00.000000000Z,10165.39883,7075.90883,-2.92117,168.32,2.92117,1,3089.49
2024-03-15T14:09:00.000000000Z,10165.78883,7075.90883,-2.92117,168.71,2.92117,1,3089.88
2024-03-15T14:10:00.000000000Z,10166.16883,7075.90883,-2.92117,169.09,2.92117,1,3090.26
2024-03-15T14:11:00.000000000Z,10166.53883,7075.90883,-2.92117,169.46,2.92117,1,3090.63
2024-03-15T14:12:00.000000000Z,10166.90883,7075.90883,-2.92117,169.83,2.92117,1,3091
2024-03-15T14:13:00.000000000Z,10167.25883,7075.90883,-2.92117,170.18,2.92117,1,3091.35
2024-03-15T14:14:00.000000000Z,10167.61883,7075.90883,-2.92117,170.54,2.92117,1,3091.71
2024-03-15T14:15:00.000000000Z,10167.95883,7075.90883,-2.92117,170.88,2.92117,1,3092.05
2024-03-15T14:16:00.000000000Z,10168.29883,7075.90883,-2.92117,171.22,2.92117,1,3092.39
2024-03-15T14:17:00.000000000Z,10168.62883,7075.90883,-2.92117,171.55,2.92117,1,3092.72
2024-03-15T14:18:00.000000000Z,10168.94883,7075.90883,-2.92117,171.87,2.92117,1,3093.04
2024-03-15T14:19:00.000000000Z,10169.26883,7075.90883,-2.92117,172.19,2.92117,1,3093.36
2024-03-15T14:20:00.000000000Z,10169.57883,7075.90883,-2.92117,172.5,2.92117,1,3093.67
2024-03-15T14:21:00.000000000Z,10169.87883,7075.90883,-2.92117,172.8,2.92117,1,3093.97
2024-03-15T14:22:00.000000000Z,10170.16883,7075.90883,-2.92117,173.09,2.92117,1,3094.26
2024-03-15T14:23:00.000000000Z,10170.45883,7075.90883,-2.92117,173.38,2.92117,1,3094.55
2024-03-15T14:24:00.000000000Z,10170.73883,7075.90883,-2.92117,173.66,2.92117,1,3094.83
2024-03-15T14:25:00.000000000Z,10171.01883,7075.90883,-2.92117,173.94,2.92117,1,3095.11
2024-03-15T14:26:00.000000000Z,10171.27883,7075.90883,-2.92117,174.2,2.92117,1,3095.37
2024-03-15T14:27:00.000000000Z,10171.53883,7075.90883,-2.92117,174.46,2.92117,1,3095.63
2024-03-15T14:28:00.000000000Z,10171.78883,7075.90883,-2.92117,174.71,2.92117,1,3095.88
2024-03-15T14:29:00.000000000Z,10172.03883,7075.90883,-2.92117,174.96,2.92117,1,3096.13
2024-03-15T14:30:00.000000000Z,10172.26883,7075.90883,-2.92117,175.19,2.92117,1,3096.36
2024-03-15T14:31:00.000000000Z,10172.49883,7075.90883,-2.92117,175.42,2.92117,1,3096.59
2024-03-15T14:32:00.000000000Z,10172.71883,7075.90883,-2.92117,175.64,2.92117,1,3096.81
2024-03-15T14:33:00.000000000Z,10172.93883,7075.90883,-2.92117,175.86,2.92117,1,3097.03
2024-03-15T14:34:00.000000000Z,10173.14883,7075.90883,-2.92117,176.07,2.92117,1,3097.24
2024-03-15T14:35:00.000000000Z,10173.34883,7075.90883,-2.92117,176.27,2.92117,1,3097.44
2024-03-15T14:36:00.000000000Z,10173.53883,7075.90883,-2.92117,176.46,2.92117,1,3097.63
2024-03-15T14:37:00.000000000Z,10173.71883,7075.90883,-2.92117,176.64,2.92117,1,3097.81
2024-03-15T14:38:00.000000000Z,10173.89883,7075.90883,-2.92117,176.82,2.92117,1,3097.99
2024-03-15T14:39:00.000000000Z,10174.06883,7075.90883,-2.92117,176.99,2.92117,1,3098.16
2024-03-15T14:40:00.000000000Z,10174.23883,7075.90883,-2.92117,177.16,2.92117,1,3098.33
2024-03-15T14:41:00.000000000Z,10174.38883,7075.90883,-2.92117,177.31,2.92117,1,3098.48
2024-03-15T14:42:00.000000000Z,10174.53883,7075.90883,-2.92117,177.46,2.92117,1,3098.63
2024-03-15T14:43:00.000000000Z,10174.67883,7075.90883,-2.92117,177.6,2.92117,1,3098.77
2024-03-15T14:44:00.000000000Z,10174.80883,7075.90883,-2.92117,177.73,2.92117,1,3098.9
2024-03-15T14:45:00.000000000Z,10174.93883,7075.90883,-2.92117,177.86,2.92117,1,3099.03
2024-03-15T14:46:00.000000000Z,10175.04883,7075.90883,-2.92117,177.97,2.92117,1,3099.14
2024-03-15T14:47:00.000000000Z,10175.15883,7075.90883,-2.92117,178.08,2.92117,1,3099.25
2024-03-15T14:48:00.000000000Z,10175.26883,7075.90883,-2.92117,178.19,2.92117,1,3099.36
2024-03-15T14:49:00.000000000Z,10175.35883,7075.90883,-2.92117,178.28,2.92117,1,3099.45
2024-03-15T14:50:00.000000000Z,10175.44883,7075.90883,-2.92117,178.37,2.92117,1,3099.54
2024-03-15T14:51:00.000000000Z,10175.52883,7075.90883,-2.92117,178.45,2.92117,1,3099.62
2024-03-15T14:52:00.000000000Z,10175.59883,7075.90883,-2.92117,178.52,2.92117,1,3099.69
2024-03-15T14:53:00.000000000Z,10175.66883,7075.90883,-2.92117,178.59,2.92117,1,3099.76
2024-03-15T14:54:00.000000000Z,10175.71883,7075.90883,-2.92117,178.64,2.92117,1,3099.81
2024-03-15T14:55:00.000000000Z,10175.76883,7075.90883,-2.92117,178.69,2.92117,1,3099.86
2024-03-15T14:56:00.000000000Z,10175.80883,7075.90883,-2.92117,178.73,2.92117,1,3099.9
2024-03-15T14:57:00.000000000Z,10175.84883,7075.90883,-2.92117,178.77,2.92117,1,3099.94
2024-03-15T14:58:00.000000000Z,10175.87883,7075.90883,-2.92117,178.8,2.92117,1,3099.97
2024-03-15T14:59:00.000000000Z,10175.88883,7075.90883,-2.92117,178.81,2.92117,1,3099.98
2024-03-15T15:00:00.000000000Z,10175.90883,7075.90883,-2.92117,178.83,2.92117,1,3100
2024-03-15T15:01:00.000000000Z,10175.90883,7075.90883,-2.92117,178.83,2.92117,1,3100
2024-03-15T15:02:00.000000000Z,10175.90883,7075.90883,-2.92117,178.83,2.92117,1,3100
2024-03-15T15:03:00.000000000Z,10175.88883,7075.90883,-2.92117,178.81,2.92117,1,3099.98
2024-03-15T15:04:00.000000000Z,10175.87883,7075.90883,-2.92117,178.8,2.92117,1,3099.97
2024-03-15T15:05:00.000000000Z,10175.84883,7075.90883,-2.92117,178.77,2.92117,1,3099.94
2024-03-15T15:06:00.000000000Z,10175.80883,7075.90883,-2.92117,178.73,2.92117,1,3099.9
2024-03-15T15:07:00.000000000Z,10175.76883,7075.90883,-2.92117,178.69,2.92117,1,3099.86
2024-03-15T15:08:00.000000000Z,10175.71883,7075.90883,-2.92117,178.64,2.92117,1,3099.81
2024-03-15T15:09:00.000000000Z,10175.66883,7075.90883,-2.92117,178.59,2.92117,1,3099.76
2024-03-15T15:10:00.000000000Z,10175.59883,7075.90883,-2.92117,178.52,2.92117,1,3099.69
2024-03-15T15:11:00.000000000Z,10175.52883,7075.90883,-2.92117,178.45,2.92117,1,3099.62
2024-03-15T15:12:00.000000000Z,10175.44883,7075.90883,-2.92117,178.37,2.92117,1,3099.54
2024-03-15T15:13:00.000000000Z,10175.35883,7075.90883,-2.92117,178.28,2.92117,1,3099.45
2024-03-15T15:14:00.000000000Z,10175.26883,7075.90883,-2.92117,178.19,2.92117,1,3099.36
2024-03-15T15:15:00.000000000Z,10175.15883,7075.90883,-2.92117,178.08,2.92117,1,3099.25
2024-03-15T15:16:00.000000000Z,10175.04883,7075.90883,-2.92117,177.97,2.92117,1,3099.14
2024-03-15T15:17:00.000000000Z,10174.93883,7075.90883,-2.92117,177.86,2.92117,1,3099.03
2024-03-15T15:18:00.000000000Z,10174.80883,7075.90883,-2.92117,177.73,2.92117,1,3098.9
2024-03-15T15:19:00.000000000Z,10174.67883,7075.90883,-2.92117,177.6,2.92117,1,3098.77
2024-03-15T15:20:00.000000000Z,10174.53883,7075.90883,-2.92117,177.46,2.92117,1,3098.63
2024-03-15T15:21:00.000000000Z,10174.38883,7075.90883,-2.92117,177.31,2.92117,1,3098.48
2024-03-15T15:22:00.000000000Z,10174.23883,7075.90883,-2.92117,177.16,2.92117,1,3098.33
2024-03-15T15:23:00.000000000Z,10174.06883,7075.90883,-2.92117,176.99,2.92117,1,3098.16
2024-03-15T15:24:00.000000000Z,10173.89883,7075.90883,-2.92117,176.82,2.92117,1,3097.99
2024-03-15T15:25:00.000000000Z,10173.71883,7075.90883,-2.92117,176.64,2.92117,1,3097.81
2024-03-15T15:26:00.000000000Z,10173.53883,7075.90883,-2.92117,176.46,2.92117,1,3097.63
2024-03-15T15:27:00.000000000Z,10173.34883,7075.90883,-2.92117,176.27,2.92117,1,3097.44
2024-03-15T15:28:00.000000000Z,10173.14883,7075.90883,-2.92117,176.07,2.92117,1,3097.24
2024-03-15T15:29:00.000000000Z,10172.93883,7075.90883,-2.92117,175.86,2.92117,1,3097.03
2024-03-15T15:30:00.000000000Z,10172.71883,7075.90883,-2.92117,175.64,2.92117,1,3096.81
2024-03-15T15:31:00.000000000Z,10172.49883,7075.90883,-2.92117,175.42,2.92117,1,3096.59
2024-03-15T15:32:00.000000000Z,10172.26883,7075.90883,-2.92117,175.19,2.92117,1,3096.36
2024-03-15T15:33:00.000000000Z,10172.03883,7075.90883,-2.92117,174.96,2.92117,1,3096.13
2024-03-15T15:34:00.000000000Z,10171.78883,7075.90883,-2.92117,174.71,2.92117,1,3095.88
2024-03-15T15:35:00.000000000Z,10171.53883,7075.90883,-2.92117,174.46,2.92117,1,3095.63
2024-03-15T15:36:00.000000000Z,10171.27883,7075.90883,-2.92117,174.2,2.92117,1,3095.37
2024-03-15T15:37:00.000000000Z,10171.01883,7075.90883,-2.92117,173.94,2.92117,1,3095.11
2024-03-15T15:38:00.000000000Z,10170.73883,7075.90883,-2.92117,173.66,2.92117,1,3094.83
2024-03-15T15:39:00.000000000Z,10170.45883,7075.90883,-2.92117,173.38,2.92117,1,3094.55
2024-03-15T15:40:00.000000000Z,10170.16883,7075.90883,-2.92117,173.09,2.92117,1,3094.26
2024-03-15T15:41:00.000000000Z,10169.87883,7075.90883,-2.92117,172.8,2.92117,1,3093.97
2024-03-15T15:42:00.000000000Z,10169.57883,7075.90883,-2.92117,172.5,2.92117,1,3093.67
2024-03-15T15:43:00.000000000Z,10169.26883,7075.90883,-2.92117,172.19,2.92117,1,3093.36
2024-03-15T15:44:00.000000000Z,10168.94883,7075.90883,-2.92117,171.87,2.92117,1,3093.04
2024-03-15T15:45:00.000000000Z,10168.62883,7075.90883,-2.92117,171.55,2.92117,1,3092.72
2024-03-15T15:46:00.000000000Z,10168.29883,7075.90883,-2.92117,171.22,2.92117,1,3092.39
2024-03-15T15:47:00.000000000Z,10167.95883,7075.90883,-2.92117,170.88,2.92117,1,3092.05
2024-03-15T15:48:00.000000000Z,10167.61883,7075.90883,-2.92117,170.54,2.92117,1,3091.71
2024-03-15T15:49:00.000000000Z,10167.25883,7075.90883,-2.92117,170.18,2.92117,1,3091.35
2024-03-15T15:50:00.000000000Z,10166.90883,7075.90883,-2.92117,169.83,2.92117,1,3091
2024-03-15T15:51:00.000000000Z,10166.53883,7075.90883,-2.92117,169.46,2.92117,1,3090.63
2024-03-15T15:52:00.000000000Z,10166.16883,7075.90883,-2.92117,169.09,2.92117,1,3090.26
2024-03-15T15:53:00.000000000Z,10165.78883,7075.90883,-2.92117,168.71,2.92117,1,3089.88
2024-03-15T15:54:00.000000000Z,10165.39883,7075.90883,-2.92117,168.32,2.92117,1,3089.49
2024-03-15T15:55:00.000000000Z,10165.00883,7075.90883,-2.92117,167.93,2.92117,1,3089.1
2024-03-15T15:56:00.000000000Z,10164.60883,7075.90883,-2.92117,167.53,2.92117,1,3088.7
2024-03-15T15:57:00.000000000Z,10164.19883,7075.90883,-2.92117,167.12,2.92117,1,3088.29
2024-03-15T15:58:00.000000000Z,10163.78883,7075.90883,-2.92117,166.71,2.92117,1,3087.88
2024-03-15T15:59:00.000000000Z,10163.36883,7075.90883,-2.92117,166.29,2.92117,1,3087.46
2024-03-15T16:00:00.000000000Z,10162.94883,7075.90883,-2.92117,165.87,2.92117,1,3087.04
2024-03-15T16:01:00.000000000Z,10162.50883,7075.90883,-2.92117,165.43,2.92117,1,3086.6
2024-03-15T16:02:00.000000000Z,10162.06883,7075.90883,-2.92117,164.99,2.92117,1,3086.16
2024-03-15T16:03:00.000000000Z,10161.62883,7075.90883,-2.92117,164.55,2.92117,1,3085.72
2024-03-15T16:04:00.000000000Z,10161.16883,7075.90883,-2.92117,164.09,2.92117,1,3085.26
2024-03-15T16:05:00.000000000Z,10160.70883,7075.90883,-2.92117,163.63,2.92117,1,3084.8
2024-03-15T16:06:00.000000000Z,10160.24883,7075.90883,-2.92117,163.17,2.92117,1,3084.34
2024-03-15T16:07:00.000000000Z,10159.77883,7075.90883,-2.92117,162.7,2.92117,1,3083.87
2024-03-15T16:08:00.000000000Z,10159.29883,7075.90883,-2.92117,162.22,2.92117,1,3083.39
2024-03-15T16:09:00.000000000Z,10158.80883,7075.90883,-2.92117,161.73,2.92117,1,3082.9
2024-03-15T16:10:00.000000000Z,10158.31883,7075.90883,-2.92117,161.24,2.92117,1,3082.41
2024-03-15T16:11:00.000000000Z,10157.82883,7075.90883,-2.92117,160.75,2.92117,1,3081.92
2024-03-15T16:12:00.000000000Z,10157.31883,7075.90883,-2.92117,160.24,2.92117,1,3081.41
2024-03-15T16:13:00.000000000Z,10156.80883,7075.90883,-2.92117,159.73,2.92117,1,3080.9
2024-03-15T16:14:00.000000000Z,10156.29883,7075.90883,-2.92117,159.22,2.92117,1,3080.39
2024-03-15T16:15:00.000000000Z,10155.76883,7075.90883,-2.92117,158.69,2.92117,1,3079.86
2024-03-15T16:16:00.000000000Z,10151.66,10151.66,151.66,0,6,0,3079.34
2024-03-15T16:17:00.000000000Z,10151.66,10151.66,151.66,0,6,0,3078.8
2024-03-15T16:18:00.000000000Z,10151.66,10151.66,151.66,0,6,0,3078.26
2024-03-15T16:19:00.000000000Z,10151.66,10151.66,151.66,0,6,0,3077.71
2024-03-15T16:20:00.000000000Z,10151.66,10151.66,151.66,0,6,0,3077.16
2024-03-15T16:21:00.000000000Z,10151.66,10151.66,151.66,0,6,0,3076.6
2024-03-15T16:22:00.000000000Z,10151.66,10151.66,151.66,0,6,0,3076.04
2024-03-15T16:23:00.000000000Z,10151.66,10151.66,151.66,0,6,0,3075.47
2024-03-15T16:24:00.000000000Z,10151.66,10151.66,151.66,0,6,0,3074.9
2024-03-15T16:25:00.000000000Z,10151.66,10151.66,151.66,0,6,0,3074.31
2024-03-15T16:26:00.000000000Z,10151.66,10151.66,151.66,0,6,0,3073.73
2024-03-15T16:27:00.000000000Z,10151.66,10151.66,151.66,0,6,0,3073.14
2024-03-15T16:28:00.000000000Z,10151.66,10151.66,151.66,0,6,0,3072.54
2024-03-15T16:29:00.000000000Z,10151.66,10151.66,151.66,0,6,0,3071.93
2024-03-15T16:30:00.000000000Z,10151.66,10151.66,151.66,0,6,0,3071.33
2024-03-15T16:31:00.000000000Z,10151.66,10151.66,151.66,0,6,0,3070.71
2024-03-15T16:32:00.000000000Z,10151.66,10151.66,151.66,0,6,0,3070.09
2024-03-15T16:33:00.000000000Z,10151.66,10151.66,151.66,0,6,0,3069.47
2024-03-15T16:34:00.000000000Z,10151.66,10151.66,151.66,0,6,0,3068.84
2024-03-15T16:35:00.000000000Z,10151.66,10151.66,151.66,0,6,0,3068.2
2024-03-15T16:36:00.000000000Z,10151.66,10151.66,151.66,0,6,0,3067.56
2024-03-15T16:37:00.000000000Z,10151.66,10151.66,151.66,0,6,0,3066.91
2024-03-15T16:38:00.000000000Z,10151.66,10151.66,151.66,0,6,0,3066.26
2024-03-15T16:39:00.000000000Z,10151.66,10151.66,151.66,0,6,0,3065.61
2024-03-15T16:40:00.000000000Z,10151.66,10151.66,151.66,0,6,0,3064.94
2024-03-15T16:41:00.000000000Z,10151.66,10151.66,151.66,0,6,0,3064.28
2024-03-15T16:42:00.000000000Z,10151.66,10151.66,151.66,0,6,0,3063.61
2024-03-15T16:43:00.000000000Z,10151.66,10151.66,151.66,0,6,0,3062.93
2024-03-15T16:44:00.000000000Z,10151.66,10151.66,151.66,0,6,0,3062.25
2024-03-15T16:45:00.000000000Z,10151.66,10151.66,151.66,0,6,0,3061.57
2024-03-15T16:46:00.000000000Z,10151.66,10151.66,151.66,0,6,0,3060.88
2024-03-15T16:47:00.000000000Z,10151.66,10151.66,151.66,0,6,0,3060.18
2024-03-15T16:48:00.000000000Z,10151.66,10151.66,151.66,0,6,0,3059.48
2024-03-15T16:49:00.000000000Z,10151.66,10151.66,151.66,0,6,0,3058.78
2024-03-15T16:50:00.000000000Z,10151.66,10151.66,151.66,0,6,0,3058.07
2024-03-15T16:51:00.000000000Z,10151.66,10151.66,151.66,0,6,0,3057.36
2024-03-15T16:52:00.000000000Z,10151.66,10151.66,151.66,0,6,0,3056.64
2024-03-15T16:53:00.000000000Z,10151.66,10151.66,151.66,0,6,0,3055.92
2024-03-15T16:54:00.000000000Z,10151.66,10151.66,151.66,0,6,0,3055.19
2024-03-15T16:55:00.000000000Z,10151.66,10151.66,151.66,0,6,0,3054.46
2024-03-15T16:56:00.000000000Z,10151.66,10151.66,151.66,0,6,0,3053.73
2024-03-15T16:57:00.000000000Z,10151.66,10151.66,151.66,0,6,0,3052.99
2024-03-15T16:58:00.000000000Z,10151.66,10151.66,151.66,0,6,0,3052.25
2024-03-15T16:59:00.000000000Z,10151.66,10151.66,151.66,0,6,0,3051.5
2024-03-15T17:00:00.000000000Z,10151.66,10151.66,151.66,0,6,0,3050.75
2024-03-15T17:01:00.000000000Z,10151.66,10151.66,151.66,0,6,0,3050
2024-03-15T17:02:00.000000000Z,10151.66,10151.66,151.66,0,6,0,3049.24
2024-03-15T17:03:00.000000000Z,10151.66,10151.66,151.66,0,6,0,3048.48
2024-03-15T17:04:00.000000000Z,10151.66,10151.66,151.66,0,6,0,3047.72
2024-03-15T17:05:00.000000000Z,10151.66,10151.66,151.66,0,6,0,3046.95
2024-03-15T17:06:00.000000000Z,10151.66,10151.66,151.66,0,6,0,3046.17
2024-03-15T17:07:00.000000000Z,10151.66,10151.66,151.66,0,6,0,3045.4
2024-03-15T17:08:00.000000000Z,10151.66,10151.66,151.66,0,6,0,3044.62
2024-03-15T17:09:00.000000000Z,10151.66,10151.66,151.66,0,6,0,3043.84
2024-03-15T17:10:00.000000000Z,10151.66,10151.66,151.66,0,6,0,3043.05
2024-03-15T17:11:00.000000000Z,10151.66,10151.66,151.66,0,6,0,3042.26
2024-03-15T17:12:00.000000000Z,10151.66,10151.66,151.66,0,6,0,3041.47
2024-03-15T17:13:00.000000000Z,10151.66,10151.66,151.66,0,6,0,3040.67
2024-03-15T17:14:00.000000000Z,10151.66,10151.66,151.66,0,6,0,3039.87
2024-03-15T17:15:00.000000000Z,10151.66,10151.66,151.66,0,6,0,3039.07
2024-03-15T17:16:00.000000000Z,10151.66,10151.66,151.66,0,6,0,3038.27
2024-03-15T17:17:00.000000000Z,10151.66,10151.66,151.66,0,6,0,3037.46
2024-03-15T17:18:00.000000000Z,10151.66,10151.66,151.66,0,6,0,3036.65
2024-03-15T17:19:00.000000000Z,10151.66,10151.66,151.66,0,6,0,3035.84
2024-03-15T17:20:00.000000000Z,10151.66,10151.66,151.66,0,6,0,3035.02
2024-03-15T17:21:00.000000000Z,10151.66,10151.66,151.66,0,6,0,3034.2
2024-03-15T17:22:00.000000000Z,10151.66,10151.66,151.66,0,6,0,3033.38
2024-03-15T17:23:00.000000000Z,10151.66,10151.66,151.66,0,6,0,3032.56
2024-03-15T17:24:00.000000000Z,10151.66,10151.66,151.66,0,6,0,3031.73
2024-03-15T17:25:00.000000000Z,10151.66,10151.66,151.66,0,6,0,3030.9
2024-03-15T17:26:00.000000000Z,10151.66,10151.66,151.66,0,6,0,3030.07
2024-03-15T17:27:00.000000000Z,10151.66,10151.66,151.66,0,6,0,3029.24
2024-03-15T17:28:00.000000000Z,10151.66,10151.66,151.66,0,6,0,3028.4
2024-03-15T17:29:00.000000000Z,10151.66,10151.66,151.66,0,6,0,3027.56
2024-03-15T17:30:00.000000000Z,10151.66,10151.66,151.66,0,6,0,3026.72
2024-03-15T17:31:00.000000000Z,10151.66,10151.66,151.66,0,6,0,3025.88
2024-03-15T17:32:00.000000000Z,10151.66,10151.66,151.66,0,6,0,3025.04
2024-03-15T17:33:00.000000000Z,10151.66,10151.66,151.66,0,6,0,3024.19
2024-03-15T17:34:00.000000000Z,10151.66,10151.66,151.66,0,6,0,3023.34
2024-03-15T17:35:00.000000000Z,10151.66,10151.66,151.66,0,6,0,3022.5
2024-03-15T17:36:00.000000000Z,10151.66,10151.66,151.66,0,6,0,3021.64
2024-03-15T17:37:00.000000000Z,10151.66,10151.66,151.66,0,6,0,3020.79
2024-03-15T17:38:00.000000000Z,10151.66,10151.66,151.66,0,6,0,3019.94
2024-03-15T17:39:00.000000000Z,10151.66,10151.66,151.66,0,6,0,3019.08
2024-03-15T17:40:00.000000000Z,10151.66,10151.66,151.66,0,6,0,3018.22
2024-03-15T17:41:00.000000000Z,10151.66,10151.66,151.66,0,6,0,3017.36
2024-03-15T17:42:00.000000000Z,10151.66,10151.66,151.66,0,6,0,3016.5
2024-03-15T17:43:00.000000000Z,10151.66,10151.66,151.66,0,6,0,3015.64
2024-03-15T17:44:00.000000000Z,10151.66,10151.66,151.66,0,6,0,3014.78
2024-03-15T17:45:00.000000000Z,10151.66,10151.66,151.66,0,6,0,3013.92
2024-03-15T17:46:00.000000000Z,10151.66,10151.66,151.66,0,6,0,3013.05
2024-03-15T17:47:00.000000000Z,10151.66,10151.66,151.66,0,6,0,3012.19
2024-03-15T17:48:00.000000000Z,10151.66,10151.66,151.66,0,6,0,3011.32
2024-03-15T17:49:00.000000000Z,10151.66,10151.66,151.66,0,6,0,3010.45
2024-03-15T17:50:00.000000000Z,10151.66,10151.66,151.66,0,6,0,3009.58
2024-03-15T17:51:00.000000000Z,10151.66,10151.66,151.66,0,6,0,3008.72
2024-03-15T17:52:00.000000000Z,10151.66,10151.66,151.66,0,6,0,3007.85
2024-03-15T17:53:00.000000000Z,10151.66,10151.66,151.66,0,6,0,3006.98
2024-03-15T17:54:00.000000000Z,10151.66,10151.66,151.66,0,6,0,3006.1
2024-03-15T17:55:00.000000000Z,10151.66,10151.66,151.66,0,6,0,3005.23
2024-03-15T17:56:00.000000000Z,10151.66,10151.66,151.66,0,6,0,3004.36
2024-03-15T17:57:00.000000000Z,10151.66,10151.66,151.66,0,6,0,3003.49
2024-03-15T17:58:00.000000000Z,10151.66,10151.66,151.66,0,6,0,3002.62
2024-03-15T17:59:00.000000000Z,10151.66,10151.66,151.66,0,6,0,3001.75
2024-03-15T18:00:00.000000000Z,10151.66,10151.66,151.66,0,6,0,3000.87
2024-03-15T18:01:00.000000000Z,10151.66,10151.66,151.66,0,6,0,3000
2024-03-15T18:02:00.000000000Z,10151.66,10151.66,151.66,0,6,0,2999.13
2024-03-15T18:03:00.000000000Z,10151.66,10151.66,151.66,0,6,0,2998.25
2024-03-15T18:04:00.000000000Z,10151.66,10151.66,151.66,0,6,0,2997.38
2024-03-15T18:05:00.000000000Z,10151.66,10151.66,151.66,0,6,0,2996.51
2024-03-15T18:06:00.000000000Z,10151.66,10151.66,151.66,0,6,0,2995.64
2024-03-15T18:07:00.000000000Z,10151.66,10151.66,151.66,0,6,0,2994.77
2024-03-15T18:08:00.000000000Z,10151.66,10151.66,151.66,0,6,0,2993.9
2024-03-15T18:09:00.000000000Z,10151.66,10151.66,151.66,0,6,0,2993.02
2024-03-15T18:10:00.000000000Z,10151.66,10151.66,151.66,0,6,0,2992.15
2024-03-15T18:11:00.000000000Z,10151.66,10151.66,151.66,0,6,0,2991.28
2024-03-15T18:12:00.000000000Z,10151.66,10151.66,151.66,0,6,0,2990.42
2024-03-15T18:13:00.000000000Z,10151.66,10151.66,151.66,0,6,0,2989.55
2024-03-15T18:14:00.000000000Z,10151.66,10151.66,151.66,0,6,0,2988.68
2024-03-15T18:15:00.000000000Z,10151.66,10151.66,151.66,0,6,0,2987.81
2024-03-15T18:16:00.000000000Z,10151.66,10151.66,151.66,0,6,0,2986.95
2024-03-15T18:17:00.000000000Z,10151.66,10151.66,151.66,0,6,0,2986.08
2024-03-15T18:18:00.000000000Z,10151.66,10151.66,151.66,0,6,0,2985.22
2024-03-15T18:19:00.000000000Z,10151.66,10151.66,151.66,0,6,0,2984.36
2024-03-15T18:20:00.000000000Z,10151.66,10151.66,151.66,0,6,0,2983.5
2024-03-15T18:21:00.000000000Z,10151.66,10151.66,151.66,0,6,0,2982.64
2024-03-15T18:22:00.000000000Z,10151.66,10151.66,151.66,0,6,0,2981.78
2024-03-15T18:23:00.000000000Z,10151.66,10151.66,151.66,0,6,0,2980.92
2024-03-15T18:24:00.000000000Z,10151.66,10151.66,151.66,0,6,0,2980.06
2024-03-15T18:25:00.000000000Z,10151.66,10151.66,151.66,0,6,0,2979.21
2024-03-15T18:26:00.000000000Z,10151.66,10151.66,151.66,0,6,0,2978.36
2024-03-15T18:27:00.000000000Z,10151.66,10151.66,151.66,0,6,0,2977.5
2024-03-15T18:28:00.000000000Z,10151.66,10151.66,151.66,0,6,0,2976.66
2024-03-15T18:29:00.000000000Z,10151.66,10151.66,151.66,0,6,0,2975.81
2024-03-15T18:30:00.000000000Z,10151.66,10151.66,151.66,0,6,0,2974.96
2024-03-15T18:31:00.000000000Z,10151.66,10151.66,151.66,0,6,0,2974.12
2024-03-15T18:32:00.000000000Z,10151.66,10151.66,151.66,0,6,0,2973.28
2024-03-15T18:33:00.000000000Z,10151.66,10151.66,151.66,0,6,0,2972.44
2024-03-15T18:34:00.000000000Z,10151.66,10151.66,151.66,0,6,0,2971.6
2024-03-15T18:35:00.000000000Z,10151.66,10151.66,151.66,0,6,0,2970.76
2024-03-15T18:36:00.000000000Z,10151.66,10151.66,151.66,0,6,0,2969.93
2024-03-15T18:37:00.000000000Z,10151.66,10151.66,151.66,0,6,0,2969.1
2024-03-15T18:38:00.000000000Z,10151.66,10151.66,151.66,0,6,0,2968.27
2024-03-15T18:39:00.000000000Z,10151.66,10151.66,151.66,0,6,0,2967.44
2024-03-15T18:40:00.000000000Z,10151.66,10151.66,151.66,0,6,0,2966.62
2024-03-15T18:41:00.000000000Z,10151.66,10151.66,151.66,0,6,0,2965.8
2024-03-15T18:42:00.000000000Z,10151.66,10151.66,151.66,0,6,0,2964.98
2024-03-15T18:43:00.000000000Z,10151.66,10151.66,151.66,0,6,0,2964.16
2024-03-15T18:44:00.000000000Z,10151.66,10151.66,151.66,0,6,0,2963.35
2024-03-15T18:45:00.000000000Z,10151.66,10151.66,151.66,0,6,0,2962.54
2024-03-15T18:46:00.000000000Z,10151.66,10151.66,151.66,0,6,0,2961.73
2024-03-15T18:47:00.000000000Z,10151.66,10151.66,151.66,0,6,0,2960.93
2024-03-15T18:48:00.000000000Z,10151.66,10151.66,151.66,0,6,0,2960.13
2024-03-15T18:49:00.000000000Z,10151.66,10151.66,151.66,0,6,0,2959.33
2024-03-15T18:50:00.000000000Z,10151.66,10151.66,151.66,0,6,0,2958.53
2024-03-15T18:51:00.000000000Z,10151.66,10151.66,151.66,0,6,0,2957.74
2024-03-15T18:52:00.000000000Z,10151.66,10151.66,151.66,0,6,0,2956.95
2024-03-15T18:53:00.000000000Z,10151.66,10151.66,151.66,0,6,0,2956.16
2024-03-15T18:54:00.000000000Z,10151.66,10151.66,151.66,0,6,0,2955.38
2024-03-15T18:55:00.000000000Z,10151.66,10151.66,151.66,0,6,0,2954.6
2024-03-15T18:56:00.000000000Z,10151.66,10151.66,151.66,0,6,0,2953.83
2024-03-15T18:57:00.000000000Z,10151.66,10151.66,151.66,0,6,0,2953.05
2024-03-15T18:58:00.000000000Z,10151.66,10151.66,151.66,0,6,0,2952.28
2024-03-15T18:59:00.000000000Z,10151.66,10151.66,151.66,0,6,0,2951.52
2024-03-15T19:00:00.000000000Z,10151.66,10151.66,151.66,0,6,0,2950.76
2024-03-15T19:01:00.000000000Z,10151.66,10151.66,151.66,0,6,0,2950
2024-03-15T19:02:00.000000000Z,10151.66,10151.66,151.66,0,6,0,2949.25
2024-03-15T19:03:00.000000000Z,10151.66,10151.66,151.66,0,6,0,2948.5
2024-03-15T19:04:00.000000000Z,10151.66,10151.66,151.66,0,6,0,2947.75
2024-03-15T19:05:00.000000000Z,10151.66,10151.66,151.66,0,6,0,2947.01
2024-03-15T19:06:00.000000000Z,10151.66,10151.66,151.66,0,6,0,2946.27
2024-03-15T19:07:00.000000000Z,10151.66,10151.66,151.66,0,6,0,2945.54
2024-03-15T19:08:00.000000000Z,10151.66,10151.66,151.66,0,6,0,2944.81
2024-03-15T19:09:00.000000000Z,10151.66,10151.66,151.66,0,6,0,2944.08
2024-03-15T19:10:00.000000000Z,10151.66,10151.66,151.66,0,6,0,2943.36
2024-03-15T19:11:00.000000000Z,10151.66,10151.66,151.66,0,6,0,2942.64
2024-03-15T19:12:00.000000000Z,10151.66,10151.66,151.66,0,6,0,2941.93
2024-03-15T19:13:00.000000000Z,10151.66,10151.66,151.66,0,6,0,2941.22
2024-03-15T19:14:00.000000000Z,10151.66,10151.66,151.66,0,6,0,2940.52
2024-03-15T19:15:00.000000000Z,10151.66,10151.66,151.66,0,6,0,2939.82
2024-03-15T19:16:00.000000000Z,10151.66,10151.66,151.66,0,6,0,2939.12
2024-03-15T19:17:00.000000000Z,10151.66,10151.66,151.66,0,6,0,2938.43
2024-03-15T19:18:00.000000000Z,10151.66,10151.66,151.66,0,6,0,2937.75
2024-03-15T19:19:00.000000000Z,10151.66,10151.66,151.66,0,6,0,2937.07
2024-03-15T19:20:00.000000000Z,10151.66,10151.66,151.66,0,6,0,2936.39
2024-03-15T19:21:00.000000000Z,10151.66,10151.66,151.66,0,6,0,2935.72
2024-03-15T19:22:00.000000000Z,10151.66,10151.66,151.66,0,6,0,2935.06
2024-03-15T19:23:00.000000000Z,10151.66,10151.66,151.66,0,6,0,2934.39
2024-03-15T19:24:00.000000000Z,10151.66,10151.66,151.66,0,6,0,2933.74
2024-03-15T19:25:00.000000000Z,10151.66,10151.66,151.66,0,6,0,2933.09
2024-03-15T19:26:00.000000000Z,10151.66,10151.66,151.66,0,6,0,2932.44
2024-03-15T19:27:00.000000000Z,10151.66,10151.66,151.66,0,6,0,2931.8
2024-03-15T19:28:00.000000000Z,10151.66,10151.66,151.66,0,6,0,2931.16
2024-03-15T19:29:00.000000000Z,10151.66,10151.66,151.66,0,6,0,2930.53
2024-03-15T19:30:00.000000000Z,10151.66,10151.66,151.66,0,6,0,2929.91
2024-03-15T19:31:00.000000000Z,10151.66,10151.66,151.66,0,6,0,2929.29
2024-03-15T19:32:00.000000000Z,10151.66,10151.66,151.66,0,6,0,2928.67
2024-03-15T19:33:00.000000000Z,10151.66,10151.66,151.66,0,6,0,2928.07
2024-03-15T19:34:00.000000000Z,10151.66,10151.66,151.66,0,6,0,2927.46
2024-03-15T19:35:00.000000000Z,10151.66,10151.66,151.66,0,6,0,2926.86
2024-03-15T19:36:00.000000000Z,10151.66,10151.66,151.66,0,6,0,2926.27
2024-03-15T19:37:00.000000000Z,10151.66,10151.66,151.66,0,6,0,2925.69
2024-03-15T19:38:00.000000000Z,10151.66,10151.66,151.66,0,6,0,2925.1
2024-03-15T19:39:00.000000000Z,10151.66,10151.66,151.66,0,6,0,2924.53
2024-03-15T19:40:00.000000000Z,10151.66,10151.66,151.66,0,6,0,2923.96
2024-03-15T19:41:00.000000000Z,10151.66,10151.66,151.66,0,6,0,2923.4
2024-03-15T19:42:00.000000000Z,10151.66,10151.66,151.66,0,6,0,2922.84
2024-03-15T19:43:00.000000000Z,10151.66,10151.66,151.66,0,6,0,2922.29
2024-03-15T19:44:00.000000000Z,10151.66,10151.66,151.66,0,6,0,2921.74
2024-03-15T19:45:00.000000000Z,10151.66,10151.66,151.66,0,6,0,2921.2
2024-03-15T19:46:00.000000000Z,10151.66,10151.66,151.66,0,6,0,2920.66
2024-03-15T19:47:00.000000000Z,10151.66,10151.66,151.66,0,6,0,2920.14
2024-03-15T19:48:00.000000000Z,10151.66,10151.66,151.66,0,6,0,2919.61
2024-03-15T19:49:00.000000000Z,10151.66,10151.66,151.66,0,6,0,2919.1
2024-03-15T19:50:00.000000000Z,10151.66,10151.66,151.66,0,6,0,2918.59
2024-03-15T19:51:00.000000000Z,10151.66,10151.66,151.66,0,6,0,2918.08
2024-03-15T19:52:00.000000000Z,10151.66,10151.66,151.66,0,6,0,2917.59
2024-03-15T19:53:00.000000000Z,10151.66,10151.66,151.66,0,6,0,2917.1
2024-03-15T19:54:00.000000000Z,10151.66,10151.66,151.66,0,6,0,2916.61
2024-03-15T19:55:00.000000000Z,10151.66,10151.66,151.66,0,6,0,2916.13
2024-03-15T19:56:00.000000000Z,10151.66,10151.66,151.66,0,6,0,2915.66
2024-03-15T19:57:00.000000000Z,10151.66,10151.66,151.66,0,6,0,2915.2
2024-03-15T19:58:00.000000000Z,10151.66,10151.66,151.66,0,6,0,2914.74
2024-03-15T19:59:00.000000000Z,10151.66,10151.66,151.66,0,6,0,2914.28
2024-03-15T20:00:00.000000000Z,10151.66,10151.66,151.66,0,6,0,2913.84
2024-03-15T20:01:00.000000000Z,10151.66,10151.66,151.66,0,6,0,2913.4
2024-03-15T20:02:00.000000000Z,10151.66,10151.66,151.66,0,6,0,2912.96
2024-03-15T20:03:00.000000000Z,10151.66,10151.66,151.66,0,6,0,2912.54
2024-03-15T20:04:00.000000000Z,10151.66,10151.66,151.66,0,6,0,2912.12
2024-03-15T20:05:00.000000000Z,10151.66,10151.66,151.66,0,6,0,2911.71
2024-03-15T20:06:00.000000000Z,10151.66,10151.66,151.66,0,6,0,2911.3
2024-03-15T20:07:00.000000000Z,10151.66,10151.66,151.66,0,6,0,2910.9
2024-03-15T20:08:00.000000000Z,10151.66,10151.66,151.66,0,6,0,2910.51
2024-03-15T20:09:00.000000000Z,10151.66,10151.66,151.66,0,6,0,2910.12
2024-03-15T20:10:00.000000000Z,10151.66,10151.66,151.66,0,6,0,2909.74
2024-03-15T20:11:00.000000000Z,10151.66,10151.66,151.66,0,6,0,2909.37
2024-03-15T20:12:00.000000000Z,10151.66,10151.66,151.66,0,6,0,2909
2024-03-15T20:13:00.000000000Z,10151.66,10151.66,151.66,0,6,0,2908.65
2024-03-15T20:14:00.000000000Z,10151.66,10151.66,151.66,0,6,0,2908.29
2024-03-15T20:15:00.000000000Z,10151.66,10151.66,151.66,0,6,0,2907.95
2024-03-15T20:16:00.000000000Z,10151.66,10151.66,151.66,0,6,0,2907.61
2024-03-15T20:17:00.000000000Z,10151.66,10151.66,151.66,0,6,0,2907.28
2024-03-15T20:18:00.000000000Z,10151.66,10151.66,151.66,0,6,0,2906.96
2024-03-15T20:19:00.000000000Z,10151.66,10151.66,151.66,0,6,0,2906.64
2024-03-15T20:20:00.000000000Z,10151.66,10151.66,151.66,0,6,0,2906.33
2024-03-15T20:21:00.000000000Z,10151.66,10151.66,151.66,0,6,0,2906.03
2024-03-15T20:22:00.000000000Z,10151.66,10151.66,151.66,0,6,0,2905.74
2024-03-15T20:23:00.000000000Z,10151.66,10151.66,151.66,0,6,0,2905.45
2024-03-15T20:24:00.000000000Z,10151.66,10151.66,151.66,0,6,0,2905.17
2024-03-15T20:25:00.000000000Z,10151.66,10151.66,151.66,0,6,0,2904.89
2024-03-15T20:26:00.000000000Z,10151.66,10151.66,151.66,0,6,0,2904.63
2024-03-15T20:27:00.000000000Z,10151.66,10151.66,151.66,0,6,0,2904.37
2024-03-15T20:28:00.000000000Z,10151.66,10151.66,151.66,0,6,0,2904.12
2024-03-15T20:29:00.000000000Z,10151.66,10151.66,151.66,0,6,0,2903.87
2024-03-15T20:30:00.000000000Z,10151.66,10151.66,151.66,0,6,0,2903.64
2024-03-15T20:31:00.000000000Z,10151.66,10151.66,151.66,0,6,0,2903.41
2024-03-15T20:32:00.000000000Z,10151.66,10151.66,151.66,0,6,0,2903.19
2024-03-15T20:33:00.000000000Z,10151.66,10151.66,151.66,0,6,0,2902.97
2024-03-15T20:34:00.000000000Z,10151.66,10151.66,151.66,0,6,0,2902.76
2024-03-15T20:35:00.000000000Z,10151.66,10151.66,151.66,0,6,0,2902.56
2024-03-15T20:36:00.000000000Z,10151.66,10151.66,151.66,0,6,0,2902.37
2024-03-15T20:37:00.000000000Z,10151.66,10151.66,151.66,0,6,0,2902.19
2024-03-15T20:38:00.000000000Z,10151.66,10151.66,151.66,0,6,0,2902.01
2024-03-15T20:39:00.000000000Z,10151.66,10151.66,151.66,0,6,0,2901.84
2024-03-15T20:40:00.000000000Z,10151.66,10151.66,151.66,0,6,0,2901.67
2024-03-15T20:41:00.000000000Z,10151.66,10151.66,151.66,0,6,0,2901.52
2024-03-15T20:42:00.000000000Z,10151.66,10151.66,151.66,0,6,0,2901.37
2024-03-15T20:43:00.000000000Z,10151.66,10151.66,151.66,0,6,0,2901.23
2024-03-15T20:44:00.000000000Z,10151.66,10151.66,151.66,0,6,0,2901.1
2024-03-15T20:45:00.000000000Z,10151.66,10151.66,151.66,0,6,0,2900.97
2024-03-15T20:46:00.000000000Z,10151.66,10151.66,151.66,0,6,0,2900.86
2024-03-15T20:47:00.000000000Z,10151.66,10151.66,151.66,0,6,0,2900.75
2024-03-15T20:48:00.000000000Z,10151.66,10151.66,151.66,0,6,0,2900.64
2024-03-15T20:49:00.000000000Z,10151.66,10151.66,151.66,0,6,0,2900.55
2024-03-15T20:50:00.000000000Z,10151.66,10151.66,151.66,0,6,0,2900.46
2024-03-15T20:51:00.000000000Z,10151.66,10151.66,151.66,0,6,0,2900.38
2024-03-15T20:52:00.000000000Z,10151.66,10151.66,151.66,0,6,0,2900.31
2024-03-15T20:53:00.000000000Z,10151.66,10151.66,151.66,0,6,0,2900.24
2024-03-15T20:54:00.000000000Z,10151.66,10151.66,151.66,0,6,0,2900.19
2024-03-15T20:55:00.000000000Z,10151.66,10151.66,151.66,0,6,0,2900.14
2024-03-15T20:56:00.000000000Z,10151.66,10151.66,151.66,0,6,0,2900.1
2024-03-15T20:57:00.000000000Z,10151.66,10151.66,151.66,0,6,0,2900.06
2024-03-15T20:58:00.000000000Z,10151.66,10151.66,151.66,0,6,0,2900.03
2024-03-15T20:59:00.000000000Z,10151.66,10151.66,151.66,0,6,0,2900.02
2024-03-15T21:00:00.000000000Z,10151.66,10151.66,151.66,0,6,0,2900
2024-03-15T21:01:00.000000000Z,10151.66,10151.66,151.66,0,6,0,2900
2024-03-15T21:02:00.000000000Z,10151.66,10151.66,151.66,0,6,0,2900
2024-03-15T21:03:00.000000000Z,10151.66,10151.66,151.66,0,6,0,2900.02
2024-03-15T21:04:00.000000000Z,10151.66,10151.66,151.66,0,6,0,2900.03
2024-03-15T21:05:00.000000000Z,10151.66,10151.66,151.66,0,6,0,2900.06
2024-03-15T21:06:00.000000000Z,10151.66,10151.66,151.66,0,6,0,2900.1
2024-03-15T21:07:00.000000000Z,10151.66,10151.66,151.66,0,6,0,2900.14
2024-03-15T21:08:00.000000000Z,10151.66,10151.66,151.66,0,6,0,2900.19
2024-03-15T21:09:00.000000000Z,10151.66,10151.66,151.66,0,6,0,2900.24
2024-03-15T21:10:00.000000000Z,10151.66,10151.66,151.66,0,6,0,2900.31
2024-03-15T21:11:00.000000000Z,10151.66,10151.66,151.66,0,6,0,2900.38
2024-03-15T21:12:00.000000000Z,10151.66,10151.66,151.66,0,6,0,2900.46
2024-03-15T21:13:00.000000000Z,10151.66,10151.66,151.66,0,6,0,2900.55
2024-03-15T21:14:00.000000000Z,10151.66,10151.66,151.66,0,6,0,2900.64
2024-03-15T21:15:00.000000000Z,10151.66,10151.66,151.66,0,6,0,2900.75
2024-03-15T21:16:00.000000000Z,10151.66,10151.66,151.66,0,6,0,2900.86
2024-03-15T21:17:00.000000000Z,10151.66,10151.66,151.66,0,6,0,2900.97
2024-03-15T21:18:00.000000000Z,10151.66,10151.66,151.66,0,6,0,2901.1
2024-03-15T21:19:00.000000000Z,10151.66,10151.66,151.66,0,6,0,2901.23
2024-03-15T21:20:00.000000000Z,10151.66,10151.66,151.66,0,6,0,2901.37
2024-03-15T21:21:00.000000000Z,10151.66,10151.66,151.66,0,6,0,2901.52
2024-03-15T21:22:00.000000000Z,10151.66,10151.66,151.66,0,6,0,2901.67
2024-03-15T21:23:00.000000000Z,10151.66,10151.66,151.66,0,6,0,2901.84
2024-03-15T21:24:00.000000000Z,10151.66,10151.66,151.66,0,6,0,2902.01
2024-03-15T21:25:00.000000000Z,10151.66,10151.66,151.66,0,6,0,2902.19
2024-03-15T21:26:00.000000000Z,10151.66,10151.66,151.66,0,6,0,2902.37
2024-03-15T21:27:00.000000000Z,10151.66,10151.66,151.66,0,6,0,2902.56
2024-03-15T21:28:00.000000000Z,10151.66,10151.66,151.66,0,6,0,2902.76
2024-03-15T21:29:00.000000000Z,10151.66,10151.66,151.66,0,6,0,2902.97
2024-03-15T21:30:00.000000000Z,10151.66,10151.66,151.66,0,6,0,2903.19
2024-03-15T21:31:00.000000000Z,10151.66,10151.66,151.66,0,6,0,2903.41
2024-03-15T21:32:00.000000000Z,10151.66,10151.66,151.66,0,6,0,2903.64
2024-03-15T21:33:00.000000000Z,10151.66,10151.66,151.66,0,6,0,2903.87
2024-03-15T21:34:00.000000000Z,10151.66,10151.66,151.66,0,6,0,2904.12
2024-03-15T21:35:00.000000000Z,10151.66,10151.66,151.66,0,6,0,2904.37
2024-03-15T21:36:00.000000000Z,10151.66,10151.66,151.66,0,6,0,2904.63
2024-03-15T21:37:00.000000000Z,10151.66,10151.66,151.66,0,6,0,2904.89
2024-03-15T21:38:00.000000000Z,10151.66,10151.66,151.66,0,6,0,2905.17
2024-03-15T21:39:00.000000000Z,10151.66,10151.66,151.66,0,6,0,2905.45
2024-03-15T21:40:00.000000000Z,10151.66,10151.66,151.66,0,6,0,2905.74
2024-03-15T21:41:00.000000000Z,10151.66,10151.66,151.66,0,6,0,2906.03
2024-03-15T21:42:00.000000000Z,10151.66,10151.66,151.66,0,6,0,2906.33
2024-03-15T21:43:00.000000000Z,10151.66,10151.66,151.66,0,6,0,2906.64
2024-03-15T21:44:00.000000000Z,10151.66,10151.66,151.66,0,6,0,2906.96
2024-03-15T21:45:00.000000000Z,10151.66,10151.66,151.66,0,6,0,2907.28
2024-03-15T21:46:00.000000000Z,10151.66,10151.66,151.66,0,6,0,2907.61
2024-03-15T21:47:00.000000000Z,10151.66,10151.66,151.66,0,6,0,2907.95
2024-03-15T21:48:00.000000000Z,10151.66,10151.66,151.66,0,6,0,2908.29
2024-03-15T21:49:00.000000000Z,10151.66,10151.66,151.66,0,6,0,2908.65
2024-03-15T21:50:00.000000000Z,10151.66,10151.66,151.66,0,6,0,2909
2024-03-15T21:51:00.000000000Z,10151.66,10151.66,151.66,0,6,0,2909.37
2024-03-15T21:52:00.000000000Z,10151.66,10151.66,151.66,0,6,0,2909.74
2024-03-15T21:53:00.000000000Z,10151.66,10151.66,151.66,0,6,0,2910.12
2024-03-15T21:54:00.000000000Z,10151.66,10151.66,151.66,0,6,0,2910.51
2024-03-15T21:55:00.000000000Z,10151.66,10151.66,151.66,0,6,0,2910.9
2024-03-15T21:56:00.000000000Z,10151.66,10151.66,151.66,0,6,0,2911.3
2024-03-15T21:57:00.000000000Z,10151.66,10151.66,151.66,0,6,0,2911.71
2024-03-15T21:58:00.000000000Z,10151.66,10151.66,151.66,0,6,0,2912.12
2024-03-15T21:59:00.000000000Z,10151.66,10151.66,151.66,0,6,0,2912.54
2024-03-15T22:00:00.000000000Z,10151.66,10151.66,151.66,0,6,0,2912.96
2024-03-15T22:01:00.000000000Z,10151.66,10151.66,151.66,0,6,0,2913.4
2024-03-15T22:02:00.000000000Z,10151.66,10151.66,151.66,0,6,0,2913.84
2024-03-15T22:03:00.000000000Z,10151.66,10151.66,151.66,0,6,0,2914.28
2024-03-15T22:04:00.000000000Z,10151.66,10151.66,151.66,0,6,0,2914.74
2024-03-15T22:05:00.000000000Z,10151.66,10151.66,151.66,0,6,0,2915.2
2024-03-15T22:06:00.000000000Z,10151.66,10151.66,151.66,0,6,0,2915.66
2024-03-15T22:07:00.000000000Z,10151.66,10151.66,151.66,0,6,0,2916.13
2024-03-15T22:08:00.000000000Z,10151.66,10151.66,151.66,0,6,0,2916.61
2024-03-15T22:09:00.000000000Z,10151.66,10151.66,151.66,0,6,0,2917.1
2024-03-15T22:10:00.000000000Z,10151.66,10151.66,151.66,0,6,0,2917.59
2024-03-15T22:11:00.000000000Z,10151.66,10151.66,151.66,0,6,0,2918.08
2024-03-15T22:12:00.000000000Z,10151.66,10151.66,151.66,0,6,0,2918.59
2024-03-15T22:13:00.000000000Z,10151.66,10151.66,151.66,0,6,0,2919.1
2024-03-15T22:14:00.000000000Z,10151.66,10151.66,151.66,0,6,0,2919.61
2024-03-15T22:15:00.000000000Z,10151.66,10151.66,151.66,0,6,0,2920.14
2024-03-15T22:16:00.000000000Z,10148.22883,7227.56883,148.73883,-0.51,8.92117,1,2920.66
2024-03-15T22:17:00.000000000Z,10148.76883,7227.56883,148.73883,0.03,8.92117,1,2921.2
2024-03-15T22:18:00.000000000Z,10149.30883,7227.56883,148.73883,0.57,8.92117,1,2921.74
2024-03-15T22:19:00.000000000Z,10149.85883,7227.56883,148.73883,1.12,8.92117,1,2922.29
2024-03-15T22:20:00.000000000Z,10150.40883,7227.56883,148.73883,1.67,8.92117,1,2922.84
2024-03-15T22:21:00.000000000Z,10150.96883,7227.56883,148.73883,2.23,8.92117,1,2923.4
2024-03-15T22:22:00.000000000Z,10151.52883,7227.56883,148.73883,2.79,8.92117,1,2923.96
2024-03-15T22:23:00.000000000Z,10152.09883,7227.56883,148.73883,3.36,8.92117,1,2924.53
2024-03-15T22:24:00.000000000Z,10152.66883,7227.56883,148.73883,3.93,8.92117,1,2925.1
2024-03-15T22:25:00.000000000Z,10153.25883,7227.56883,148.73883,4.52,8.92117,1,2925.69
2024-03-15T22:26:00.000000000Z,10153.83883,7227.56883,148.73883,5.1,8.92117,1,2926.27
2024-03-15T22:27:00.000000000Z,10154.42883,7227.56883,148.73883,5.69,8.92117,1,2926.86
2024-03-15T22:28:00.000000000Z,10155.02883,7227.56883,148.73883,6.29,8.92117,1,2927.46
2024-03-15T22:29:00.000000000Z,10155.63883,7227.56883,148.73883,6.9,8.92117,1,2928.07
2024-03-15T22:30:00.000000000Z,10156.23883,7227.56883,148.73883,7.5,8.92117,1,2928.67
2024-03-15T22:31:00.000000000Z,10156.85883,7227.56883,148.73883,8.12,8.92117,1,2929.29
2024-03-15T22:32:00.000000000Z,10157.47883,7227.56883,148.73883,8.74,8.92117,1,2929.91
2024-03-15T22:33:00.000000000Z,10158.09883,7227.56883,148.73883,9.36,8.92117,1,2930.53
2024-03-15T22:34:00.000000000Z,10158.72883,7227.56883,148.73883,9.99,8.92117,1,2931.16
2024-03-15T22:35:00.000000000Z,10159.36883,7227.56883,148.73883,10.63,8.92117,1,2931.8
2024-03-15T22:36:00.000000000Z,10160.00883,7227.56883,148.73883,11.27,8.92117,1,2932.44
2024-03-15T22:37:00.000000000Z,10160.65883,7227.56883,148.73883,11.92,8.92117,1,2933.09
2024-03-15T22:38:00.000000000Z,10161.30883,7227.56883,148.73883,12.57,8.92117,1,2933.74
2024-03-15T22:39:00.000000000Z,10161.95883,7227.56883,148.73883,13.22,8.92117,1,2934.39
2024-03-15T22:40:00.000000000Z,10162.62883,7227.56883,148.73883,13.89,8.92117,1,2935.06
2024-03-15T22:41:00.000000000Z,10163.28883,7227.56883,148.73883,14.55,8.92117,1,2935.72
2024-03-15T22:42:00.000000000Z,10163.95883,7227.56883,148.73883,15.22,8.92117,1,2936.39
2024-03-15T22:43:00.000000000Z,10164.63883,7227.56883,148.73883,15.9,8.92117,1,2937.07
2024-03-15T22:44:00.000000000Z,10165.31883,7227.56883,148.73883,16.58,8.92117,1,2937.75
2024-03-15T22:45:00.000000000Z,10165.99883,7227.56883,148.73883,17.26,8.92117,1,2938.43
2024-03-15T22:46:00.000000000Z,10166.68883,7227.56883,148.73883,17.95,8.92117,1,2939.12
2024-03-15T22:47:00.000000000Z,10167.38883,7227.56883,148.73883,18.65,8.92117,1,2939.82
2024-03-15T22:48:00.000000000Z,10168.08883,7227.56883,148.73883,19.35,8.92117,1,2940.52
2024-03-15T22:49:00.000000000Z,10168.78883,7227.56883,148.73883,20.05,8.92117,1,2941.22
2024-03-15T22:50:00.000000000Z,10169.49883,7227.56883,148.73883,20.76,8.92117,1,2941.93
2024-03-15T22:51:00.000000000Z,10170.20883,7227.56883,148.73883,21.47,8.92117,1,2942.64
2024-03-15T22:52:00.000000000Z,10170.92883,7227.56883,148.73883,22.19,8.92117,1,2943.36
2024-03-15T22:53:00.000000000Z,10171.64883,7227.56883,148.73883,22.91,8.92117,1,2944.08
2024-03-15T22:54:00.000000000Z,10172.37883,7227.56883,148.73883,23.64,8.92117,1,2944.81
2024-03-15T22:55:00.000000000Z,10173.10883,7227.56883,148.73883,24.37,8.92117,1,2945.54
2024-03-15T22:56:00.000000000Z,10173.83883,7227.56883,148.73883,25.1,8.92117,1,2946.27
2024-03-15T22:57:00.000000000Z,10174.57883,7227.56883,148.73883,25.84,8.92117,1,2947.01
2024-03-15T22:58:00.000000000Z,10175.31883,7227.56883,148.73883,26.58,8.92117,1,2947.75
2024-03-15T22:59:00.000000000Z,10176.06883,7227.56883,148.73883,27.33,8.92117,1,2948.5
2024-03-15T23:00:00.000000000Z,10176.81883,7227.56883,148.73883,28.08,8.92117,1,2949.25
2024-03-15T23:01:00.000000000Z,10177.56883,7227.56883,148.73883,28.83,8.92117,1,2950
2024-03-15T23:02:00.000000000Z,10178.32883,7227.56883,148.73883,29.59,8.92117,1,2950.76
2024-03-15T23:03:00.000000000Z,10179.08883,7227.56883,148.73883,30.35,8.92117,1,2951.52
2024-03-15T23:04:00.000000000Z,10179.84883,7227.56883,148.73883,31.11,8.92117,1,2952.28
2024-03-15T23:05:00.000000000Z,10180.61883,7227.56883,148.73883,31.88,8.92117,1,2953.05
2024-03-15T23:06:00.000000000Z,10181.39883,7227.56883,148.73883,32.66,8.92117,1,2953.83
2024-03-15T23:07:00.000000000Z,10182.16883,7227.56883,148.73883,33.43,8.92117,1,2954.6
2024-03-15T23:08:00.000000000Z,10182.94883,7227.56883,148.73883,34.21,8.92117,1,2955.38
2024-03-15T23:09:00.000000000Z,10183.72883,7227.56883,148.73883,34.99,8.92117,1,2956.16
2024-03-15T23:10:00.000000000Z,10184.51883,7227.56883,148.73883,35.78,8.92117,1,2956.95
2024-03-15T23:11:00.000000000Z,10185.30883,7227.56883,148.73883,36.57,8.92117,1,2957.74
2024-03-15T23:12:00.000000000Z,10186.09883,7227.56883,148.73883,37.36,8.92117,1,2958.53
2024-03-15T23:13:00.000000000Z,10186.89883,7227.56883,148.73883,38.16,8.92117,1,2959.33
2024-03-15T23:14:00.000000000Z,10187.69883,7227.56883,148.73883,38.96,8.92117,1,2960.13
2024-03-15T23:15:00.000000000Z,10188.49883,7227.56883,148.73883,39.76,8.92117,1,2960.93
2024-03-15T23:16:00.000000000Z,10189.29883,7227.56883,148.73883,40.56,8.92117,1,2961.73
2024-03-15T23:17:00.000000000Z,10190.10883,7227.56883,148.73883,41.37,8.92117,1,2962.54
2024-03-15T23:18:00.000000000Z,10190.91883,7227.56883,148.73883,42.18,8.92117,1,2963.35
2024-03-15T23:19:00.000000000Z,10191.72883,7227.56883,148.73883,42.99,8.92117,1,2964.16
2024-03-15T23:20:00.000000000Z,10192.54883,7227.56883,148.73883,43.81,8.92117,1,2964.98
2024-03-15T23:21:00.000000000Z,10193.36883,7227.56883,148.73883,44.63,8.92117,1,2965.8
2024-03-15T23:22:00.000000000Z,10194.18883,7227.56883,148.73883,45.45,8.92117,1,2966.62
2024-03-15T23:23:00.000000000Z,10195.00883,7227.56883,148.73883,46.27,8.92117,1,2967.44
2024-03-15T23:24:00.000000000Z,10195.83883,7227.56883,148.73883,47.1,8.92117,1,2968.27
2024-03-15T23:25:00.000000000Z,10196.66883,7227.56883,148.73883,47.93,8.92117,1,2969.1
2024-03-15T23:26:00.000000000Z,10197.49883,7227.56883,148.73883,48.76,8.92117,1,2969.93
2024-03-15T23:27:00.000000000Z,10198.32883,7227.56883,148.73883,49.59,8.92117,1,2970.76
2024-03-15T23:28:00.000000000Z,10199.16883,7227.56883,148.73883,50.43,8.92117,1,2971.6
2024-03-15T23:29:00.000000000Z,10200.00883,7227.56883,148.73883,51.27,8.92117,1,2972.44
2024-03-15T23:30:00.000000000Z,10200.84883,7227.56883,148.73883,52.11,8.92117,1,2973.28
2024-03-15T23:31:00.000000000Z,10201.68883,7227.56883,148.73883,52.95,8.92117,1,2974.12
2024-03-15T23:32:00.000000000Z,10202.52883,7227.56883,148.73883,53.79,8.92117,1,2974.96
2024-03-15T23:33:00.000000000Z,10203.37883,7227.56883,148.73883,54.64,8.92117,1,2975.81
2024-03-15T23:34:00.000000000Z,10204.22883,7227.56883,148.73883,55.49,8.92117,1,2976.66
2024-03-15T23:35:00.000000000Z,10205.06883,7227.56883,148.73883,56.33,8.92117,1,2977.5
2024-03-15T23:36:00.000000000Z,10205.92883,7227.56883,148.73883,57.19,8.92117,1,2978.36
2024-03-15T23:37:00.000000000Z,10206.77883,7227.56883,148.73883,58.04,8.92117,1,2979.21
2024-03-15T23:38:00.000000000Z,10207.62883,7227.56883,148.73883,58.89,8.92117,1,2980.06
2024-03-15T23:39:00.000000000Z,10208.48883,7227.56883,148.73883,59.75,8.92117,1,2980.92
2024-03-15T23:40:00.000000000Z,10209.34883,7227.56883,148.73883,60.61,8.92117,1,2981.78
2024-03-15T23:41:00.000000000Z,10210.20883,7227.56883,148.73883,61.47,8.92117,1,2982.64
2024-03-15T23:42:00.000000000Z,10211.06883,7227.56883,148.73883,62.33,8.92117,1,2983.5
2024-03-15T23:43:00.000000000Z,10211.92883,7227.56883,148.73883,63.19,8.92117,1,2984.36
2024-03-15T23:44:00.000000000Z,10212.78883,7227.56883,148.73883,64.05,8.92117,1,2985.22
2024-03-15T23:45:00.000000000Z,10213.64883,7227.56883,148.73883,64.91,8.92117,1,2986.08
2024-03-15T23:46:00.000000000Z,10214.51883,7227.56883,148.73883,65.78,8.92117,1,2986.95
2024-03-15T23:47:00.000000000Z,10215.37883,7227.56883,148.73883,66.64,8.92117,1,2987.81
2024-03-15T23:48:00.000000000Z,10216.24883,7227.56883,148.73883,67.51,8.92117,1,2988.68
2024-03-15T23:49:00.000000000Z,10217.11883,7227.56883,148.73883,68.38,8.92117,1,2989.55
2024-03-15T23:50:00.000000000Z,10217.98883,7227.56883,148.73883,69.25,8.92117,1,2990.42
2024-03-15T23:51:00.000000000Z,10218.84883,7227.56883,148.73883,70.11,8.92117,1,2991.28
2024-03-15T23:52:00.000000000Z,10219.71883,7227.56883,148.73883,70.98,8.92117,1,2992.15
2024-03-15T23:53:00.000000000Z,10220.58883,7227.56883,148.73883,71.85,8.92117,1,2993.02
2024-03-15T23:54:00.000000000Z,10221.46883,7227.56883,148.73883,72.73,8.92117,1,2993.9
2024-03-15T23:55:00.000000000Z,10222.33883,7227.56883,148.73883,73.6,8.92117,1,2994.77
2024-03-15T23:56:00.000000000Z,10223.20883,7227.56883,148.73883,74.47,8.92117,1,2995.64
2024-03-15T23:57:00.000000000Z,10224.07883,7227.56883,148.73883,75.34,8.92117,1,2996.51
2024-03-15T23:58:00.000000000Z,10224.94883,7227.56883,148.73883,76.21,8.92117,1,2997.38
2024-03-15T23:59:00.000000000Z,10225.81883,7227.56883,148.73883,77.08,8.92117,1,2998.25
2024-03-16T00:00:00.000000000Z,10226.69883,7227.56883,148.73883,77.96,8.92117,1,2999.13
2024-03-16T00:01:00.000000000Z,10227.56883,7227.56883,148.73883,78.83,8.92117,1,3000
2024-03-16T00:02:00.000000000Z,10228.43883,7227.56883,148.73883,79.7,8.92117,1,3000.87
2024-03-16T00:03:00.000000000Z,10229.31883,7227.56883,148.73883,80.58,8.92117,1,3001.75
2024-03-16T00:04:00.000000000Z,10230.18883,7227.56883,148.73883,81.45,8.92117,1,3002.62
2024-03-16T00:05:00.000000000Z,10231.05883,7227.56883,148.73883,82.32,8.92117,1,3003.49
2024-03-16T00:06:00.000000000Z,10231.92883,7227.56883,148.73883,83.19,8.92117,1,3004.36
2024-03-16T00:07:00.000000000Z,10232.79883,7227.56883,148.73883,84.06,8.92117,1,3005.23
2024-03-16T00:08:00.000000000Z,10233.66883,7227.56883,148.73883,84.93,8.92117,1,3006.1
2024-03-16T00:09:00.000000000Z,10234.54883,7227.56883,148.73883,85.81,8.92117,1,3006.98
2024-03-16T00:10:00.000000000Z,10235.41883,7227.56883,148.73883,86.68,8.92117,1,3007.85
2024-03-16T00:11:00.000000000Z,10236.28883,7227.56883,148.73883,87.55,8.92117,1,3008.72
2024-03-16T00:12:00.000000000Z,10237.14883,7227.56883,148.73883,88.41,8.92117,1,3009.58
2024-03-16T00:13:00.000000000Z,10238.01883,7227.56883,148.73883,89.28,8.92117,1,3010.45
2024-03-16T00:14:00.000000000Z,10238.88883,7227.56883,148.73883,90.15,8.92117,1,3011.32
2024-03-16T00:15:00.000000000Z,10239.75883,7227.56883,148.73883,91.02,8.92117,1,3012.19
2024-03-16T00:16:00.000000000Z,10240.61883,7227.56883,148.73883,91.88,8.92117,1,3013.05
2024-03-16T00:17:00.000000000Z,10241.48883,7227.56883,148.73883,92.75,8.92117,1,3013.92
2024-03-16T00:18:00.000000000Z,10242.34883,7227.56883,148.73883,93.61,8.92117,1,3014.78
2024-03-16T00:19:00.000000000Z,10243.20883,7227.56883,148.73883,94.47,8.92117,1,3015.64
2024-03-16T00:20:00.000000000Z,10244.06883,7227.56883,148.73883,95.33,8.92117,1,3016.5
2024-03-16T00:21:00.000000000Z,10244.92883,7227.56883,148.73883,96.19,8.92117,1,3017.36
2024-03-16T00:22:00.000000000Z,10245.78883,7227.56883,148.73883,97.05,8.92117,1,3018.22
2024-03-16T00:23:00.000000000Z,10246.64883,7227.56883,148.73883,97.91,8.92117,1,3019.08
2024-03-16T00:24:00.000000000Z,10247.50883,7227.56883,148.73883,98.77,8.92117,1,3019.94
2024-03-16T00:25:00.000000000Z,10248.35883,7227.56883,148.73883,99.62,8.92117,1,3020.79
2024-03-16T00:26:00.000000000Z,10249.20883,7227.56883,148.73883,100.47,8.92117,1,3021.64
2024-03-16T00:27:00.000000000Z,10250.06883,7227.56883,148.73883,101.33,8.92117,1,3022.5
2024-03-16T00:28:00.000000000Z,10250.90883,7227.56883,148.73883,102.17,8.92117,1,3023.34
2024-03-16T00:29:00.000000000Z,10251.75883,7227.56883,148.73883,103.02,8.92117,1,3024.19
2024-03-16T00:30:00.000000000Z,10252.60883,7227.56883,148.73883,103.87,8.92117,1,3025.04
2024-03-16T00:31:00.000000000Z,10253.44883,7227.56883,148.73883,104.71,8.92117,1,3025.88
2024-03-16T00:32:00.000000000Z,10254.28883,7227.56883,148.73883,105.55,8.92117,1,3026.72
2024-03-16T00:33:00.000000000Z,10255.12883,7227.56883,148.73883,106.39,8.92117,1,3027.56
2024-03-16T00:34:00.000000000Z,10255.96883,7227.56883,148.73883,107.23,8.92117,1,3028.4
2024-03-16T00:35:00.000000000Z,10256.80883,7227.56883,148.73883,108.07,8.92117,1,3029.24
2024-03-16T00:36:00.000000000Z,10257.63883,7227.56883,148.73883,108.9,8.92117,1,3030.07
2024-03-16T00:37:00.000000000Z,10258.46883,7227.56883,148.73883,109.73,8.92117,1,3030.9
2024-03-16T00:38:00.000000000Z,10259.29883,7227.56883,148.73883,110.56,8.92117,1,3031.73
2024-03-16T00:39:00.000000000Z,10260.12883,7227.56883,148.73883,111.39,8.92117,1,3032.56
2024-03-16T00:40:00.000000000Z,10260.94883,7227.56883,148.73883,112.21,8.92117,1,3033.38
2024-03-16T00:41:00.000000000Z,10261.76883,7227.56883,148.73883,113.03,8.92117,1,3034.2
2024-03-16T00:42:00.000000000Z,10262.58883,7227.56883,148.73883,113.85,8.92117,1,3035.02
2024-03-16T00:43:00.000000000Z,10263.40883,7227.56883,148.73883,114.67,8.92117,1,3035.84
2024-03-16T00:44:00.000000000Z,10264.21883,7227.56883,148.73883,115.48,8.92117,1,3036.65
2024-03-16T00:45:00.000000000Z,10265.02883,7227.56883,148.73883,116.29,8.92117,1,3037.46
2024-03-16T00:46:00.000000000Z,10265.83883,7227.56883,148.73883,117.1,8.92117,1,3038.27
2024-03-16T00:47:00.000000000Z,10266.63883,7227.56883,148.73883,117.9,8.92117,1,3039.07
2024-03-16T00:48:00.000000000Z,10267.43883,7227.56883,148.73883,118.7,8.92117,1,3039.87
2024-03-16T00:49:00.000000000Z,10268.23883,7227.56883,148.73883,119.5,8.92117,1,3040.67
2024-03-16T00:50:00.000000000Z,10269.03883,7227.56883,148.73883,120.3,8.92117,1,3041.47
2024-03-16T00:51:00.000000000Z,10269.82883,7227.56883,148.73883,121.09,8.92117,1,3042.26
2024-03-16T00:52:00.000000000Z,10270.61883,7227.56883,148.73883,121.88,8.92117,1,3043.05
2024-03-16T00:53:00.000000000Z,10271.40883,7227.56883,148.73883,122.67,8.92117,1,3043.84
2024-03-16T00:54:00.000000000Z,10272.18883,7227.56883,148.73883,123.45,8.92117,1,3044.62
2024-03-16T00:55:00.000000000Z,10272.96883,7227.56883,148.73883,124.23,8.92117,1,3045.4
2024-03-16T00:56:00.000000000Z,10273.73883,7227.56883,148.73883,125,8.92117,1,3046.17
2024-03-16T00:57:00.000000000Z,10274.51883,7227.56883,148.73883,125.78,8.92117,1,3046.95
2024-03-16T00:58:00.000000000Z,10275.28883,7227.56883,148.73883,126.55,8.92117,1,3047.72
2024-03-16T00:59:00.000000000Z,10276.04883,7227.56883,148.73883,127.31,8.92117,1,3048.48
2024-03-16T01:00:00.000000000Z,10276.80883,7227.56883,148.73883,128.07,8.92117,1,3049.24
2024-03-16T01:01:00.000000000Z,10277.56883,7227.56883,148.73883,128.83,8.92117,1,3050
2024-03-16T01:02:00.000000000Z,10278.31883,7227.56883,148.73883,129.58,8.92117,1,3050.75
2024-03-16T01:03:00.000000000Z,10279.06883,7227.56883,148.73883,130.33,8.92117,1,3051.5
2024-03-16T01:04:00.000000000Z,10279.81883,7227.56883,148.73883,131.08,8.92117,1,3052.25
2024-03-16T01:05:00.000000000Z,10280.55883,7227.56883,148.73883,131.82,8.92117,1,3052.99
2024-03-16T01:06:00.000000000Z,10281.29883,7227.56883,148.73883,132.56,8.92117,1,3053.73
2024-03-16T01:07:00.000000000Z,10282.02883,7227.56883,148.73883,133.29,8.92117,1,3054.46
2024-03-16T01:08:00.000000000Z,10282.75883,7227.56883,148.73883,134.02,8.92117,1,3055.19
2024-03-16T01:09:00.000000000Z,10283.48883,7227.56883,148.73883,134.75,8.92117,1,3055.92
2024-03-16T01:10:00.000000000Z,10284.20883,7227.56883,148.73883,135.47,8.92117,1,3056.64
2024-03-16T01:11:00.000000000Z,10284.92883,7227.56883,148.73883,136.19,8.92117,1,3057.36
2024-03-16T01:12:00.000000000Z,10285.63883,7227.56883,148.73883,136.9,8.92117,1,3058.07
2024-03-16T01:13:00.000000000Z,10286.34883,7227.56883,148.73883,137.61,8.92117,1,3058.78
2024-03-16T01:14:00.000000000Z,10287.04883,7227.56883,148.73883,138.31,8.92117,1,3059.48
2024-03-16T01:15:00.000000000Z,10287.74883,7227.56883,148.73883,139.01,8.92117,1,3060.18
2024-03-16T01:16:00.000000000Z,10288.44883,7227.56883,148.73883,139.71,8.92117,1,3060.88
2024-03-16T01:17:00.000000000Z,10289.13883,7227.56883,148.73883,140.4,8.92117,1,3061.57
2024-03-16T01:18:00.000000000Z,10289.81883,7227.56883,148.73883,141.08,8.92117,1,3062.25
2024-03-16T01:19:00.000000000Z,10290.49883,7227.56883,148.73883,141.76,8.92117,1,3062.93
2024-03-16T01:20:00.000000000Z,10291.17883,7227.56883,148.73883,142.44,8.92117,1,3063.61
2024-03-16T01:21:00.000000000Z,10291.84883,7227.56883,148.73883,143.11,8.92117,1,3064.28
2024-03-16T01:22:00.000000000Z,10292.50883,7227.56883,148.73883,143.77,8.92117,1,3064.94
2024-03-16T01:23:00.000000000Z,10293.17883,7227.56883,148.73883,144.44,8.92117,1,3065.61
2024-03-16T01:24:00.000000000Z,10293.82883,7227.56883,148.73883,145.09,8.92117,1,3066.26
2024-03-16T01:25:00.000000000Z,10294.47883,7227.56883,148.73883,145.74,8.92117,1,3066.91
2024-03-16T01:26:00.000000000Z,10295.12883,7227.56883,148.73883,146.39,8.92117,1,3067.56
2024-03-16T01:27:00.000000000Z,10295.76883,7227.56883,148.73883,147.03,8.92117,1,3068.2
2024-03-16T01:28:00.000000000Z,10296.40883,7227.56883,148.73883,147.67,8.92117,1,3068.84
2024-03-16T01:29:00.000000000Z,10297.03883,7227.56883,148.73883,148.3,8.92117,1,3069.47
2024-03-16T01:30:00.000000000Z,10297.65883,7227.56883,148.73883,148.92,8.92117,1,3070.09
2024-03-16T01:31:00.000000000Z,10298.27883,7227.56883,148.73883,149.54,8.92117,1,3070.71
2024-03-16T01:32:00.000000000Z,10298.89883,7227.56883,148.73883,150.16,8.92117,1,3071.33
2024-03-16T01:33:00.000000000Z,10299.49883,7227.56883,148.73883,150.76,8.92117,1,3071.93
2024-03-16T01:34:00.000000000Z,10300.10883,7227.56883,148.73883,151.37,8.92117,1,3072.54
2024-03-16T01:35:00.000000000Z,10300.70883,7227.56883,148.73883,151.97,8.92117,1,3073.14
2024-03-16T01:36:00.000000000Z,10301.29883,7227.56883,148.73883,152.56,8.92117,1,3073.73
2024-03-16T01:37:00.000000000Z,10301.87883,7227.56883,148.73883,153.14,8.92117,1,3074.31
2024-03-16T01:38:00.000000000Z,10302.46883,7227.56883,148.73883,153.73,8.92117,1,3074.9
2024-03-16T01:39:00.000000000Z,10303.03883,7227.56883,148.73883,154.3,8.92117,1,3075.47
2024-03-16T01:40:00.000000000Z,10303.60883,7227.56883,148.73883,154.87,8.92117,1,3076.04
2024-03-16T01:41:00.000000000Z,10304.16883,7227.56883,148.73883,155.43,8.92117,1,3076.6
2024-03-16T01:42:00.000000000Z,10304.72883,7227.56883,148.73883,155.99,8.92117,1,3077.16
2024-03-16T01:43:00.000000000Z,10305.27883,7227.56883,148.73883,156.54,8.92117,1,3077.71
2024-03-16T01:44:00.000000000Z,10305.82883,7227.56883,148.73883,157.09,8.92117,1,3078.26
2024-03-16T01:45:00.000000000Z,10306.36883,7227.56883,148.73883,157.63,8.92117,1,3078.8
2024-03-16T01:46:00.000000000Z,10306.90883,7227.56883,148.73883,158.17,8.92117,1,3079.34
2024-03-16T01:47:00.000000000Z,10307.42883,7227.56883,148.73883,158.69,8.92117,1,3079.86
2024-03-16T01:48:00.000000000Z,10307.95883,7227.56883,148.73883,159.22,8.92117,1,3080.39
2024-03-16T01:49:00.000000000Z,10308.46883,7227.56883,148.73883,159.73,8.92117,1,3080.9
2024-03-16T01:50:00.000000000Z,10308.97883,7227.56883,148.73883,160.24,8.92117,1,3081.41
2024-03-16T01:51:00.000000000Z,10309.48883,7227.56883,148.73883,160.75,8.92117,1,3081.92
2024-03-16T01:52:00.000000000Z,10309.97883,7227.56883,148.73883,161.24,8.92117,1,3082.41
2024-03-16T01:53:00.000000000Z,10310.46883,7227.56883,148.73883,161.73,8.92117,1,3082.9
2024-03-16T01:54:00.000000000Z,10310.95883,7227.56883,148.73883,162.22,8.92117,1,3083.39
2024-03-16T01:55:00.000000000Z,10311.43883,7227.56883,148.73883,162.7,8.92117,1,3083.87
2024-03-16T01:56:00.000000000Z,10311.90883,7227.56883,148.73883,163.17,8.92117,1,3084.34
2024-03-16T01:57:00.000000000Z,10312.36883,7227.56883,148.73883,163.63,8.92117,1,3084.8
2024-03-16T01:58:00.000000000Z,10312.82883,7227.56883,148.73883,164.09,8.92117,1,3085.26
2024-03-16T01:59:00.000000000Z,10313.28883,7227.56883,148.73883,164.55,8.92117,1,3085.72
2024-03-16T02:00:00.000000000Z,10313.72883,7227.56883,148.73883,164.99,8.92117,1,3086.16
2024-03-16T02:01:00.000000000Z,10314.16883,7227.56883,148.73883,165.43,8.92117,1,3086.6
2024-03-16T02:02:00.000000000Z,10314.60883,7227.56883,148.73883,165.87,8.92117,1,3087.04
2024-03-16T02:03:00.000000000Z,10315.02883,7227.56883,148.73883,166.29,8.92117,1,3087.46
2024-03-16T02:04:00.000000000Z,10315.44883,7227.56883,148.73883,166.71,8.92117,1,3087.88
2024-03-16T02:05:00.000000000Z,10315.85883,7227.56883,148.73883,167.12,8.92117,1,3088.29
2024-03-16T02:06:00.000000000Z,10316.26883,7227.56883,148.73883,167.53,8.92117,1,3088.7
2024-03-16T02:07:00.000000000Z,10316.66883,7227.56883,148.73883,167.93,8.92117,1,3089.1
2024-03-16T02:08:00.000000000Z,10317.05883,7227.56883,148.73883,168.32,8.92117,1,3089.49
2024-03-16T02:09:00.000000000Z,10317.44883,7227.56883,148.73883,168.71,8.92117,1,3089.88
2024-03-16T02:10:00.000000000Z,10317.82883,7227.56883,148.73883,169.09,8.92117,1,3090.26
2024-03-16T02:11:00.000000000Z,10318.19883,7227.56883,148.73883,169.46,8.92117,1,3090.63
2024-03-16T02:12:00.000000000Z,10318.56883,7227.56883,148.73883,169.83,8.92117,1,3091
2024-03-16T02:13:00.000000000Z,10318.91883,7227.56883,148.73883,170.18,8.92117,1,3091.35
2024-03-16T02:14:00.000000000Z,10319.27883,7227.56883,148.73883,170.54,8.92117,1,3091.71
2024-03-16T02:15:00.000000000Z,10319.61883,7227.56883,148.73883,170.88,8.92117,1,3092.05
2024-03-16T02:16:00.000000000Z,10319.95883,7227.56883,148.73883,171.22,8.92117,1,3092.39
2024-03-16T02:17:00.000000000Z,10320.28883,7227.56883,148.73883,171.55,8.92117,1,3092.72
2024-03-16T02:18:00.000000000Z,10320.60883,7227.56883,148.73883,171.87,8.92117,1,3093.04
2024-03-16T02:19:00.000000000Z,10320.92883,7227.56883,148.73883,172.19,8.92117,1,3093.36
2024-03-16T02:20:00.000000000Z,10321.23883,7227.56883,148.73883,172.5,8.92117,1,3093.67
2024-03-16T02:21:00.000000000Z,10321.53883,7227.56883,148.73883,172.8,8.92117,1,3093.97
2024-03-16T02:22:00.000000000Z,10321.82883,7227.56883,148.73883,173.09,8.92117,1,3094.26
2024-03-16T02:23:00.000000000Z,10322.11883,7227.56883,148.73883,173.38,8.92117,1,3094.55
2024-03-16T02:24:00.000000000Z,10322.39883,7227.56883,148.73883,173.66,8.92117,1,3094.83
2024-03-16T02:25:00.000000000Z,10322.67883,7227.56883,148.73883,173.94,8.92117,1,3095.11
2024-03-16T02:26:00.000000000Z,10322.93883,7227.56883,148.73883,174.2,8.92117,1,3095.37
2024-03-16T02:27:00.000000000Z,10323.19883,7227.56883,148.73883,174.46,8.92117,1,3095.63
2024-03-16T02:28:00.000000000Z,10323.44883,7227.56883,148.73883,174.71,8.92117,1,3095.88
2024-03-16T02:29:00.000000000Z,10323.69883,7227.56883,148.73883,174.96,8.92117,1,3096.13
2024-03-16T02:30:00.000000000Z,10323.92883,7227.56883,148.73883,175.19,8.92117,1,3096.36
2024-03-16T02:31:00.000000000Z,10324.15883,7227.56883,148.73883,175.42,8.92117,1,3096.59
2024-03-16T02:32:00.000000000Z,10324.37883,7227.56883,148.73883,175.64,8.92117,1,3096.81
2024-03-16T02:33:00.000000000Z,10324.59883,7227.56883,148.73883,175.86,8.92117,1,3097.03
2024-03-16T02:34:00.000000000Z,10324.80883,7227.56883,148.73883,176.07,8.92117,1,3097.24
2024-03-16T02:35:00.000000000Z,10325.00883,7227.56883,148.73883,176.27,8.92117,1,3097.44
2024-03-16T02:36:00.000000000Z,10325.19883,7227.56883,148.73883,176.46,8.92117,1,3097.63
2024-03-16T02:37:00.000000000Z,10325.37883,7227.56883,148.73883,176.64,8.92117,1,3097.81
2024-03-16T02:38:00.000000000Z,10325.55883,7227.56883,148.73883,176.82,8.92117,1,3097.99
2024-03-16T02:39:00.000000000Z,10325.72883,7227.56883,148.73883,176.99,8.92117,1,3098.16
2024-03-16T02:40:00.000000000Z,10325.89883,7227.56883,148.73883,177.16,8.92117,1,3098.33
2024-03-16T02:41:00.000000000Z,10326.04883,7227.56883,148.73883,177.31,8.92117,1,3098.48
2024-03-16T02:42:00.000000000Z,10326.19883,7227.56883,148.73883,177.46,8.92117,1,3098.63
2024-03-16T02:43:00.000000000Z,10326.33883,7227.56883,148.73883,177.6,8.92117,1,3098.77
2024-03-16T02:44:00.000000000Z,10326.46883,7227.56883,148.73883,177.73,8.92117,1,3098.9
2024-03-16T02:45:00.000000000Z,10326.59883,7227.56883,148.73883,177.86,8.92117,1,3099.03
2024-03-16T02:46:00.000000000Z,10326.70883,7227.56883,148.73883,177.97,8.92117,1,3099.14
2024-03-16T02:47:00.000000000Z,10326.81883,7227.56883,148.73883,178.08,8.92117,1,3099.25
2024-03-16T02:48:00.000000000Z,10326.92883,7227.56883,148.73883,178.19,8.92117,1,3099.36
2024-03-16T02:49:00.000000000Z,10327.01883,7227.56883,148.73883,178.28,8.92117,1,3099.45
2024-03-16T02:50:00.000000000Z,10327.10883,7227.56883,148.73883,178.37,8.92117,1,3099.54
2024-03-16T02:51:00.000000000Z,10327.18883,7227.56883,148.73883,178.45,8.92117,1,3099.62
2024-03-16T02:52:00.000000000Z,10327.25883,7227.56883,148.73883,178.52,8.92117,1,3099.69
2024-03-16T02:53:00.000000000Z,10327.32883,7227.56883,148.73883,178.59,8.92117,1,3099.76
2024-03-16T02:54:00.000000000Z,10327.37883,7227.56883,148.73883,178.64,8.92117,1,3099.81
2024-03-16T02:55:00.000000000Z,10327.42883,7227.56883,148.73883,178.69,8.92117,1,3099.86
2024-03-16T02:56:00.000000000Z,10327.46883,7227.56883,148.73883,178.73,8.92117,1,3099.9
2024-03-16T02:57:00.000000000Z,10327.50883,7227.56883,148.73883,178.77,8.92117,1,3099.94
2024-03-16T02:58:00.000000000Z,10327.53883,7227.56883,148.73883,178.8,8.92117,1,3099.97
2024-03-16T02:59:00.000000000Z,10327.54883,7227.56883,148.73883,178.81,8.92117,1,3099.98
2024-03-16T03:00:00.000000000Z,10327.56883,7227.56883,148.73883,178.83,8.92117,1,3100
2024-03-16T03:01:00.000000000Z,10327.56883,7227.56883,148.73883,178.83,8.92117,1,3100
2024-03-16T03:02:00.000000000Z,10327.56883,7227.56883,148.73883,178.83,8.92117,1,3100
2024-03-16T03:03:00.000000000Z,10327.54883,7227.56883,148.73883,178.81,8.92117,1,3099.98
2024-03-16T03:04:00.000000000Z,10327.53883,7227.56883,148.73883,178.8,8.92117,1,3099.97
2024-03-16T03:05:00.000000000Z,10327.50883,7227.56883,148.73883,178.77,8.92117,1,3099.94
2024-03-16T03:06:00.000000000Z,10327.46883,7227.56883,148.73883,178.73,8.92117,1,3099.9
2024-03-16T03:07:00.000000000Z,10327.42883,7227.56883,148.73883,178.69,8.92117,1,3099.86
2024-03-16T03:08:00.000000000Z,10327.37883,7227.56883,148.73883,178.64,8.92117,1,3099.81
2024-03-16T03:09:00.000000000Z,10327.32883,7227.56883,148.73883,178.59,8.92117,1,3099.76
2024-03-16T03:10:00.000000000Z,10327.25883,7227.56883,148.73883,178.52,8.92117,1,3099.69
2024-03-16T03:11:00.000000000Z,10327.18883,7227.56883,148.73883,178.45,8.92117,1,3099.62
2024-03-16T03:12:00.000000000Z,10327.10883,7227.56883,148.73883,178.37,8.92117,1,3099.54
2024-03-16T03:13:00.000000000Z,10327.01883,7227.56883,148.73883,178.28,8.92117,1,3099.45
2024-03-16T03:14:00.000000000Z,10326.92883,7227.56883,148.73883,178.19,8.92117,1,3099.36
2024-03-16T03:15:00.000000000Z,10326.81883,7227.56883,148.73883,178.08,8.92117,1,3099.25
2024-03-16T03:16:00.000000000Z,10326.70883,7227.56883,148.73883,177.97,8.92117,1,3099.14
2024-03-16T03:17:00.000000000Z,10326.59883,7227.56883,148.73883,177.86,8.92117,1,3099.03
2024-03-16T03:18:00.000000000Z,10326.46883,7227.56883,148.73883,177.73,8.92117,1,3098.9
2024-03-16T03:19:00.000000000Z,10326.33883,7227.56883,148.73883,177.6,8.92117,1,3098.77
2024-03-16T03:20:00.000000000Z,10326.19883,7227.56883,148.73883,177.46,8.92117,1,3098.63
2024-03-16T03:21:00.000000000Z,10326.04883,7227.56883,148.73883,177.31,8.92117,1,3098.48
2024-03-16T03:22:00.000000000Z,10325.89883,7227.56883,148.73883,177.16,8.92117,1,3098.33
2024-03-16T03:23:00.000000000Z,10325.72883,7227.56883,148.73883,176.99,8.92117,1,3098.16
2024-03-16T03:24:00.000000000Z,10325.55883,7227.56883,148.73883,176.82,8.92117,1,3097.99
2024-03-16T03:25:00.000000000Z,10325.37883,7227.56883,148.73883,176.64,8.92117,1,3097.81
2024-03-16T03:26:00.000000000Z,10325.19883,7227.56883,148.73883,176.46,8.92117,1,3097.63
2024-03-16T03:27:00.000000000Z,10325.00883,7227.56883,148.73883,176.27,8.92117,1,3097.44
2024-03-16T03:28:00.000000000Z,10324.80883,7227.56883,148.73883,176.07,8.92117,1,3097.24
2024-03-16T03:29:00.000000000Z,10324.59883,7227.56883,148.73883,175.86,8.92117,1,3097.03
2024-03-16T03:30:00.000000000Z,10324.37883,7227.56883,148.73883,175.64,8.92117,1,3096.81
2024-03-16T03:31:00.000000000Z,10324.15883,7227.56883,148.73883,175.42,8.92117,1,3096.59
2024-03-16T03:32:00.000000000Z,10323.92883,7227.56883,148.73883,175.19,8.92117,1,3096.36
2024-03-16T03:33:00.000000000Z,10323.69883,7227.56883,148.73883,174.96,8.92117,1,3096.13
2024-03-16T03:34:00.000000000Z,10323.44883,7227.56883,148.73883,174.71,8.92117,1,3095.88
2024-03-16T03:35:00.000000000Z,10323.19883,7227.56883,148.73883,174.46,8.92117,1,3095.63
2024-03-16T03:36:00.000000000Z,10322.93883,7227.56883,148.73883,174.2,8.92117,1,3095.37
2024-03-16T03:37:00.000000000Z,10322.67883,7227.56883,148.73883,173.94,8.92117,1,3095.11
2024-03-16T03:38:00.000000000Z,10322.39883,7227.56883,148.73883,173.66,8.92117,1,3094.83
2024-03-16T03:39:00.000000000Z,10322.11883,7227.56883,148.73883,173.38,8.92117,1,3094.55
2024-03-16T03:40:00.000000000Z,10321.82883,7227.56883,148.73883,173.09,8.92117,1,3094.26
2024-03-16T03:41:00.000000000Z,10321.53883,7227.56883,148.73883,172.8,8.92117,1,3093.97
2024-03-16T03:42:00.000000000Z,10321.23883,7227.56883,148.73883,172.5,8.92117,1,3093.67
2024-03-16T03:43:00.000000000Z,10320.92883,7227.56883,148.73883,172.19,8.92117,1,3093.36
2024-03-16T03:44:00.000000000Z,10320.60883,7227.56883,148.73883,171.87,8.92117,1,3093.04
2024-03-16T03:45:00.000000000Z,10320.28883,7227.56883,148.73883,171.55,8.92117,1,3092.72
2024-03-16T03:46:00.000000000Z,10319.95883,7227.56883,148.73883,171.22,8.92117,1,3092.39
2024-03-16T03:47:00.000000000Z,10319.61883,7227.56883,148.73883,170.88,8.92117,1,3092.05
2024-03-16T03:48:00.000000000Z,10319.27883,7227.56883,148.73883,170.54,8.92117,1,3091.71
2024-03-16T03:49:00.000000000Z,10318.91883,7227.56883,148.73883,170.18,8.92117,1,3091.35
2024-03-16T03:50:00.000000000Z,10318.56883,7227.56883,148.73883,169.83,8.92117,1,3091
2024-03-16T03:51:00.000000000Z,10318.19883,7227.56883,148.73883,169.46,8.92117,1,3090.63
2024-03-16T03:52:00.000000000Z,10317.82883,7227.56883,148.73883,169.09,8.92117,1,3090.26
2024-03-16T03:53:00.000000000Z,10317.44883,7227.56883,148.73883,168.71,8.92117,1,3089.88
2024-03-16T03:54:00.000000000Z,10317.05883,7227.56883,148.73883,168.32,8.92117,1,3089.49
2024-03-16T03:55:00.000000000Z,10316.66883,7227.56883,148.73883,167.93,8.92117,1,3089.1
2024-03-16T03:56:00.000000000Z,10316.26883,7227.56883,148.73883,167.53,8.92117,1,3088.7
2024-03-16T03:57:00.000000000Z,10315.85883,7227.56883,148.73883,167.12,8.92117,1,3088.29
2024-03-16T03:58:00.000000000Z,10315.44883,7227.56883,148.73883,166.71,8.92117,1,3087.88
2024-03-16T03:59:00.000000000Z,10315.02883,7227.56883,148.73883,166.29,8.92117,1,3087.46
2024-03-16T04:00:00.000000000Z,10314.60883,7227.56883,148.73883,165.87,8.92117,1,3087.04
2024-03-16T04:01:00.000000000Z,10314.16883,7227.56883,148.73883,165.43,8.92117,1,3086.6
2024-03-16T04:02:00.000000000Z,10313.72883,7227.56883,148.73883,164.99,8.92117,1,3086.16
2024-03-16T04:03:00.000000000Z,10313.28883,7227.56883,148.73883,164.55,8.92117,1,3085.72
2024-03-16T04:04:00.000000000Z,10312.82883,7227.56883,148.73883,164.09,8.92117,1,3085.26
2024-03-16T04:05:00.000000000Z,10312.36883,7227.56883,148.73883,163.63,8.92117,1,3084.8
2024-03-16T04:06:00.000000000Z,10311.90883,7227.56883,148.73883,163.17,8.92117,1,3084.34
2024-03-16T04:07:00.000000000Z,10311.43883,7227.56883,148.73883,162.7,8.92117,1,3083.87
2024-03-16T04:08:00.000000000Z,10310.95883,7227.56883,148.73883,162.22,8.92117,1,3083.39
2024-03-16T04:09:00.000000000Z,10310.46883,7227.56883,148.73883,161.73,8.92117,1,3082.9
2024-03-16T04:10:00.000000000Z,10309.97883,7227.56883,148.73883,161.24,8.92117,1,3082.41
2024-03-16T04:11:00.000000000Z,10309.48883,7227.56883,148.73883,160.75,8.92117,1,3081.92
2024-03-16T04:12:00.000000000Z,10308.97883,7227.56883,148.73883,160.24,8.92117,1,3081.41
2024-03-16T04:13:00.000000000Z,10308.46883,7227.56883,148.73883,159.73,8.92117,1,3080.9
2024-03-16T04:14:00.000000000Z,10307.95883,7227.56883,148.73883,159.22,8.92117,1,3080.39
2024-03-16T04:15:00.000000000Z,10307.42883,7227.56883,148.73883,158.69,8.92117,1,3079.86
2024-03-16T04:16:00.000000000Z,10303.32,10303.32,303.32,0,12,0,3079.34
2024-03-16T04:17:00.000000000Z,10303.32,10303.32,303.32,0,12,0,3078.8
2024-03-16T04:18:00.000000000Z,10303.32,10303.32,303.32,0,12,0,3078.26
2024-03-16T04:19:00.000000000Z,10303.32,10303.32,303.32,0,12,0,3077.71
2024-03-16T04:20:00.000000000Z,10303.32,10303.32,303.32,0,12,0,3077.16
2024-03-16T04:21:00.000000000Z,10303.32,10303.32,303.32,0,12,0,3076.6
2024-03-16T04:22:00.000000000Z,10303.32,10303.32,303.32,0,12,0,3076.04
2024-03-16T04:23:00.000000000Z,10303.32,10303.32,303.32,0,12,0,3075.47
2024-03-16T04:24:00.000000000Z,10303.32,10303.32,303.32,0,12,0,3074.9
2024-03-16T04:25:00.000000000Z,10303.32,10303.32,303.32,0,12,0,3074.31
2024-03-16T04:26:00.000000000Z,10303.32,10303.32,303.32,0,12,0,3073.73
2024-03-16T04:27:00.000000000Z,10303.32,10303.32,303.32,0,12,0,3073.14
2024-03-16T04:28:00.000000000Z,10303.32,10303.32,303.32,0,12,0,3072.54
2024-03-16T04:29:00.000000000Z,10303.32,10303.32,303.32,0,12,0,3071.93
2024-03-16T04:30:00.000000000Z,10303.32,10303.32,303.32,0,12,0,3071.33
2024-03-16T04:31:00.000000000Z,10303.32,10303.32,303.32,0,12,0,3070.71
2024-03-16T04:32:00.000000000Z,10303.32,10303.32,303.32,0,12,0,3070.09
2024-03-16T04:33:00.000000000Z,10303.32,10303.32,303.32,0,12,0,3069.47
2024-03-16T04:34:00.000000000Z,10303.32,10303.32,303.32,0,12,0,3068.84
2024-03-16T04:35:00.000000000Z,10303.32,10303.32,303.32,0,12,0,3068.2
2024-03-16T04:36:00.000000000Z,10303.32,10303.32,303.32,0,12,0,3067.56
2024-03-16T04:37:00.000000000Z,10303.32,10303.32,303.32,0,12,0,3066.91
2024-03-16T04:38:00.000000000Z,10303.32,10303.32,303.32,0,12,0,3066.26
2024-03-16T04:39:00.000000000Z,10303.32,10303.32,303.32,0,12,0,3065.61
2024-03-16T04:40:00.000000000Z,10303.32,10303.32,303.32,0,12,0,3064.94
2024-03-16T04:41:00.000000000Z,10303.32,10303.32,303.32,0,12,0,3064.28
2024-03-16T04:42:00.000000000Z,10303.32,10303.32,303.32,0,12,0,3063.61
2024-03-16T04:43:00.000000000Z,10303.32,10303.32,303.32,0,12,0,3062.93
2024-03-16T04:44:00.000000000Z,10303.32,10303.32,303.32,0,12,0,3062.25
2024-03-16T04:45:00.000000000Z,10303.32,10303.32,303.32,0,12,0,3061.57
2024-03-16T04:46:00.000000000Z,10303.32,10303.32,303.32,0,12,0,3060.88
2024-03-16T04:47:00.000000000Z,10303.32,10303.32,303.32,0,12,0,3060.18
2024-03-16T04:48:00.000000000Z,10303.32,10303.32,303.32,0,12,0,3059.48
2024-03-16T04:49:00.000000000Z,10303.32,10303.32,303.32,0,12,0,3058.78
2024-03-16T04:50:00.000000000Z,10303.32,10303.32,303.32,0,12,0,3058.07
2024-03-16T04:51:00.000000000Z,10303.32,10303.32,303.32,0,12,0,3057.36
2024-03-16T04:52:00.000000000Z,10303.32,10303.32,303.32,0,12,0,3056.64
2024-03-16T04:53:00.000000000Z,10303.32,10303.32,303.32,0,12,0,3055.92
2024-03-16T04:54:00.000000000Z,10303.32,10303.32,303.32,0,12,0,3055.19
2024-03-16T04:55:00.000000000Z,10303.32,10303.32,303.32,0,12,0,3054.46
2024-03-16T04:56:00.000000000Z,10303.32,10303.32,303.32,0,12,0,3053.73
2024-03-16T04:57:00.000000000Z,10303.32,10303.32,303.32,0,12,0,3052.99
2024-03-16T04:58:00.000000000Z,10303.32,10303.32,303.32,0,12,0,3052.25
2024-03-16T04:59:00.000000000Z,10303.32,10303.32,303.32,0,12,0,3051.5
2024-03-16T05:00:00.000000000Z,10303.32,10303.32,303.32,0,12,0,3050.75
2024-03-16T05:01:00.000000000Z,10303.32,10303.32,303.32,0,12,0,3050
2024-03-16T05:02:00.000000000Z,10303.32,10303.32,303.32,0,12,0,3049.24
2024-03-16T05:03:00.000000000Z,10303.32,10303.32,303.32,0,12,0,3048.48
2024-03-16T05:04:00.000000000Z,10303.32,10303.32,303.32,0,12,0,3047.72
2024-03-16T05:05:00.000000000Z,10303.32,10303.32,303.32,0,12,0,3046.95
2024-03-16T05:06:00.000000000Z,10303.32,10303.32,303.32,0,12,0,3046.17
2024-03-16T05:07:00.000000000Z,10303.32,10303.32,303.32,0,12,0,3045.4
2024-03-16T05:08:00.000000000Z,10303.32,10303.32,303.32,0,12,0,3044.62
2024-03-16T05:09:00.000000000Z,10303.32,10303.32,303.32,0,12,0,3043.84
2024-03-16T05:10:00.000000000Z,10303.32,10303.32,303.32,0,12,0,3043.05
2024-03-16T05:11:00.000000000Z,10303.32,10303.32,303.32,0,12,0,3042.26
2024-03-16T05:12:00.000000000Z,10303.32,10303.32,303.32,0,12,0,3041.47
2024-03-16T05:13:00.000000000Z,10303.32,10303.32,303.32,0,12,0,3040.67
2024-03-16T05:14:00.000000000Z,10303.32,10303.32,303.32,0,12,0,3039.87
2024-03-16T05:15:00.000000000Z,10303.32,10303.32,303.32,0,12,0,3039.07
2024-03-16T05:16:00.000000000Z,10303.32,10303.32,303.32,0,12,0,3038.27
2024-03-16T05:17:00.000000000Z,10303.32,10303.32,303.32,0,12,0,3037.46
2024-03-16T05:18:00.000000000Z,10303.32,10303.32,303.32,0,12,0,3036.65
2024-03-16T05:19:00.000000000Z,10303.32,10303.32,303.32,0,12,0,3035.84
2024-03-16T05:20:00.000000000Z,10303.32,10303.32,303.32,0,12,0,3035.02
2024-03-16T05:21:00.000000000Z,10303.32,10303.32,303.32,0,12,0,3034.2
2024-03-16T05:22:00.000000000Z,10303.32,10303.32,303.32,0,12,0,3033.38
2024-03-16T05:23:00.000000000Z,10303.32,10303.32,303.32,0,12,0,3032.56
2024-03-16T05:24:00.000000000Z,10303.32,10303.32,303.32,0,12,0,3031.73
2024-03-16T05:25:00.000000000Z,10303.32,10303.32,303.32,0,12,0,3030.9
2024-03-16T05:26:00.000000000Z,10303.32,10303.32,303.32,0,12,0,3030.07
2024-03-16T05:27:00.000000000Z,10303.32,10303.32,303.32,0,12,0,3029.24
2024-03-16T05:28:00.000000000Z,10303.32,10303.32,303.32,0,12,0,3028.4
2024-03-16T05:29:00.000000000Z,10303.32,10303.32,303.32,0,12,0,3027.56
2024-03-16T05:30:00.000000000Z,10303.32,10303.32,303.32,0,12,0,3026.72
2024-03-16T05:31:00.000000000Z,10303.32,10303.32,303.32,0,12,0,3025.88
2024-03-16T05:32:00.000000000Z,10303.32,10303.32,303.32,0,12,0,3025.04
2024-03-16T05:33:00.000000000Z,10303.32,10303.32,303.32,0,12,0,3024.19
2024-03-16T05:34:00.000000000Z,10303.32,10303.32,303.32,0,12,0,3023.34
2024-03-16T05:35:00.000000000Z,10303.32,10303.32,303.32,0,12,0,3022.5
2024-03-16T05:36:00.000000000Z,10303.32,10303.32,303.32,0,12,0,3021.64
2024-03-16T05:37:00.000000000Z,10303.32,10303.32,303.32,0,12,0,3020.79
2024-03-16T05:38:00.000000000Z,10303.32,10303.32,303.32,0,12,0,3019.94
2024-03-16T05:39:00.000000000Z,10303.32,10303.32,303.32,0,12,0,3019.08
2024-03-16T05:40:00.000000000Z,10303.32,10303.32,303.32,0,12,0,3018.22
2024-03-16T05:41:00.000000000Z,10303.32,10303.32,303.32,0,12,0,3017.36
2024-03-16T05:42:00.000000000Z,10303.32,10303.32,303.32,0,12,0,3016.5
2024-03-16T05:43:00.000000000Z,10303.32,10303.32,303.32,0,12,0,3015.64
2024-03-16T05:44:00.000000000Z,10303.32,10303.32,303.32,0,12,0,3014.78
2024-03-16T05:45:00.000000000Z,10303.32,10303.32,303.32,0,12,0,3013.92
2024-03-16T05:46:00.000000000Z,10303.32,10303.32,303.32,0,12,0,3013.05
2024-03-16T05:47:00.000000000Z,10303.32,10303.32,303.32,0,12,0,3012.19
2024-03-16T05:48:00.000000000Z,10303.32,10303.32,303.32,0,12,0,3011.32
2024-03-16T05:49:00.000000000Z,10303.32,10303.32,303.32,0,12,0,3010.45
2024-03-16T05:50:00.000000000Z,10303.32,10303.32,303.32,0,12,0,3009.58
2024-03-16T05:51:00.000000000Z,10303.32,10303.32,303.32,0,12,0,3008.72
2024-03-16T05:52:00.000000000Z,10303.32,10303.32,303.32,0,12,0,3007.85
2024-03-16T05:53:00.000000000Z,10303.32,10303.32,303.32,0,12,0,3006.98
2024-03-16T05:54:00.000000000Z,10303.32,10303.32,303.32,0,12,0,3006.1
2024-03-16T05:55:00.000000000Z,10303.32,10303.32,303.32,0,12,0,3005.23
2024-03-16T05:56:00.000000000Z,10303.32,10303.32,303.32,0,12,0,3004.36
2024-03-16T05:57:00.000000000Z,10303.32,10303.32,303.32,0,12,0,3003.49
2024-03-16T05:58:00.000000000Z,10303.32,10303.32,303.32,0,12,0,3002.62
2024-03-16T05:59:00.000000000Z,10303.32,10303.32,303.32,0,12,0,3001.75
2024-03-16T06:00:00.000000000Z,10303.32,10303.32,303.32,0,12,0,3000.87
2024-03-16T06:01:00.000000000Z,10303.32,10303.32,303.32,0,12,0,3000
2024-03-16T06:02:00.000000000Z,10303.32,10303.32,303.32,0,12,0,2999.13
2024-03-16T06:03:00.000000000Z,10303.32,10303.32,303.32,0,12,0,2998.25
2024-03-16T06:04:00.000000000Z,10303.32,10303.32,303.32,0,12,0,2997.38
2024-03-16T06:05:00.000000000Z,10303.32,10303.32,303.32,0,12,0,2996.51
2024-03-16T06:06:00.000000000Z,10303.32,10303.32,303.32,0,12,0,2995.64
2024-03-16T06:07:00.000000000Z,10303.32,10303.32,303.32,0,12,0,2994.77
2024-03-16T06:08:00.000000000Z,10303.32,10303.32,303.32,0,12,0,2993.9
2024-03-16T06:09:00.000000000Z,10303.32,10303.32,303.32,0,12,0,2993.02
2024-03-16T06:10:00.000000000Z,10303.32,10303.32,303.32,0,12,0,2992.15
2024-03-16T06:11:00.000000000Z,10303.32,10303.32,303.32,0,12,0,2991.28
2024-03-16T06:12:00.000000000Z,10303.32,10303.32,303.32,0,12,0,2990.42
2024-03-16T06:13:00.000000000Z,10303.32,10303.32,303.32,0,12,0,2989.55
2024-03-16T06:14:00.000000000Z,10303.32,10303.32,303.32,0,12,0,2988.68
2024-03-16T06:15:00.000000000Z,10303.32,10303.32,303.32,0,12,0,2987.81
2024-03-16T06:16:00.000000000Z,10303.32,10303.32,303.32,0,12,0,2986.95
2024-03-16T06:17:00.000000000Z,10303.32,10303.32,303.32,0,12,0,2986.08
2024-03-16T06:18:00.000000000Z,10303.32,10303.32,303.32,0,12,0,2985.22
2024-03-16T06:19:00.000000000Z,10303.32,10303.32,303.32,0,12,0,2984.36
2024-03-16T06:20:00.000000000Z,10303.32,10303.32,303.32,0,12,0,2983.5
2024-03-16T06:21:00.000000000Z,10303.32,10303.32,303.32,0,12,0,2982.64
2024-03-16T06:22:00.000000000Z,10303.32,10303.32,303.32,0,12,0,2981.78
2024-03-16T06:23:00.000000000Z,10303.32,10303.32,303.32,0,12,0,2980.92
2024-03-16T06:24:00.000000000Z,10303.32,10303.32,303.32,0,12,0,2980.06
2024-03-16T06:25:00.000000000Z,10303.32,10303.32,303.32,0,12,0,2979.21
2024-03-16T06:26:00.000000000Z,10303.32,10303.32,303.32,0,12,0,2978.36
2024-03-16T06:27:00.000000000Z,10303.32,10303.32,303.32,0,12,0,2977.5
2024-03-16T06:28:00.000000000Z,10303.32,10303.32,303.32,0,12,0,2976.66
2024-03-16T06:29:00.000000000Z,10303.32,10303.32,303.32,0,12,0,2975.81
2024-03-16T06:30:00.000000000Z,10303.32,10303.32,303.32,0,12,0,2974.96
2024-03-16T06:31:00.000000000Z,10303.32,10303.32,303.32,0,12,0,2974.12
2024-03-16T06:32:00.000000000Z,10303.32,10303.32,303.32,0,12,0,2973.28
2024-03-16T06:33:00.000000000Z,10303.32,10303.32,303.32,0,12,0,2972.44
2024-03-16T06:34:00.000000000Z,10303.32,10303.32,303.32,0,12,0,2971.6
2024-03-16T06:35:00.000000000Z,10303.32,10303.32,303.32,0,12,0,2970.76
2024-03-16T06:36:00.000000000Z,10303.32,10303.32,303.32,0,12,0,2969.93
2024-03-16T06:37:00.000000000Z,10303.32,10303.32,303.32,0,12,0,2969.1
2024-03-16T06:38:00.000000000Z,10303.32,10303.32,303.32,0,12,0,2968.27
2024-03-16T06:39:00.000000000Z,10303.32,10303.32,303.32,0,12,0,2967.44
2024-03-16T06:40:00.000000000Z,10303.32,10303.32,303.32,0,12,0,2966.62
2024-03-16T06:41:00.000000000Z,10303.32,10303.32,303.32,0,12,0,2965.8
2024-03-16T06:42:00.000000000Z,10303.32,10303.32,303.32,0,12,0,2964.98
2024-03-16T06:43:00.000000000Z,10303.32,10303.32,303.32,0,12,0,2964.16
2024-03-16T06:44:00.000000000Z,10303.32,10303.32,303.32,0,12,0,2963.35
2024-03-16T06:45:00.000000000Z,10303.32,10303.32,303.32,0,12,0,2962.54
2024-03-16T06:46:00.000000000Z,10303.32,10303.32,303.32,0,12,0,2961.73
2024-03-16T06:47:00.000000000Z,10303.32,10303.32,303.32,0,12,0,2960.93
2024-03-16T06:48:00.000000000Z,10303.32,10303.32,303.32,0,12,0,2960.13
2024-03-16T06:49:00.000000000Z,10303.32,10303.32,303.32,0,12,0,2959.33
2024-03-16T06:50:00.000000000Z,10303.32,10303.32,303.32,0,12,0,2958.53
2024-03-16T06:51:00.000000000Z,10303.32,10303.32,303.32,0,12,0,2957.74
2024-03-16T06:52:00.000000000Z,10303.32,10303.32,303.32,0,12,0,2956.95
2024-03-16T06:53:00.000000000Z,10303.32,10303.32,303.32,0,12,0,2956.16
2024-03-16T06:54:00.000000000Z,10303.32,10303.32,303.32,0,12,0,2955.38
2024-03-16T06:55:00.000000000Z,10303.32,10303.32,303.32,0,12,0,2954.6
2024-03-16T06:56:00.000000000Z,10303.32,10303.32,303.32,0,12,0,2953.83
2024-03-16T06:57:00.000000000Z,10303.32,10303.32,303.32,0,12,0,2953.05
2024-03-16T06:58:00.000000000Z,10303.32,10303.32,303.32,0,12,0,2952.28
2024-03-16T06:59:00.000000000Z,10303.32,10303.32,303.32,0,12,0,2951.52
2024-03-16T07:00:00.000000000Z,10303.32,10303.32,303.32,0,12,0,2950.76
2024-03-16T07:01:00.000000000Z,10303.32,10303.32,303.32,0,12,0,2950
2024-03-16T07:02:00.000000000Z,10303.32,10303.32,303.32,0,12,0,2949.25
2024-03-16T07:03:00.000000000Z,10303.32,10303.32,303.32,0,12,0,2948.5
2024-03-16T07:04:00.000000000Z,10303.32,10303.32,303.32,0,12,0,2947.75
2024-03-16T07:05:00.000000000Z,10303.32,10303.32,303.32,0,12,0,2947.01
2024-03-16T07:06:00.000000000Z,10303.32,10303.32,303.32,0,12,0,2946.27
2024-03-16T07:07:00.000000000Z,10303.32,10303.32,303.32,0,12,0,2945.54
2024-03-16T07:08:00.000000000Z,10303.32,10303.32,303.32,0,12,0,2944.81
2024-03-16T07:09:00.000000000Z,10303.32,10303.32,303.32,0,12,0,2944.08
2024-03-16T07:10:00.000000000Z,10303.32,10303.32,303.32,0,12,0,2943.36
2024-03-16T07:11:00.000000000Z,10303.32,10303.32,303.32,0,12,0,2942.64
2024-03-16T07:12:00.000000000Z,10303.32,10303.32,303.32,0,12,0,2941.93
2024-03-16T07:13:00.000000000Z,10303.32,10303.32,303.32,0,12,0,2941.22
2024-03-16T07:14:00.000000000Z,10303.32,10303.32,303.32,0,12,0,2940.52
2024-03-16T07:15:00.000000000Z,10303.32,10303.32,303.32,0,12,0,2939.82
2024-03-16T07:16:00.000000000Z,10303.32,10303.32,303.32,0,12,0,2939.12
2024-03-16T07:17:00.000000000Z,10303.32,10303.32,303.32,0,12,0,2938.43
2024-03-16T07:18:00.000000000Z,10303.32,10303.32,303.32,0,12,0,2937.75
2024-03-16T07:19:00.000000000Z,10303.32,10303.32,303.32,0,12,0,2937.07
2024-03-16T07:20:00.000000000Z,10303.32,10303.32,303.32,0,12,0,2936.39
2024-03-16T07:21:00.000000000Z,10303.32,10303.32,303.32,0,12,0,2935.72
2024-03-16T07:22:00.000000000Z,10303.32,10303.32,303.32,0,12,0,2935.06
2024-03-16T07:23:00.000000000Z,10303.32,10303.32,303.32,0,12,0,2934.39
2024-03-16T07:24:00.000000000Z,10303.32,10303.32,303.32,0,12,0,2933.74
2024-03-16T07:25:00.000000000Z,10303.32,10303.32,303.32,0,12,0,2933.09
2024-03-16T07:26:00.000000000Z,10303.32,10303.32,303.32,0,12,0,2932.44
2024-03-16T07:27:00.000000000Z,10303.32,10303.32,303.32,0,12,0,2931.8
2024-03-16T07:28:00.000000000Z,10303.32,10303.32,303.32,0,12,0,2931.16
2024-03-16T07:29:00.000000000Z,10303.32,10303.32,303.32,0,12,0,2930.53
2024-03-16T07:30:00.000000000Z,10303.32,10303.32,303.32,0,12,0,2929.91
2024-03-16T07:31:00.000000000Z,10303.32,10303.32,303.32,0,12,0,2929.29
2024-03-16T07:32:00.000000000Z,10303.32,10303.32,303.32,0,12,0,2928.67
2024-03-16T07:33:00.000000000Z,10303.32,10303.32,303.32,0,12,0,2928.07
2024-03-16T07:34:00.000000000Z,10303.32,10303.32,303.32,0,12,0,2927.46
2024-03-16T07:35:00.000000000Z,10303.32,10303.32,303.32,0,12,0,2926.86
2024-03-16T07:36:00.000000000Z,10303.32,10303.32,303.32,0,12,0,2926.27
2024-03-16T07:37:00.000000000Z,10303.32,10303.32,303.32,0,12,0,2925.69
2024-03-16T07:38:00.000000000Z,10303.32,10303.32,303.32,0,12,0,2925.1
2024-03-16T07:39:00.000000000Z,10303.32,10303.32,303.32,0,12,0,2924.53
2024-03-16T07:40:00.000000000Z,10303.32,10303.32,303.32,0,12,0,2923.96
2024-03-16T07:41:00.000000000Z,10303.32,10303.32,303.32,0,12,0,2923.4
2024-03-16T07:42:00.000000000Z,10303.32,10303.32,303.32,0,12,0,2922.84
2024-03-16T07:43:00.000000000Z,10303.32,10303.32,303.32,0,12,0,2922.29
2024-03-16T07:44:00.000000000Z,10303.32,10303.32,303.32,0,12,0,2921.74
2024-03-16T07:45:00.000000000Z,10303.32,10303.32,303.32,0,12,0,2921.2
2024-03-16T07:46:00.000000000Z,10303.32,10303.32,303.32,0,12,0,2920.66
2024-03-16T07:47:00.000000000Z,10303.32,10303.32,303.32,0,12,0,2920.14
2024-03-16T07:48:00.000000000Z,10303.32,10303.32,303.32,0,12,0,2919.61
2024-03-16T07:49:00.000000000Z,10303.32,10303.32,303.32,0,12,0,2919.1
2024-03-16T07:50:00.000000000Z,10303.32,10303.32,303.32,0,12,0,2918.59
2024-03-16T07:51:00.000000000Z,10303.32,10303.32,303.32,0,12,0,2918.08
2024-03-16T07:52:00.000000000Z,10303.32,10303.32,303.32,0,12,0,2917.59
2024-03-16T07:53:00.000000000Z,10303.32,10303.32,303.32,0,12,0,2917.1
2024-03-16T07:54:00.000000000Z,10303.32,10303.32,303.32,0,12,0,2916.61
2024-03-16T07:55:00.000000000Z,10303.32,10303.32,303.32,0,12,0,2916.13
2024-03-16T07:56:00.000000000Z,10303.32,10303.32,303.32,0,12,0,2915.66
2024-03-16T07:57:00.000000000Z,10303.32,10303.32,303.32,0,12,0,2915.2
2024-03-16T07:58:00.000000000Z,10303.32,10303.32,303.32,0,12,0,2914.74
2024-03-16T07:59:00.000000000Z,10303.32,10303.32,303.32,0,12,0,2914.28
2024-03-16T08:00:00.000000000Z,10303.32,10303.32,303.32,0,12,0,2913.84
2024-03-16T08:01:00.000000000Z,10303.32,10303.32,303.32,0,12,0,2913.4
2024-03-16T08:02:00.000000000Z,10303.32,10303.32,303.32,0,12,0,2912.96
2024-03-16T08:03:00.000000000Z,10303.32,10303.32,303.32,0,12,0,2912.54
2024-03-16T08:04:00.000000000Z,10303.32,10303.32,303.32,0,12,0,2912.12
2024-03-16T08:05:00.000000000Z,10303.32,10303.32,303.32,0,12,0,2911.71
2024-03-16T08:06:00.000000000Z,10303.32,10303.32,303.32,0,12,0,2911.3
2024-03-16T08:07:00.000000000Z,10303.32,10303.32,303.32,0,12,0,2910.9
2024-03-16T08:08:00.000000000Z,10303.32,10303.32,303.32,0,12,0,2910.51
2024-03-16T08:09:00.000000000Z,10303.32,10303.32,303.32,0,12,0,2910.12
2024-03-16T08:10:00.000000000Z,10303.32,10303.32,303.32,0,12,0,2909.74
2024-03-16T08:11:00.000000000Z,10303.32,10303.32,303.32,0,12,0,2909.37
2024-03-16T08:12:00.000000000Z,10303.32,10303.32,303.32,0,12,0,2909
2024-03-16T08:13:00.000000000Z,10303.32,10303.32,303.32,0,12,0,2908.65
2024-03-16T08:14:00.000000000Z,10303.32,10303.32,303.32,0,12,0,2908.29
2024-03-16T08:15:00.000000000Z,10303.32,10303.32,303.32,0,12,0,2907.95
2024-03-16T08:16:00.000000000Z,10303.32,10303.32,303.32,0,12,0,2907.61
2024-03-16T08:17:00.000000000Z,10303.32,10303.32,303.32,0,12,0,2907.28
2024-03-16T08:18:00.000000000Z,10303.32,10303.32,303.32,0,12,0,2906.96
2024-03-16T08:19:00.000000000Z,10303.32,10303.32,303.32,0,12,0,2906.64
2024-03-16T08:20:00.000000000Z,10303.32,10303.32,303.32,0,12,0,2906.33
2024-03-16T08:21:00.000000000Z,10303.32,10303.32,303.32,0,12,0,2906.03
2024-03-16T08:22:00.000000000Z,10303.32,10303.32,303.32,0,12,0,2905.74
2024-03-16T08:23:00.000000000Z,10303.32,10303.32,303.32,0,12,0,2905.45
2024-03-16T08:24:00.000000000Z,10303.32,10303.32,303.32,0,12,0,2905.17
2024-03-16T08:25:00.000000000Z,10303.32,10303.32,303.32,0,12,0,2904.89
2024-03-16T08:26:00.000000000Z,10303.32,10303.32,303.32,0,12,0,2904.63
2024-03-16T08:27:00.000000000Z,10303.32,10303.32,303.32,0,12,0,2904.37
2024-03-16T08:28:00.000000000Z,10303.32,10303.32,303.32,0,12,0,2904.12
2024-03-16T08:29:00.000000000Z,10303.32,10303.32,303.32,0,12,0,2903.87
2024-03-16T08:30:00.000000000Z,10303.32,10303.32,303.32,0,12,0,2903.64
2024-03-16T08:31:00.000000000Z,10303.32,10303.32,303.32,0,12,0,2903.41
2024-03-16T08:32:00.000000000Z,10303.32,10303.32,303.32,0,12,0,2903.19
2024-03-16T08:33:00.000000000Z,10303.32,10303.32,303.32,0,12,0,2902.97
2024-03-16T08:34:00.000000000Z,10303.32,10303.32,303.32,0,12,0,2902.76
2024-03-16T08:35:00.000000000Z,10303.32,10303.32,303.32,0,12,0,2902.56
2024-03-16T08:36:00.000000000Z,10303.32,10303.32,303.32,0,12,0,2902.37
2024-03-16T08:37:00.000000000Z,10303.32,10303.32,303.32,0,12,0,2902.19
2024-03-16T08:38:00.000000000Z,10303.32,10303.32,303.32,0,12,0,2902.01
2024-03-16T08:39:00.000000000Z,10303.32,10303.32,303.32,0,12,0,2901.84
2024-03-16T08:40:00.000000000Z,10303.32,10303.32,303.32,0,12,0,2901.67
2024-03-16T08:41:00.000000000Z,10303.32,10303.32,303.32,0,12,0,2901.52
2024-03-16T08:42:00.000000000Z,10303.32,10303.32,303.32,0,12,0,2901.37
2024-03-16T08:43:00.000000000Z,10303.32,10303.32,303.32,0,12,0,2901.23
2024-03-16T08:44:00.000000000Z,10303.32,10303.32,303.32,0,12,0,2901.1
2024-03-16T08:45:00.000000000Z,10303.32,10303.32,303.32,0,12,0,2900.97
2024-03-16T08:46:00.000000000Z,10303.32,10303.32,303.32,0,12,0,2900.86
2024-03-16T08:47:00.000000000Z,10303.32,10303.32,303.32,0,12,0,2900.75
2024-03-16T08:48:00.000000000Z,10303.32,10303.32,303.32,0,12,0,2900.64
2024-03-16T08:49:00.000000000Z,10303.32,10303.32,303.32,0,12,0,2900.55
2024-03-16T08:50:00.000000000Z,10303.32,10303.32,303.32,0,12,0,2900.46
2024-03-16T08:51:00.000000000Z,10303.32,10303.32,303.32,0,12,0,2900.38
2024-03-16T08:52:00.000000000Z,10303.32,10303.32,303.32,0,12,0,2900.31
2024-03-16T08:53:00.000000000Z,10303.32,10303.32,303.32,0,12,0,2900.24
2024-03-16T08:54:00.000000000Z,10303.32,10303.32,303.32,0,12,0,2900.19
2024-03-16T08:55:00.000000000Z,10303.32,10303.32,303.32,0,12,0,2900.14
2024-03-16T08:56:00.000000000Z,10303.32,10303.32,303.32,0,12,0,2900.1
2024-03-16T08:57:00.000000000Z,10303.32,10303.32,303.32,0,12,0,2900.06
2024-03-16T08:58:00.000000000Z,10303.32,10303.32,303.32,0,12,0,2900.03
2024-03-16T08:59:00.000000000Z,10303.32,10303.32,303.32,0,12,0,2900.02
2024-03-16T09:00:00.000000000Z,10303.32,10303.32,303.32,0,12,0,2900
2024-03-16T09:01:00.000000000Z,10303.32,10303.32,303.32,0,12,0,2900
2024-03-16T09:02:00.000000000Z,10303.32,10303.32,303.32,0,12,0,2900
2024-03-16T09:03:00.000000000Z,10303.32,10303.32,303.32,0,12,0,2900.02
2024-03-16T09:04:00.000000000Z,10303.32,10303.32,303.32,0,12,0,2900.03
2024-03-16T09:05:00.000000000Z,10303.32,10303.32,303.32,0,12,0,2900.06
2024-03-16T09:06:00.000000000Z,10303.32,10303.32,303.32,0,12,0,2900.1
2024-03-16T09:07:00.000000000Z,10303.32,10303.32,303.32,0,12,0,2900.14
2024-03-16T09:08:00.000000000Z,10303.32,10303.32,303.32,0,12,0,2900.19
2024-03-16T09:09:00.000000000Z,10303.32,10303.32,303.32,0,12,0,2900.24
2024-03-16T09:10:00.000000000Z,10303.32,10303.32,303.32,0,12,0,2900.31
2024-03-16T09:11:00.000000000Z,10303.32,10303.32,303.32,0,12,0,2900.38
2024-03-16T09:12:00.000000000Z,10303.32,10303.32,303.32,0,12,0,2900.46
2024-03-16T09:13:00.000000000Z,10303.32,10303.32,303.32,0,12,0,2900.55
2024-03-16T09:14:00.000000000Z,10303.32,10303.32,303.32,0,12,0,2900.64
2024-03-16T09:15:00.000000000Z,10303.32,10303.32,303.32,0,12,0,2900.75
2024-03-16T09:16:00.000000000Z,10303.32,10303.32,303.32,0,12,0,2900.86
2024-03-16T09:17:00.000000000Z,10303.32,10303.32,303.32,0,12,0,2900.97
2024-03-16T09:18:00.000000000Z,10303.32,10303.32,303.32,0,12,0,2901.1
2024-03-16T09:19:00.000000000Z,10303.32,10303.32,303.32,0,12,0,2901.23
2024-03-16T09:20:00.000000000Z,10303.32,10303.32,303.32,0,12,0,2901.37
2024-03-16T09:21:00.000000000Z,10303.32,10303.32,303.32,0,12,0,2901.52
2024-03-16T09:22:00.000000000Z,10303.32,10303.32,303.32,0,12,0,2901.67
2024-03-16T09:23:00.000000000Z,10303.32,10303.32,303.32,0,12,0,2901.84
2024-03-16T09:24:00.000000000Z,10303.32,10303.32,303.32,0,12,0,2902.01
2024-03-16T09:25:00.000000000Z,10303.32,10303.32,303.32,0,12,0,2902.19
2024-03-16T09:26:00.000000000Z,10303.32,10303.32,303.32,0,12,0,2902.37
2024-03-16T09:27:00.000000000Z,10303.32,10303.32,303.32,0,12,0,2902.56
2024-03-16T09:28:00.000000000Z,10303.32,10303.32,303.32,0,12,0,2902.76
2024-03-16T09:29:00.000000000Z,10303.32,10303.32,303.32,0,12,0,2902.97
2024-03-16T09:30:00.000000000Z,10303.32,10303.32,303.32,0,12,0,2903.19
2024-03-16T09:31:00.000000000Z,10303.32,10303.32,303.32,0,12,0,2903.41
2024-03-16T09:32:00.000000000Z,10303.32,10303.32,303.32,0,12,0,2903.64
2024-03-16T09:33:00.000000000Z,10303.32,10303.32,303.32,0,12,0,2903.87
2024-03-16T09:34:00.000000000Z,10303.32,10303.32,303.32,0,12,0,2904.12
2024-03-16T09:35:00.000000000Z,10303.32,10303.32,303.32,0,12,0,2904.37
2024-03-16T09:36:00.000000000Z,10303.32,10303.32,303.32,0,12,0,2904.63
2024-03-16T09:37:00.000000000Z,10303.32,10303.32,303.32,0,12,0,2904.89
2024-03-16T09:38:00.000000000Z,10303.32,10303.32,303.32,0,12,0,2905.17
2024-03-16T09:39:00.000000000Z,10303.32,10303.32,303.32,0,12,0,2905.45
2024-03-16T09:40:00.000000000Z,10303.32,10303.32,303.32,0,12,0,2905.74
2024-03-16T09:41:00.000000000Z,10303.32,10303.32,303.32,0,12,0,2906.03
2024-03-16T09:42:00.000000000Z,10303.32,10303.32,303.32,0,12,0,2906.33
2024-03-16T09:43:00.000000000Z,10303.32,10303.32,303.32,0,12,0,2906.64
2024-03-16T09:44:00.000000000Z,10303.32,10303.32,303.32,0,12,0,2906.96
2024-03-16T09:45:00.000000000Z,10303.32,10303.32,303.32,0,12,0,2907.28
2024-03-16T09:46:00.000000000Z,10303.32,10303.32,303.32,0,12,0,2907.61
2024-03-16T09:47:00.000000000Z,10303.32,10303.32,303.32,0,12,0,2907.95
2024-03-16T09:48:00.000000000Z,10303.32,10303.32,303.32,0,12,0,2908.29
2024-03-16T09:49:00.000000000Z,10303.32,10303.32,303.32,0,12,0,2908.65
2024-03-16T09:50:00.000000000Z,10303.32,10303.32,303.32,0,12,0,2909
2024-03-16T09:51:00.000000000Z,10303.32,10303.32,303.32,0,12,0,2909.37
2024-03-16T09:52:00.000000000Z,10303.32,10303.32,303.32,0,12,0,2909.74
2024-03-16T09:53:00.000000000Z,10303.32,10303.32,303.32,0,12,0,2910.12
2024-03-16T09:54:00.000000000Z,10303.32,10303.32,303.32,0,12,0,2910.51
2024-03-16T09:55:00.000000000Z,10303.32,10303.32,303.32,0,12,0,2910.9
2024-03-16T09:56:00.000000000Z,10303.32,10303.32,303.32,0,12,0,2911.3
2024-03-16T09:57:00.000000000Z,10303.32,10303.32,303.32,0,12,0,2911.71
2024-03-16T09:58:00.000000000Z,10303.32,10303.32,303.32,0,12,0,2912.12
2024-03-16T09:59:00.000000000Z,10303.32,10303.32,303.32,0,12,0,2912.54
2024-03-16T10:00:00.000000000Z,10303.32,10303.32,303.32,0,12,0,2912.96
2024-03-16T10:01:00.000000000Z,10303.32,10303.32,303.32,0,12,0,2913.4
2024-03-16T10:02:00.000000000Z,10303.32,10303.32,303.32,0,12,0,2913.84
2024-03-16T10:03:00.000000000Z,10303.32,10303.32,303.32,0,12,0,2914.28
2024-03-16T10:04:00.000000000Z,10303.32,10303.32,303.32,0,12,0,2914.74
2024-03-16T10:05:00.000000000Z,10303.32,10303.32,303.32,0,12,0,2915.2
2024-03-16T10:06:00.000000000Z,10303.32,10303.32,303.32,0,12,0,2915.66
2024-03-16T10:07:00.000000000Z,10303.32,10303.32,303.32,0,12,0,2916.13
2024-03-16T10:08:00.000000000Z,10303.32,10303.32,303.32,0,12,0,2916.61
2024-03-16T10:09:00.000000000Z,10303.32,10303.32,303.32,0,12,0,2917.1
2024-03-16T10:10:00.000000000Z,10303.32,10303.32,303.32,0,12,0,2917.59
2024-03-16T10:11:00.000000000Z,10303.32,10303.32,303.32,0,12,0,2918.08
2024-03-16T10:12:00.000000000Z,10303.32,10303.32,303.32,0,12,0,2918.59
2024-03-16T10:13:00.000000000Z,10303.32,10303.32,303.32,0,12,0,2919.1
2024-03-16T10:14:00.000000000Z,10303.32,10303.32,303.32,0,12,0,2919.61
2024-03-16T10:15:00.000000000Z,10303.32,10303.32,303.32,0,12,0,2920.14
2024-03-16T10:16:00.000000000Z,10299.88883,7379.22883,300.39883,-0.51,14.92117,1,2920.66
2024-03-16T10:17:00.000000000Z,10300.42883,7379.22883,300.39883,0.03,14.92117,1,2921.2
2024-03-16T10:18:00.000000000Z,10300.96883,7379.22883,300.39883,0.57,14.92117,1,2921.74
2024-03-16T10:19:00.000000000Z,10301.51883,7379.22883,300.39883,1.12,14.92117,1,2922.29
2024-03-16T10:20:00.000000000Z,10302.06883,7379.22883,300.39883,1.67,14.92117,1,2922.84
2024-03-16T10:21:00.000000000Z,10302.62883,7379.22883,300.39883,2.23,14.92117,1,2923.4
2024-03-16T10:22:00.000000000Z,10303.18883,7379.22883,300.39883,2.79,14.92117,1,2923.96
2024-03-16T10:23:00.000000000Z,10303.75883,7379.22883,300.39883,3.36,14.92117,1,2924.53
2024-03-16T10:24:00.000000000Z,10304.32883,7379.22883,300.39883,3.93,14.92117,1,2925.1
2024-03-16T10:25:00.000000000Z,10304.91883,7379.22883,300.39883,4.52,14.92117,1,2925.69
2024-03-16T10:26:00.000000000Z,10305.49883,7379.22883,300.39883,5.1,14.92117,1,2926.27
2024-03-16T10:27:00.000000000Z,10306.08883,7379.22883,300.39883,5.69,14.92117,1,2926.86
2024-03-16T10:28:00.000000000Z,10306.68883,7379.22883,300.39883,6.29,14.92117,1,2927.46
2024-03-16T10:29:00.000000000Z,10307.29883,7379.22883,300.39883,6.9,14.92117,1,2928.07
2024-03-16T10:30:00.000000000Z,10307.89883,7379.22883,300.39883,7.5,14.92117,1,2928.67
2024-03-16T10:31:00.000000000Z,10308.51883,7379.22883,300.39883,8.12,14.92117,1,2929.29
2024-03-16T10:32:00.000000000Z,10309.13883,7379.22883,300.39883,8.74,14.92117,1,2929.91
2024-03-16T10:33:00.000000000Z,10309.75883,7379.22883,300.39883,9.36,14.92117,1,2930.53
2024-03-16T10:34:00.000000000Z,10310.38883,7379.22883,300.39883,9.99,14.92117,1,2931.16
2024-03-16T10:35:00.000000000Z,10311.02883,7379.22883,300.39883,10.63,14.92117,1,2931.8
2024-03-16T10:36:00.000000000Z,10311.66883,7379.22883,300.39883,11.27,14.92117,1,2932.44
2024-03-16T10:37:00.000000000Z,10312.31883,7379.22883,300.39883,11.92,14.92117,1,2933.09
2024-03-16T10:38:00.000000000Z,10312.96883,7379.22883,300.39883,12.57,14.92117,1,2933.74
2024-03-16T10:39:00.000000000Z,10313.61883,7379.22883,300.39883,13.22,14.92117,1,2934.39
2024-03-16T10:40:00.000000000Z,10314.28883,7379.22883,300.39883,13.89,14.92117,1,2935.06
2024-03-16T10:41:00.000000000Z,10314.94883,7379.22883,300.39883,14.55,14.92117,1,2935.72
2024-03-16T10:42:00.000000000Z,10315.61883,7379.22883,300.39883,15.22,14.92117,1,2936.39
2024-03-16T10:43:00.000000000Z,10316.29883,7379.22883,300.39883,15.9,14.92117,1,2937.07
2024-03-16T10:44:00.000000000Z,10316.97883,7379.22883,300.39883,16.58,14.92117,1,2937.75
2024-03-16T10:45:00.000000000Z,10317.65883,7379.22883,300.39883,17.26,14.92117,1,2938.43
2024-03-16T10:46:00.000000000Z,10318.34883,7379.22883,300.39883,17.95,14.92117,1,2939.12
2024-03-16T10:47:00.000000000Z,10319.04883,7379.22883,300.39883,18.65,14.92117,1,2939.82
2024-03-16T10:48:00.000000000Z,10319.74883,7379.22883,300.39883,19.35,14.92117,1,2940.52
2024-03-16T10:49:00.000000000Z,10320.44883,7379.22883,300.39883,20.05,14.92117,1,2941.22
2024-03-16T10:50:00.000000000Z,10321.15883,7379.22883,300.39883,20.76,14.92117,1,2941.93
2024-03-16T10:51:00.000000000Z,10321.86883,7379.22883,300.39883,21.47,14.92117,1,2942.64
2024-03-16T10:52:00.000000000Z,10322.58883,7379.22883,300.39883,22.19,14.92117,1,2943.36
2024-03-16T10:53:00.000000000Z,10323.30883,7379.22883,300.39883,22.91,14.92117,1,2944.08
2024-03-16T10:54:00.000000000Z,10324.03883,7379.22883,300.39883,23.64,14.92117,1,2944.81
2024-03-16T10:55:00.000000000Z,10324.76883,7379.22883,300.39883,24.37,14.92117,1,2945.54
2024-03-16T10:56:00.000000000Z,10325.49883,7379.22883,300.39883,25.1,14.92117,1,2946.27
2024-03-16T10:57:00.000000000Z,10326.23883,7379.22883,300.39883,25.84,14.92117,1,2947.01
2024-03-16T10:58:00.000000000Z,10326.97883,7379.22883,300.39883,26.58,14.92117,1,2947.75
2024-03-16T10:59:00.000000000Z,10327.72883,7379.22883,300.39883,27.33,14.92117,1,2948.5
2024-03-16T11:00:00.000000000Z,10328.47883,7379.22883,300.39883,28.08,14.92117,1,2949.25
2024-03-16T11:01:00.000000000Z,10329.22883,7379.22883,300.39883,28.83,14.92117,1,2950
2024-03-16T11:02:00.000000000Z,10329.98883,7379.22883,300.39883,29.59,14.92117,1,2950.76
2024-03-16T11:03:00.000000000Z,10330.74883,7379.22883,300.39883,30.35,14.92117,1,2951.52
2024-03-16T11:04:00.000000000Z,10331.50883,7379.22883,300.39883,31.11,14.92117,1,2952.28
2024-03-16T11:05:00.000000000Z,10332.27883,7379.22883,300.39883,31.88,14.92117,1,2953.05
2024-03-16T11:06:00.000000000Z,10333.05883,7379.22883,300.39883,32.66,14.92117,1,2953.83
2024-03-16T11:07:00.000000000Z,10333.82883,7379.22883,300.39883,33.43,14.92117,1,2954.6
2024-03-16T11:08:00.000000000Z,10334.60883,7379.22883,300.39883,34.21,14.92117,1,2955.38
2024-03-16T11:09:00.000000000Z,10335.38883,7379.22883,300.39883,34.99,14.92117,1,2956.16
2024-03-16T11:10:00.000000000Z,10336.17883,7379.22883,300.39883,35.78,14.92117,1,2956.95
2024-03-16T11:11:00.000000000Z,10336.96883,7379.22883,300.39883,36.57,14.92117,1,2957.74
2024-03-16T11:12:00.000000000Z,10337.75883,7379.22883,300.39883,37.36,14.92117,1,2958.53
2024-03-16T11:13:00.000000000Z,10338.55883,7379.22883,300.39883,38.16,14.92117,1,2959.33
2024-03-16T11:14:00.000000000Z,10339.35883,7379.22883,300.39883,38.96,14.92117,1,2960.13
2024-03-16T11:15:00.000000000Z,10340.15883,7379.22883,300.39883,39.76,14.92117,1,2960.93
2024-03-16T11:16:00.000000000Z,10340.95883,7379.22883,300.39883,40.56,14.92117,1,2961.73
2024-03-16T11:17:00.000000000Z,10341.76883,7379.22883,300.39883,41.37,14.92117,1,2962.54
2024-03-16T11:18:00.000000000Z,10342.57883,7379.22883,300.39883,42.18,14.92117,1,2963.35
2024-03-16T11:19:00.000000000Z,10343.38883,7379.22883,300.39883,42.99,14.92117,1,2964.16
2024-03-16T11:20:00.000000000Z,10344.20883,7379.22883,300.39883,43.81,14.92117,1,2964.98
2024-03-16T11:21:00.000000000Z,10345.02883,7379.22883,300.39883,44.63,14.92117,1,2965.8
2024-03-16T11:22:00.000000000Z,10345.84883,7379.22883,300.39883,45.45,14.92117,1,2966.62
2024-03-16T11:23:00.000000000Z,10346.66883,7379.22883,300.39883,46.27,14.92117,1,2967.44
2024-03-16T11:24:00.000000000Z,10347.49883,7379.22883,300.39883,47.1,14.92117,1,2968.27
2024-03-16T11:25:00.000000000Z,10348.32883,7379.22883,300.39883,47.93,14.92117,1,2969.1
2024-03-16T11:26:00.000000000Z,10349.15883,7379.22883,300.39883,48.76,14.92117,1,2969.93
2024-03-16T11:27:00.000000000Z,10349.98883,7379.22883,300.39883,49.59,14.92117,1,2970.76
2024-03-16T11:28:00.000000000Z,10350.82883,7379.22883,300.39883,50.43,14.92117,1,2971.6
2024-03-16T11:29:00.000000000Z,10351.66883,7379.22883,300.39883,51.27,14.92117,1,2972.44
2024-03-16T11:30:00.000000000Z,10352.50883,7379.22883,300.39883,52.11,14.92117,1,2973.28
2024-03-16T11:31:00.000000000Z,10353.34883,7379.22883,300.39883,52.95,14.92117,1,2974.12
2024-03-16T11:32:00.000000000Z,10354.18883,7379.22883,300.39883,53.79,14.92117,1,2974.96
2024-03-16T11:33:00.000000000Z,10355.03883,7379.22883,300.39883,54.64,14.92117,1,2975.81
2024-03-16T11:34:00.000000000Z,10355.88883,7379.22883,300.39883,55.49,14.92117,1,2976.66
2024-03-16T11:35:00.000000000Z,10356.72883,7379.22883,300.39883,56.33,14.92117,1,2977.5
2024-03-16T11:36:00.000000000Z,10357.58883,7379.22883,300.39883,57.19,14.92117,1,2978.36
2024-03-16T11:37:00.000000000Z,10358.43883,7379.22883,300.39883,58.04,14.92117,1,2979.21
2024-03-16T11:38:00.000000000Z,10359.28883,7379.22883,300.39883,58.89,14.92117,1,2980.06
2024-03-16T11:39:00.000000000Z,10360.14883,7379.22883,300.39883,59.75,14.92117,1,2980.92
2024-03-16T11:40:00.000000000Z,10361.00883,7379.22883,300.39883,60.61,14.92117,1,2981.78
2024-03-16T11:41:00.000000000Z,10361.86883,7379.22883,300.39883,61.47,14.92117,1,2982.64
2024-03-16T11:42:00.000000000Z,10362.72883,7379.22883,300.39883,62.33,14.92117,1,2983.5
2024-03-16T11:43:00.000000000Z,10363.58883,7379.22883,300.39883,63.19,14.92117,1,2984.36
2024-03-16T11:44:00.000000000Z,10364.44883,7379.22883,300.39883,64.05,14.92117,1,2985.22
2024-03-16T11:45:00.000000000Z,10365.30883,7379.22883,300.39883,64.91,14.92117,1,2986.08
2024-03-16T11:46:00.000000000Z,10366.17883,7379.22883,300.39883,65.78,14.92117,1,2986.95
2024-03-16T11:47:00.000000000Z,10367.03883,7379.22883,300.39883,66.64,14.92117,1,2987.81
2024-03-16T11:48:00.000000000Z,10367.90883,7379.22883,300.39883,67.51,14.92117,1,2988.68
2024-03-16T11:49:00.000000000Z,10368.77883,7379.22883,300.39883,68.38,14.92117,1,2989.55
2024-03-16T11:50:00.000000000Z,10369.64883,7379.22883,300.39883,69.25,14.92117,1,2990.42
2024-03-16T11:51:00.000000000Z,10370.50883,7379.22883,300.39883,70.11,14.92117,1,2991.28
2024-03-16T11:52:00.000000000Z,10371.37883,7379.22883,300.39883,70.98,14.92117,1,2992.15
2024-03-16T11:53:00.000000000Z,10372.24883,7379.22883,300.39883,71.85,14.92117,1,2993.02
2024-03-16T11:54:00.000000000Z,10373.12883,7379.22883,300.39883,72.73,14.92117,1,2993.9
2024-03-16T11:55:00.000000000Z,10373.99883,7379.22883,300.39883,73.6,14.92117,1,2994.77
2024-03-16T11:56:00.000000000Z,10374.86883,7379.22883,300.39883,74.47,14.92117,1,2995.64
2024-03-16T11:57:00.000000000Z,10375.73883,7379.22883,300.39883,75.34,14.92117,1,2996.51
2024-03-16T11:58:00.000000000Z,10376.60883,7379.22883,300.39883,76.21,14.92117,1,2997.38
2024-03-16T11:59:00.000000000Z,10377.47883,7379.22883,300.39883,77.08,14.92117,1,2998.25
2024-03-16T12:00:00.000000000Z,10378.35883,7379.22883,300.39883,77.96,14.92117,1,2999.13
2024-03-16T12:01:00.000000000Z,10379.22883,7379.22883,300.39883,78.83,14.92117,1,3000
2024-03-16T12:02:00.000000000Z,10380.09883,7379.22883,300.39883,79.7,14.92117,1,3000.87
2024-03-16T12:03:00.000000000Z,10380.97883,7379.22883,300.39883,80.58,14.92117,1,3001.75
2024-03-16T12:04:00.000000000Z,10381.84883,7379.22883,300.39883,81.45,14.92117,1,3002.62
2024-03-16T12:05:00.000000000Z,10382.71883,7379.22883,300.39883,82.32,14.92117,1,3003.49
2024-03-16T12:06:00.000000000Z,10383.58883,7379.22883,300.39883,83.19,14.92117,1,3004.36
2024-03-16T12:07:00.000000000Z,10384.45883,7379.22883,300.39883,84.06,14.92117,1,3005.23
2024-03-16T12:08:00.000000000Z,10385.32883,7379.22883,300.39883,84.93,14.92117,1,3006.1
2024-03-16T12:09:00.000000000Z,10386.20883,7379.22883,300.39883,85.81,14.92117,1,3006.98
2024-03-16T12:10:00.000000000Z,10387.07883,7379.22883,300.39883,86.68,14.92117,1,3007.85
2024-03-16T12:11:00.000000000Z,10387.94883,7379.22883,300.39883,87.55,14.92117,1,3008.72
2024-03-16T12:12:00.000000000Z,10388.80883,7379.22883,300.39883,88.41,14.92117,1,3009.58
2024-03-16T12:13:00.000000000Z,10389.67883,7379.22883,300.39883,89.28,14.92117,1,3010.45
2024-03-16T12:14:00.000000000Z,10390.54883,7379.22883,300.39883,90.15,14.92117,1,3011.32
2024-03-16T12:15:00.000000000Z,10391.41883,7379.22883,300.39883,91.02,14.92117,1,3012.19
2024-03-16T12:16:00.000000000Z,10392.27883,7379.22883,300.39883,91.88,14.92117,1,3013.05
2024-03-16T12:17:00.000000000Z,10393.14883,7379.22883,300.39883,92.75,14.92117,1,3013.92
2024-03-16T12:18:00.000000000Z,10394.00883,7379.22883,300.39883,93.61,14.92117,1,3014.78
2024-03-16T12:19:00.000000000Z,10394.86883,7379.22883,300.39883,94.47,14.92117,1,3015.64
2024-03-16T12:20:00.000000000Z,10395.72883,7379.22883,300.39883,95.33,14.92117,1,3016.5
2024-03-16T12:21:00.000000000Z,10396.58883,7379.22883,300.39883,96.19,14.92117,1,3017.36
2024-03-16T12:22:00.000000000Z,10397.44883,7379.22883,300.39883,97.05,14.92117,1,3018.22
2024-03-16T12:23:00.000000000Z,10398.30883,7379.22883,300.39883,97.91,14.92117,1,3019.08
2024-03-16T12:24:00.000000000Z,10399.16883,7379.22883,300.39883,98.77,14.92117,1,3019.94
2024-03-16T12:25:00.000000000Z,10400.01883,7379.22883,300.39883,99.62,14.92117,1,3020.79
2024-03-16T12:26:00.000000000Z,10400.86883,7379.22883,300.39883,100.47,14.92117,1,3021.64
2024-03-16T12:27:00.000000000Z,10401.72883,7379.22883,300.39883,101.33,14.92117,1,3022.5
2024-03-16T12:28:00.000000000Z,10402.56883,7379.22883,300.39883,102.17,14.92117,1,3023.34
2024-03-16T12:29:00.000000000Z,10403.41883,7379.22883,300.39883,103.02,14.92117,1,3024.19
2024-03-16T12:30:00.000000000Z,10404.26883,7379.22883,300.39883,103.87,14.92117,1,3025.04
2024-03-16T12:31:00.000000000Z,10405.10883,7379.22883,300.39883,104.71,14.92117,1,3025.88
2024-03-16T12:32:00.000000000Z,10405.94883,7379.22883,300.39883,105.55,14.92117,1,3026.72
2024-03-16T12:33:00.000000000Z,10406.78883,7379.22883,300.39883,106.39,14.92117,1,3027.56
2024-03-16T12:34:00.000000000Z,10407.62883,7379.22883,300.39883,107.23,14.92117,1,3028.4
2024-03-16T12:35:00.000000000Z,10408.46883,7379.22883,300.39883,108.07,14.92117,1,3029.24
2024-03-16T12:36:00.000000000Z,10409.29883,7379.22883,300.39883,108.9,14.92117,1,3030.07
2024-03-16T12:37:00.000000000Z,10410.12883,7379.22883,300.39883,109.73,14.92117,1,3030.9
2024-03-16T12:38:00.000000000Z,10410.95883,7379.22883,300.39883,110.56,14.92117,1,3031.73
2024-03-16T12:39:00.000000000Z,10411.78883,7379.22883,300.39883,111.39,14.92117,1,3032.56
2024-03-16T12:40:00.000000000Z,10412.60883,7379.22883,300.39883,112.21,14.92117,1,3033.38
2024-03-16T12:41:00.000000000Z,10413.42883,7379.22883,300.39883,113.03,14.92117,1,3034.2
2024-03-16T12:42:00.000000000Z,10414.24883,7379.22883,300.39883,113.85,14.92117,1,3035.02
2024-03-16T12:43:00.000000000Z,10415.06883,7379.22883,300.39883,114.67,14.92117,1,3035.84
2024-03-16T12:44:00.000000000Z,10415.87883,7379.22883,300.39883,115.48,14.92117,1,3036.65
2024-03-16T12:45:00.000000000Z,10416.68883,7379.22883,300.39883,116.29,14.92117,1,3037.46
2024-03-16T12:46:00.000000000Z,10417.49883,7379.22883,300.39883,117.1,14.92117,1,3038.27
2024-03-16T12:47:00.000000000Z,10418.29883,7379.22883,300.39883,117.9,14.92117,1,3039.07
2024-03-16T12:48:00.000000000Z,10419.09883,7379.22883,300.39883,118.7,14.92117,1,3039.87
2024-03-16T12:49:00.000000000Z,10419.89883,7379.22883,300.39883,119.5,14.92117,1,3040.67
2024-03-16T12:50:00.000000000Z,10420.69883,7379.22883,300.39883,120.3,14.92117,1,3041.47
2024-03-16T12:51:00.000000000Z,10421.48883,7379.22883,300.39883,121.09,14.92117,1,3042.26
2024-03-16T12:52:00.000000000Z,10422.27883,7379.22883,300.39883,121.88,14.92117,1,3043.05
2024-03-16T12:53:00.000000000Z,10423.06883,7379.22883,300.39883,122.67,14.92117,1,3043.84
2024-03-16T12:54:00.000000000Z,10423.84883,7379.22883,300.39883,123.45,14.92117,1,3044.62
2024-03-16T12:55:00.000000000Z,10424.62883,7379.22883,300.39883,124.23,14.92117,1,3045.4
2024-03-16T12:56:00.000000000Z,10425.39883,7379.22883,300.39883,125,14.92117,1,3046.17
2024-03-16T12:57:00.000000000Z,10426.17883,7379.22883,300.39883,125.78,14.92117,1,3046.95
2024-03-16T12:58:00.000000000Z,10426.94883,7379.22883,300.39883,126.55,14.92117,1,3047.72
2024-03-16T12:59:00.000000000Z,10427.70883,7379.22883,300.39883,127.31,14.92117,1,3048.48
2024-03-16T13:00:00.000000000Z,10428.46883,7379.22883,300.39883,128.07,14.92117,1,3049.24
2024-03-16T13:01:00.000000000Z,10429.22883,7379.22883,300.39883,128.83,14.92117,1,3050
2024-03-16T13:02:00.000000000Z,10429.97883,7379.22883,300.39883,129.58,14.92117,1,3050.75
2024-03-16T13:03:00.000000000Z,10430.72883,7379.22883,300.39883,130.33,14.92117,1,3051.5
2024-03-16T13:04:00.000000000Z,10431.47883,7379.22883,300.39883,131.08,14.92117,1,3052.25
2024-03-16T13:05:00.000000000Z,10432.21883,7379.22883,300.39883,131.82,14.92117,1,3052.99
2024-03-16T13:06:00.000000000Z,10432.95883,7379.22883,300.39883,132.56,14.92117,1,3053.73
2024-03-16T13:07:00.000000000Z,10433.68883,7379.22883,300.39883,133.29,14.92117,1,3054.46
2024-03-16T13:08:00.000000000Z,10434.41883,7379.22883,300.39883,134.02,14.92117,1,3055.19
2024-03-16T13:09:00.000000000Z,10435.14883,7379.22883,300.39883,134.75,14.92117,1,3055.92
2024-03-16T13:10:00.000000000Z,10435.86883,7379.22883,300.39883,135.47,14.92117,1,3056.64
2024-03-16T13:11:00.000000000Z,10436.58883,7379.22883,300.39883,136.19,14.92117,1,3057.36
2024-03-16T13:12:00.000000000Z,10437.29883,7379.22883,300.39883,136.9,14.92117,1,3058.07
2024-03-16T13:13:00.000000000Z,10438.00883,7379.22883,300.39883,137.61,14.92117,1,3058.78
2024-03-16T13:14:00.000000000Z,10438.70883,7379.22883,300.39883,138.31,14.92117,1,3059.48
2024-03-16T13:15:00.000000000Z,10439.40883,7379.22883,300.39883,139.01,14.92117,1,3060.18
2024-03-16T13:16:00.000000000Z,10440.10883,7379.22883,300.39883,139.71,14.92117,1,3060.88
2024-03-16T13:17:00.000000000Z,10440.79883,7379.22883,300.39883,140.4,14.92117,1,3061.57
2024-03-16T13:18:00.000000000Z,10441.47883,7379.22883,300.39883,141.08,14.92117,1,3062.25
2024-03-16T13:19:00.000000000Z,10442.15883,7379.22883,300.39883,141.76,14.92117,1,3062.93
2024-03-16T13:20:00.000000000Z,10442.83883,7379.22883,300.39883,142.44,14.92117,1,3063.61
2024-03-16T13:21:00.000000000Z,10443.50883,7379.22883,300.39883,143.11,14.92117,1,3064.28
2024-03-16T13:22:00.000000000Z,10444.16883,7379.22883,300.39883,143.77,14.92117,1,3064.94
2024-03-16T13:23:00.000000000Z,10444.83883,7379.22883,300.39883,144.44,14.92117,1,3065.61
2024-03-16T13:24:00.000000000Z,10445.48883,7379.22883,300.39883,145.09,14.92117,1,3066.26
2024-03-16T13:25:00.000000000Z,10446.13883,7379.22883,300.39883,145.74,14.92117,1,3066.91
2024-03-16T13:26:00.000000000Z,10446.78883,7379.22883,300.39883,146.39,14.92117,1,3067.56
2024-03-16T13:27:00.000000000Z,10447.42883,7379.22883,300.39883,147.03,14.92117,1,3068.2
2024-03-16T13:28:00.000000000Z,10448.06883,7379.22883,300.39883,147.67,14.92117,1,3068.84
2024-03-16T13:29:00.000000000Z,10448.69883,7379.22883,300.39883,148.3,14.92117,1,3069.47
2024-03-16T13:30:00.000000000Z,10449.31883,7379.22883,300.39883,148.92,14.92117,1,3070.09
2024-03-16T13:31:00.000000000Z,10449.93883,7379.22883,300.39883,149.54,14.92117,1,3070.71
2024-03-16T13:32:00.000000000Z,10450.55883,7379.22883,300.39883,150.16,14.92117,1,3071.33
2024-03-16T13:33:00.000000000Z,10451.15883,7379.22883,300.39883,150.76,14.92117,1,3071.93
2024-03-16T13:34:00.000000000Z,10451.76883,7379.22883,300.39883,151.37,14.92117,1,3072.54
2024-03-16T13:35:00.000000000Z,10452.36883,7379.22883,300.39883,151.97,14.92117,1,3073.14
2024-03-16T13:36:00.000000000Z,10452.95883,7379.22883,300.39883,152.56,14.92117,1,3073.73
2024-03-16T13:37:00.000000000Z,10453.53883,7379.22883,300.39883,153.14,14.92117,1,3074.31
2024-03-16T13:38:00.000000000Z,10454.12883,7379.22883,300.39883,153.73,14.92117,1,3074.9
2024-03-16T13:39:00.000000000Z,10454.69883,7379.22883,300.39883,154.3,14.92117,1,3075.47
2024-03-16T13:40:00.000000000Z,10455.26883,7379.22883,300.39883,154.87,14.92117,1,3076.04
2024-03-16T13:41:00.000000000Z,10455.82883,7379.22883,300.39883,155.43,14.92117,1,3076.6
2024-03-16T13:42:00.000000000Z,10456.38883,7379.22883,300.39883,155.99,14.92117,1,3077.16
2024-03-16T13:43:00.000000000Z,10456.93883,7379.22883,300.39883,156.54,14.92117,1,3077.71
2024-03-16T13:44:00.000000000Z,10457.48883,7379.22883,300.39883,157.09,14.92117,1,3078.26
2024-03-16T13:45:00.000000000Z,10458.02883,7379.22883,300.39883,157.63,14.92117,1,3078.8
2024-03-16T13:46:00.000000000Z,10458.56883,7379.22883,300.39883,158.17,14.92117,1,3079.34
2024-03-16T13:47:00.000000000Z,10459.08883,7379.22883,300.39883,158.69,14.92117,1,3079.86
2024-03-16T13:48:00.000000000Z,10459.61883,7379.22883,300.39883,159.22,14.92117,1,3080.39
2024-03-16T13:49:00.000000000Z,10460.12883,7379.22883,300.39883,159.73,14.92117,1,3080.9
2024-03-16T13:50:00.000000000Z,10460.63883,7379.22883,300.39883,160.24,14.92117,1,3081.41
2024-03-16T13:51:00.000000000Z,10461.14883,7379.22883,300.39883,160.75,14.92117,1,3081.92
2024-03-16T13:52:00.000000000Z,10461.63883,7379.22883,300.39883,161.24,14.92117,1,3082.41
2024-03-16T13:53:00.000000000Z,10462.12883,7379.22883,300.39883,161.73,14.92117,1,3082.9
2024-03-16T13:54:00.000000000Z,10462.61883,7379.22883,300.39883,162.22,14.92117,1,3083.39
2024-03-16T13:55:00.000000000Z,10463.09883,7379.22883,300.39883,162.7,14.92117,1,3083.87
2024-03-16T13:56:00.000000000Z,10463.56883,7379.22883,300.39883,163.17,14.92117,1,3084.34
2024-03-16T13:57:00.000000000Z,10464.02883,7379.22883,300.39883,163.63,14.92117,1,3084.8
2024-03-16T13:58:00.000000000Z,10464.48883,7379.22883,300.39883,164.09,14.92117,1,3085.26
2024-03-16T13:59:00.000000000Z,10464.94883,7379.22883,300.39883,164.55,14.92117,1,3085.72
2024-03-16T14:00:00.000000000Z,10465.38883,7379.22883,300.39883,164.99,14.92117,1,3086.16
2024-03-16T14:01:00.000000000Z,10465.82883,7379.22883,300.39883,165.43,14.92117,1,3086.6
2024-03-16T14:02:00.000000000Z,10466.26883,7379.22883,300.39883,165.87,14.92117,1,3087.04
2024-03-16T14:03:00.000000000Z,10466.68883,7379.22883,300.39883,166.29,14.92117,1,3087.46
2024-03-16T14:04:00.000000000Z,10467.10883,7379.22883,300.39883,166.71,14.92117,1,3087.88
2024-03-16T14:05:00.000000000Z,10467.51883,7379.22883,300.39883,167.12,14.92117,1,3088.29
2024-03-16T14:06:00.000000000Z,10467.92883,7379.22883,300.39883,167.53,14.92117,1,3088.7
2024-03-16T14:07:00.000000000Z,10468.32883,7379.22883,300.39883,167.93,14.92117,1,3089.1
2024-03-16T14:08:00.000000000Z,10468.71883,7379.22883,300.39883,168.32,14.92117,1,3089.49
2024-03-16T14:09:00.000000000Z,10469.10883,7379.22883,300.39883,168.71,14.92117,1,3089.88
2024-03-16T14:10:00.000000000Z,10469.48883,7379.22883,300.39883,169.09,14.92117,1,3090.26
2024-03-16T14:11:00.000000000Z,10469.85883,7379.22883,300.39883,169.46,14.92117,1,3090.63
2024-03-16T14:12:00.000000000Z,10470.22883,7379.22883,300.39883,169.83,14.92117,1,3091
2024-03-16T14:13:00.000000000Z,10470.57883,7379.22883,300.39883,170.18,14.92117,1,3091.35
2024-03-16T14:14:00.000000000Z,10470.93883,7379.22883,300.39883,170.54,14.92117,1,3091.71
2024-03-16T14:15:00.000000000Z,10471.27883,7379.22883,300.39883,170.88,14.92117,1,3092.05
2024-03-16T14:16:00.000000000Z,10471.61883,7379.22883,300.39883,171.22,14.92117,1,3092.39
2024-03-16T14:17:00.000000000Z,10471.94883,7379.22883,300.39883,171.55,14.92117,1,3092.72
2024-03-16T14:18:00.000000000Z,10472.26883,7379.22883,300.39883,171.87,14.92117,1,3093.04
2024-03-16T14:19:00.000000000Z,10472.58883,7379.22883,300.39883,172.19,14.92117,1,3093.36
2024-03-16T14:20:00.000000000Z,10472.89883,7379.22883,300.39883,172.5,14.92117,1,3093.67
2024-03-16T14:21:00.000000000Z,10473.19883,7379.22883,300.39883,172.8,14.92117,1,3093.97
2024-03-16T14:22:00.000000000Z,10473.48883,7379.22883,300.39883,173.09,14.92117,1,3094.26
2024-03-16T14:23:00.000000000Z,10473.77883,7379.22883,300.39883,173.38,14.92117,1,3094.55
2024-03-16T14:24:00.000000000Z,10474.05883,7379.22883,300.39883,173.66,14.92117,1,3094.83
2024-03-16T14:25:00.000000000Z,10474.33883,7379.22883,300.39883,173.94,14.92117,1,3095.11
2024-03-16T14:26:00.000000000Z,10474.59883,7379.22883,300.39883,174.2,14.92117,1,3095.37
2024-03-16T14:27:00.000000000Z,10474.85883,7379.22883,300.39883,174.46,14.92117,1,3095.63
2024-03-16T14:28:00.000000000Z,10475.10883,7379.22883,300.39883,174.71,14.92117,1,3095.88
2024-03-16T14:29:00.000000000Z,10475.35883,7379.22883,300.39883,174.96,14.92117,1,3096.13
2024-03-16T14:30:00.000000000Z,10475.58883,7379.22883,300.39883,175.19,14.92117,1,3096.36
2024-03-16T14:31:00.000000000Z,10475.81883,7379.22883,300.39883,175.42,14.92117,1,3096.59
2024-03-16T14:32:00.000000000Z,10476.03883,7379.22883,300.39883,175.64,14.92117,1,3096.81
2024-03-16T14:33:00.000000000Z,10476.25883,7379.22883,300.39883,175.86,14.92117,1,3097.03
2024-03-16T14:34:00.000000000Z,10476.46883,7379.22883,300.39883,176.07,14.92117,1,3097.24
2024-03-16T14:35:00.000000000Z,10476.66883,7379.22883,300.39883,176.27,14.92117,1,3097.44
2024-03-16T14:36:00.000000000Z,10476.85883,7379.22883,300.39883,176.46,14.92117,1,3097.63
2024-03-16T14:37:00.000000000Z,10477.03883,7379.22883,300.39883,176.64,14.92117,1,3097.81
2024-03-16T14:38:00.000000000Z,10477.21883,7379.22883,300.39883,176.82,14.92117,1,3097.99
2024-03-16T14:39:00.000000000Z,10477.38883,7379.22883,300.39883,176.99,14.92117,1,3098.16
2024-03-16T14:40:00.000000000Z,10477.55883,7379.22883,300.39883,177.16,14.92117,1,3098.33
2024-03-16T14:41:00.000000000Z,10477.70883,7379.22883,300.39883,177.31,14.92117,1,3098.48
2024-03-16T14:42:00.000000000Z,10477.85883,7379.22883,300.39883,177.46,14.92117,1,3098.63
2024-03-16T14:43:00.000000000Z,10477.99883,7379.22883,300.39883,177.6,14.92117,1,3098.77
2024-03-16T14:44:00.000000000Z,10478.12883,7379.22883,300.39883,177.73,14.92117,1,3098.9
2024-03-16T14:45:00.000000000Z,10478.25883,7379.22883,300.39883,177.86,14.92117,1,3099.03
2024-03-16T14:46:00.000000000Z,10478.36883,7379.22883,300.39883,177.97,14.92117,1,3099.14
2024-03-16T14:47:00.000000000Z,10478.47883,7379.22883,300.39883,178.08,14.92117,1,3099.25
2024-03-16T14:48:00.000000000Z,10478.58883,7379.22883,300.39883,178.19,14.92117,1,3099.36
2024-03-16T14:49:00.000000000Z,10478.67883,7379.22883,300.39883,178.28,14.92117,1,3099.45
2024-03-16T14:50:00.000000000Z,10478.76883,7379.22883,300.39883,178.37,14.92117,1,3099.54
2024-03-16T14:51:00.000000000Z,10478.84883,7379.22883,300.39883,178.45,14.92117,1,3099.62
2024-03-16T14:52:00.000000000Z,10478.91883,7379.22883,300.39883,178.52,14.92117,1,3099.69
2024-03-16T14:53:00.000000000Z,10478.98883,7379.22883,300.39883,178.59,14.92117,1,3099.76
2024-03-16T14:54:00.000000000Z,10479.03883,7379.22883,300.39883,178.64,14.92117,1,3099.81
2024-03-16T14:55:00.000000000Z,10479.08883,7379.22883,300.39883,178.69,14.92117,1,3099.86
2024-03-16T14:56:00.000000000Z,10479.12883,7379.22883,300.39883,178.73,14.92117,1,3099.9
2024-03-16T14:57:00.000000000Z,10479.16883,7379.22883,300.39883,178.77,14.92117,1,3099.94
2024-03-16T14:58:00.000000000Z,10479.19883,7379.22883,300.39883,178.8,14.92117,1,3099.97
2024-03-16T14:59:00.000000000Z,10479.20883,7379.22883,300.39883,178.81,14.92117,1,3099.98
2024-03-16T15:00:00.000000000Z,10479.22883,7379.22883,300.39883,178.83,14.92117,1,3100
2024-03-16T15:01:00.000000000Z,10479.22883,7379.22883,300.39883,178.83,14.92117,1,3100
2024-03-16T15:02:00.000000000Z,10479.22883,7379.22883,300.39883,178.83,14.92117,1,3100
2024-03-16T15:03:00.000000000Z,10479.20883,7379.22883,300.39883,178.81,14.92117,1,3099.98
2024-03-16T15:04:00.000000000Z,10479.19883,7379.22883,300.39883,178.8,14.92117,1,3099.97
2024-03-16T15:05:00.000000000Z,10479.16883,7379.22883,300.39883,178.77,14.92117,1,3099.94
2024-03-16T15:06:00.000000000Z,10479.12883,7379.22883,300.39883,178.73,14.92117,1,3099.9
2024-03-16T15:07:00.000000000Z,10479.08883,7379.22883,300.39883,178.69,14.92117,1,3099.86
2024-03-16T15:08:00.000000000Z,10479.03883,7379.22883,300.39883,178.64,14.92117,1,3099.81
2024-03-16T15:09:00.000000000Z,10478.98883,7379.22883,300.39883,178.59,14.92117,1,3099.76
2024-03-16T15:10:00.000000000Z,10478.91883,7379.22883,300.39883,178.52,14.92117,1,3099.69
2024-03-16T15:11:00.000000000Z,10478.84883,7379.22883,300.39883,178.45,14.92117,1,3099.62
2024-03-16T15:12:00.000000000Z,10478.76883,7379.22883,300.39883,178.37,14.92117,1,3099.54
2024-03-16T15:13:00.000000000Z,10478.67883,7379.22883,300.39883,178.28,14.92117,1,3099.45
2024-03-16T15:14:00.000000000Z,10478.58883,7379.22883,300.39883,178.19,14.92117,1,3099.36
2024-03-16T15:15:00.000000000Z,10478.47883,7379.22883,300.39883,178.08,14.92117,1,3099.25
2024-03-16T15:16:00.000000000Z,10478.36883,7379.22883,300.39883,177.97,14.92117,1,3099.14
2024-03-16T15:17:00.000000000Z,10478.25883,7379.22883,300.39883,177.86,14.92117,1,3099.03
2024-03-16T15:18:00.000000000Z,10478.12883,7379.22883,300.39883,177.73,14.92117,1,3098.9
2024-03-16T15:19:00.000000000Z,10477.99883,7379.22883,300.39883,177.6,14.92117,1,3098.77
2024-03-16T15:20:00.000000000Z,10477.85883,7379.22883,300.39883,177.46,14.92117,1,3098.63
2024-03-16T15:21:00.000000000Z,10477.70883,7379.22883,300.39883,177.31,14.92117,1,3098.48
2024-03-16T15:22:00.000000000Z,10477.55883,7379.22883,300.39883,177.16,14.92117,1,3098.33
2024-03-16T15:23:00.000000000Z,10477.38883,7379.22883,300.39883,176.99,14.92117,1,3098.16
2024-03-16T15:24:00.000000000Z,10477.21883,7379.22883,300.39883,176.82,14.92117,1,3097.99
2024-03-16T15:25:00.000000000Z,10477.03883,7379.22883,300.39883,176.64,14.92117,1,3097.81
2024-03-16T15:26:00.000000000Z,10476.85883,7379.22883,300.39883,176.46,14.92117,1,3097.63
2024-03-16T15:27:00.000000000Z,10476.66883,7379.22883,300.39883,176.27,14.92117,1,3097.44
2024-03-16T15:28:00.000000000Z,10476.46883,7379.22883,300.39883,176.07,14.92117,1,3097.24
2024-03-16T15:29:00.000000000Z,10476.25883,7379.22883,300.39883,175.86,14.92117,1,3097.03
2024-03-16T15:30:00.000000000Z,10476.03883,7379.22883,300.39883,175.64,14.92117,1,3096.81
2024-03-16T15:31:00.000000000Z,10475.81883,7379.22883,300.39883,175.42,14.92117,1,3096.59
2024-03-16T15:32:00.000000000Z,10475.58883,7379.22883,300.39883,175.19,14.92117,1,3096.36
2024-03-16T15:33:00.000000000Z,10475.35883,7379.22883,300.39883,174.96,14.92117,1,3096.13
2024-03-16T15:34:00.000000000Z,10475.10883,7379.22883,300.39883,174.71,14.92117,1,3095.88
2024-03-16T15:35:00.000000000Z,10474.85883,7379.22883,300.39883,174.46,14.92117,1,3095.63
2024-03-16T15:36:00.000000000Z,10474.59883,7379.22883,300.39883,174.2,14.92117,1,3095.37
2024-03-16T15:37:00.000000000Z,10474.33883,7379.22883,300.39883,173.94,14.92117,1,3095.11
2024-03-16T15:38:00.000000000Z,10474.05883,7379.22883,300.39883,173.66,14.92117,1,3094.83
2024-03-16T15:39:00.000000000Z,10473.77883,7379.22883,300.39883,173.38,14.92117,1,3094.55
2024-03-16T15:40:00.000000000Z,10473.48883,7379.22883,300.39883,173.09,14.92117,1,3094.26
2024-03-16T15:41:00.000000000Z,10473.19883,7379.22883,300.39883,172.8,14.92117,1,3093.97
2024-03-16T15:42:00.000000000Z,10472.89883,7379.22883,300.39883,172.5,14.92117,1,3093.67
2024-03-16T15:43:00.000000000Z,10472.58883,7379.22883,300.39883,172.19,14.92117,1,3093.36
2024-03-16T15:44:00.000000000Z,10472.26883,7379.22883,300.39883,171.87,14.92117,1,3093.04
2024-03-16T15:45:00.000000000Z,10471.94883,7379.22883,300.39883,171.55,14.92117,1,3092.72
2024-03-16T15:46:00.000000000Z,10471.61883,7379.22883,300.39883,171.22,14.92117,1,3092.39
2024-03-16T15:47:00.000000000Z,10471.27883,7379.22883,300.39883,170.88,14.92117,1,3092.05
2024-03-16T15:48:00.000000000Z,10470.93883,7379.22883,300.39883,170.54,14.92117,1,3091.71
2024-03-16T15:49:00.000000000Z,10470.57883,7379.22883,300.39883,170.18,14.92117,1,3091.35
2024-03-16T15:50:00.000000000Z,10470.22883,7379.22883,300.39883,169.83,14.92117,1,3091
2024-03-16T15:51:00.000000000Z,10469.85883,7379.22883,300.39883,169.46,14.92117,1,3090.63
2024-03-16T15:52:00.000000000Z,10469.48883,7379.22883,300.39883,169.09,14.92117,1,3090.26
2024-03-16T15:53:00.000000000Z,10469.10883,7379.22883,300.39883,168.71,14.92117,1,3089.88
2024-03-16T15:54:00.000000000Z,10468.71883,7379.22883,300.39883,168.32,14.92117,1,3089.49
2024-03-16T15:55:00.000000000Z,10468.32883,7379.22883,300.39883,167.93,14.92117,1,3089.1
2024-03-16T15:56:00.000000000Z,10467.92883,7379.22883,300.39883,167.53,14.92117,1,3088.7
2024-03-16T15:57:00.000000000Z,10467.51883,7379.22883,300.39883,167.12,14.92117,1,3088.29
2024-03-16T15:58:00.000000000Z,10467.10883,7379.22883,300.39883,166.71,14.92117,1,3087.88
2024-03-16T15:59:00.000000000Z,10466.68883,7379.22883,300.39883,166.29,14.92117,1,3087.46
2024-03-16T16:00:00.000000000Z,10466.26883,7379.22883,300.39883,165.87,14.92117,1,3087.04
2024-03-16T16:01:00.000000000Z,10465.82883,7379.22883,300.39883,165.43,14.92117,1,3086.6
2024-03-16T16:02:00.000000000Z,10465.38883,7379.22883,300.39883,164.99,14.92117,1,3086.16
2024-03-16T16:03:00.000000000Z,10464.94883,7379.22883,300.39883,164.55,14.92117,1,3085.72
2024-03-16T16:04:00.000000000Z,10464.48883,7379.22883,300.39883,164.09,14.92117,1,3085.26
2024-03-16T16:05:00.000000000Z,10464.02883,7379.22883,300.39883,163.63,14.92117,1,3084.8
2024-03-16T16:06:00.000000000Z,10463.56883,7379.22883,300.39883,163.17,14.92117,1,3084.34
2024-03-16T16:07:00.000000000Z,10463.09883,7379.22883,300.39883,162.7,14.92117,1,3083.87
2024-03-16T16:08:00.000000000Z,10462.61883,7379.22883,300.39883,162.22,14.92117,1,3083.39
2024-03-16T16:09:00.000000000Z,10462.12883,7379.22883,300.39883,161.73,14.92117,1,3082.9
2024-03-16T16:10:00.000000000Z,10461.63883,7379.22883,300.39883,161.24,14.92117,1,3082.41
2024-03-16T16:11:00.000000000Z,10461.14883,7379.22883,300.39883,160.75,14.92117,1,3081.92
2024-03-16T16:12:00.000000000Z,10460.63883,7379.22883,300.39883,160.24,14.92117,1,3081.41
2024-03-16T16:13:00.000000000Z,10460.12883,7379.22883,300.39883,159.73,14.92117,1,3080.9
2024-03-16T16:14:00.000000000Z,10459.61883,7379.22883,300.39883,159.22,14.92117,1,3080.39
2024-03-16T16:15:00.000000000Z,10459.08883,7379.22883,300.39883,158.69,14.92117,1,3079.86
2024-03-16T16:16:00.000000000Z,10454.98,10454.98,454.98,0,18,0,3079.34
2024-03-16T16:17:00.000000000Z,10454.98,10454.98,454.98,0,18,0,3078.8
2024-03-16T16:18:00.000000000Z,10454.98,10454.98,454.98,0,18,0,3078.26
2024-03-16T16:19:00.000000000Z,10454.98,10454.98,454.98,0,18,0,3077.71
2024-03-16T16:20:00.000000000Z,10454.98,10454.98,454.98,0,18,0,3077.16
2024-03-16T16:21:00.000000000Z,10454.98,10454.98,454.98,0,18,0,3076.6
2024-03-16T16:22:00.000000000Z,10454.98,10454.98,454.98,0,18,0,3076.04
2024-03-16T16:23:00.000000000Z,10454.98,10454.98,454.98,0,18,0,3075.47
2024-03-16T16:24:00.000000000Z,10454.98,10454.98,454.98,0,18,0,3074.9
2024-03-16T16:25:00.000000000Z,10454.98,10454.98,454.98,0,18,0,3074.31
2024-03-16T16:26:00.000000000Z,10454.98,10454.98,454.98,0,18,0,3073.73
2024-03-16T16:27:00.000000000Z,10454.98,10454.98,454.98,0,18,0,3073.14
2024-03-16T16:28:00.000000000Z,10454.98,10454.98,454.98,0,18,0,3072.54
2024-03-16T16:29:00.000000000Z,10454.98,10454.98,454.98,0,18,0,3071.93
2024-03-16T16:30:00.000000000Z,10454.98,10454.98,454.98,0,18,0,3071.33
2024-03-16T16:31:00.000000000Z,10454.98,10454.98,454.98,0,18,0,3070.71
2024-03-16T16:32:00.000000000Z,10454.98,10454.98,454.98,0,18,0,3070.09
2024-03-16T16:33:00.000000000Z,10454.98,10454.98,454.98,0,18,0,3069.47
2024-03-16T16:34:00.000000000Z,10454.98,10454.98,454.98,0,18,0,3068.84
2024-03-16T16:35:00.000000000Z,10454.98,10454.98,454.98,0,18,0,3068.2
2024-03-16T16:36:00.000000000Z,10454.98,10454.98,454.98,0,18,0,3067.56
2024-03-16T16:37:00.000000000Z,10454.98,10454.98,454.98,0,18,0,3066.91
2024-03-16T16:38:00.000000000Z,10454.98,10454.98,454.98,0,18,0,3066.26
2024-03-16T16:39:00.000000000Z,10454.98,10454.98,454.98,0,18,0,3065.61
2024-03-16T16:40:00.000000000Z,10454.98,10454.98,454.98,0,18,0,3064.94
2024-03-16T16:41:00.000000000Z,10454.98,10454.98,454.98,0,18,0,3064.28
2024-03-16T16:42:00.000000000Z,10454.98,10454.98,454.98,0,18,0,3063.61
2024-03-16T16:43:00.000000000Z,10454.98,10454.98,454.98,0,18,0,3062.93
2024-03-16T16:44:00.000000000Z,10454.98,10454.98,454.98,0,18,0,3062.25
2024-03-16T16:45:00.000000000Z,10454.98,10454.98,454.98,0,18,0,3061.57
2024-03-16T16:46:00.000000000Z,10454.98,10454.98,454.98,0,18,0,3060.88
2024-03-16T16:47:00.000000000Z,10454.98,10454.98,454.98,0,18,0,3060.18
2024-03-16T16:48:00.000000000Z,10454.98,10454.98,454.98,0,18,0,3059.48
2024-03-16T16:49:00.000000000Z,10454.98,10454.98,454.98,0,18,0,3058.78
2024-03-16T16:50:00.000000000Z,10454.98,10454.98,454.98,0,18,0,3058.07
2024-03-16T16:51:00.000000000Z,10454.98,10454.98,454.98,0,18,0,3057.36
2024-03-16T16:52:00.000000000Z,10454.98,10454.98,454.98,0,18,0,3056.64
2024-03-16T16:53:00.000000000Z,10454.98,10454.98,454.98,0,18,0,3055.92
2024-03-16T16:54:00.000000000Z,10454.98,10454.98,454.98,0,18,0,3055.19
2024-03-16T16:55:00.000000000Z,10454.98,10454.98,454.98,0,18,0,3054.46
2024-03-16T16:56:00.000000000Z,10454.98,10454.98,454.98,0,18,0,3053.73
2024-03-16T16:57:00.000000000Z,10454.98,10454.98,454.98,0,18,0,3052.99
2024-03-16T16:58:00.000000000Z,10454.98,10454.98,454.98,0,18,0,3052.25
2024-03-16T16:59:00.000000000Z,10454.98,10454.98,454.98,0,18,0,3051.5
2024-03-16T17:00:00.000000000Z,10454.98,10454.98,454.98,0,18,0,3050.75
2024-03-16T17:01:00.000000000Z,10454.98,10454.98,454.98,0,18,0,3050
2024-03-16T17:02:00.000000000Z,10454.98,10454.98,454.98,0,18,0,3049.24
2024-03-16T17:03:00.000000000Z,10454.98,10454.98,454.98,0,18,0,3048.48
2024-03-16T17:04:00.000000000Z,10454.98,10454.98,454.98,0,18,0,3047.72
2024-03-16T17:05:00.000000000Z,10454.98,10454.98,454.98,0,18,0,3046.95
2024-03-16T17:06:00.000000000Z,10454.98,10454.98,454.98,0,18,0,3046.17
2024-03-16T17:07:00.000000000Z,10454.98,10454.98,454.98,0,18,0,3045.4
2024-03-16T17:08:00.000000000Z,10454.98,10454.98,454.98,0,18,0,3044.62
2024-03-16T17:09:00.000000000Z,10454.98,10454.98,454.98,0,18,0,3043.84
2024-03-16T17:10:00.000000000Z,10454.98,10454.98,454.98,0,18,0,3043.05
2024-03-16T17:11:00.000000000Z,10454.98,10454.98,454.98,0,18,0,3042.26
2024-03-16T17:12:00.000000000Z,10454.98,10454.98,454.98,0,18,0,3041.47
2024-03-16T17:13:00.000000000Z,10454.98,10454.98,454.98,0,18,0,3040.67
2024-03-16T17:14:00.000000000Z,10454.98,10454.98,454.98,0,18,0,3039.87
2024-03-16T17:15:00.000000000Z,10454.98,10454.98,454.98,0,18,0,3039.07
2024-03-16T17:16:00.000000000Z,10454.98,10454.98,454.98,0,18,0,3038.27
2024-03-16T17:17:00.000000000Z,10454.98,10454.98,454.98,0,18,0,3037.46
2024-03-16T17:18:00.000000000Z,10454.98,10454.98,454.98,0,18,0,3036.65
2024-03-16T17:19:00.000000000Z,10454.98,10454.98,454.98,0,18,0,3035.84
2024-03-16T17:20:00.000000000Z,10454.98,10454.98,454.98,0,18,0,3035.02
2024-03-16T17:21:00.000000000Z,10454.98,10454.98,454.98,0,18,0,3034.2
2024-03-16T17:22:00.000000000Z,10454.98,10454.98,454.98,0,18,0,3033.38
2024-03-16T17:23:00.000000000Z,10454.98,10454.98,454.98,0,18,0,3032.56
2024-03-16T17:24:00.000000000Z,10454.98,10454.98,454.98,0,18,0,3031.73
2024-03-16T17:25:00.000000000Z,10454.98,10454.98,454.98,0,18,0,3030.9
2024-03-16T17:26:00.000000000Z,10454.98,10454.98,454.98,0,18,0,3030.07
2024-03-16T17:27:00.000000000Z,10454.98,10454.98,454.98,0,18,0,3029.24
2024-03-16T17:28:00.000000000Z,10454.98,10454.98,454.98,0,18,0,3028.4
2024-03-16T17:29:00.000000000Z,10454.98,10454.98,454.98,0,18,0,3027.56
2024-03-16T17:30:00.000000000Z,10454.98,10454.98,454.98,0,18,0,3026.72
2024-03-16T17:31:00.000000000Z,10454.98,10454.98,454.98,0,18,0,3025.88
2024-03-16T17:32:00.000000000Z,10454.98,10454.98,454.98,0,18,0,3025.04
2024-03-16T17:33:00.000000000Z,10454.98,10454.98,454.98,0,18,0,3024.19
2024-03-16T17:34:00.000000000Z,10454.98,10454.98,454.98,0,18,0,3023.34
2024-03-16T17:35:00.000000000Z,10454.98,10454.98,454.98,0,18,0,3022.5
2024-03-16T17:36:00.000000000Z,10454.98,10454.98,454.98,0,18,0,3021.64
2024-03-16T17:37:00.000000000Z,10454.98,10454.98,454.98,0,18,0,3020.79
2024-03-16T17:38:00.000000000Z,10454.98,10454.98,454.98,0,18,0,3019.94
2024-03-16T17:39:00.000000000Z,10454.98,10454.98,454.98,0,18,0,3019.08
2024-03-16T17:40:00.000000000Z,10454.98,10454.98,454.98,0,18,0,3018.22
2024-03-16T17:41:00.000000000Z,10454.98,10454.98,454.98,0,18,0,3017.36
2024-03-16T17:42:00.000000000Z,10454.98,10454.98,454.98,0,18,0,3016.5
2024-03-16T17:43:00.000000000Z,10454.98,10454.98,454.98,0,18,0,3015.64
2024-03-16T17:44:00.000000000Z,10454.98,10454.98,454.98,0,18,0,3014.78
2024-03-16T17:45:00.000000000Z,10454.98,10454.98,454.98,0,18,0,3013.92
2024-03-16T17:46:00.000000000Z,10454.98,10454.98,454.98,0,18,0,3013.05
2024-03-16T17:47:00.000000000Z,10454.98,10454.98,454.98,0,18,0,3012.19
2024-03-16T17:48:00.000000000Z,10454.98,10454.98,454.98,0,18,0,3011.32
2024-03-16T17:49:00.000000000Z,10454.98,10454.98,454.98,0,18,0,3010.45
2024-03-16T17:50:00.000000000Z,10454.98,10454.98,454.98,0,18,0,3009.58
2024-03-16T17:51:00.000000000Z,10454.98,10454.98,454.98,0,18,0,3008.72
2024-03-16T17:52:00.000000000Z,10454.98,10454.98,454.98,0,18,0,3007.85
2024-03-16T17:53:00.000000000Z,10454.98,10454.98,454.98,0,18,0,3006.98
2024-03-16T17:54:00.000000000Z,10454.98,10454.98,454.98,0,18,0,3006.1
2024-03-16T17:55:00.000000000Z,10454.98,10454.98,454.98,0,18,0,3005.23
2024-03-16T17:56:00.000000000Z,10454.98,10454.98,454.98,0,18,0,3004.36
2024-03-16T17:57:00.000000000Z,10454.98,10454.98,454.98,0,18,0,3003.49
2024-03-16T17:58:00.000000000Z,10454.98,10454.98,454.98,0,18,0,3002.62
2024-03-16T17:59:00.000000000Z,10454.98,10454.98,454.98,0,18,0,3001.75
2024-03-16T18:00:00.000000000Z,10454.98,10454.98,454.98,0,18,0,3000.87
2024-03-16T18:01:00.000000000Z,10454.98,10454.98,454.98,0,18,0,3000
2024-03-16T18:02:00.000000000Z,10454.98,10454.98,454.98,0,18,0,2999.13
2024-03-16T18:03:00.000000000Z,10454.98,10454.98,454.98,0,18,0,2998.25
2024-03-16T18:04:00.000000000Z,10454.98,10454.98,454.98,0,18,0,2997.38
2024-03-16T18:05:00.000000000Z,10454.98,10454.98,454.98,0,18,0,2996.51
2024-03-16T18:06:00.000000000Z,10454.98,10454.98,454.98,0,18,0,2995.64
2024-03-16T18:07:00.000000000Z,10454.98,10454.98,454.98,0,18,0,2994.77
2024-03-16T18:08:00.000000000Z,10454.98,10454.98,454.98,0,18,0,2993.9
2024-03-16T18:09:00.000000000Z,10454.98,10454.98,454.98,0,18,0,2993.02
2024-03-16T18:10:00.000000000Z,10454.98,10454.98,454.98,0,18,0,2992.15
2024-03-16T18:11:00.000000000Z,10454.98,10454.98,454.98,0,18,0,2991.28
2024-03-16T18:12:00.000000000Z,10454.98,10454.98,454.98,0,18,0,2990.42
2024-03-16T18:13:00.000000000Z,10454.98,10454.98,454.98,0,18,0,2989.55
2024-03-16T18:14:00.000000000Z,10454.98,10454.98,454.98,0,18,0,2988.68
2024-03-16T18:15:00.000000000Z,10454.98,10454.98,454.98,0,18,0,2987.81
2024-03-16T18:16:00.000000000Z,10454.98,10454.98,454.98,0,18,0,2986.95
2024-03-16T18:17:00.000000000Z,10454.98,10454.98,454.98,0,18,0,2986.08
2024-03-16T18:18:00.000000000Z,10454.98,10454.98,454.98,0,18,0,2985.22
2024-03-16T18:19:00.000000000Z,10454.98,10454.98,454.98,0,18,0,2984.36
2024-03-16T18:20:00.000000000Z,10454.98,10454.98,454.98,0,18,0,2983.5
2024-03-16T18:21:00.000000000Z,10454.98,10454.98,454.98,0,18,0,2982.64
2024-03-16T18:22:00.000000000Z,10454.98,10454.98,454.98,0,18,0,2981.78
2024-03-16T18:23:00.000000000Z,10454.98,10454.98,454.98,0,18,0,2980.92
2024-03-16T18:24:00.000000000Z,10454.98,10454.98,454.98,0,18,0,2980.06
2024-03-16T18:25:00.000000000Z,10454.98,10454.98,454.98,0,18,0,2979.21
2024-03-16T18:26:00.000000000Z,10454.98,10454.98,454.98,0,18,0,2978.36
2024-03-16T18:27:00.000000000Z,10454.98,10454.98,454.98,0,18,0,2977.5
2024-03-16T18:28:00.000000000Z,10454.98,10454.98,454.98,0,18,0,2976.66
2024-03-16T18:29:00.000000000Z,10454.98,10454.98,454.98,0,18,0,2975.81
2024-03-16T18:30:00.000000000Z,10454.98,10454.98,454.98,0,18,0,2974.96
2024-03-16T18:31:00.000000000Z,10454.98,10454.98,454.98,0,18,0,2974.12
2024-03-16T18:32:00.000000000Z,10454.98,10454.98,454.98,0,18,0,2973.28
2024-03-16T18:33:00.000000000Z,10454.98,10454.98,454.98,0,18,0,2972.44
2024-03-16T18:34:00.000000000Z,10454.98,10454.98,454.98,0,18,0,2971.6
2024-03-16T18:35:00.000000000Z,10454.98,10454.98,454.98,0,18,0,2970.76
2024-03-16T18:36:00.000000000Z,10454.98,10454.98,454.98,0,18,0,2969.93
2024-03-16T18:37:00.000000000Z,10454.98,10454.98,454.98,0,18,0,2969.1
2024-03-16T18:38:00.000000000Z,10454.98,10454.98,454.98,0,18,0,2968.27
2024-03-16T18:39:00.000000000Z,10454.98,10454.98,454.98,0,18,0,2967.44
2024-03-16T18:40:00.000000000Z,10454.98,10454.98,454.98,0,18,0,2966.62
2024-03-16T18:41:00.000000000Z,10454.98,10454.98,454.98,0,18,0,2965.8
2024-03-16T18:42:00.000000000Z,10454.98,10454.98,454.98,0,18,0,2964.98
2024-03-16T18:43:00.000000000Z,10454.98,10454.98,454.98,0,18,0,2964.16
2024-03-16T18:44:00.000000000Z,10454.98,10454.98,454.98,0,18,0,2963.35
2024-03-16T18:45:00.000000000Z,10454.98,10454.98,454.98,0,18,0,2962.54
2024-03-16T18:46:00.000000000Z,10454.98,10454.98,454.98,0,18,0,2961.73
2024-03-16T18:47:00.000000000Z,10454.98,10454.98,454.98,0,18,0,2960.93
2024-03-16T18:48:00.000000000Z,10454.98,10454.98,454.98,0,18,0,2960.13
2024-03-16T18:49:00.000000000Z,10454.98,10454.98,454.98,0,18,0,2959.33
2024-03-16T18:50:00.000000000Z,10454.98,10454.98,454.98,0,18,0,2958.53
2024-03-16T18:51:00.000000000Z,10454.98,10454.98,454.98,0,18,0,2957.74
2024-03-16T18:52:00.000000000Z,10454.98,10454.98,454.98,0,18,0,2956.95
2024-03-16T18:53:00.000000000Z,10454.98,10454.98,454.98,0,18,0,2956.16
2024-03-16T18:54:00.000000000Z,10454.98,10454.98,454.98,0,18,0,2955.38
2024-03-16T18:55:00.000000000Z,10454.98,10454.98,454.98,0,18,0,2954.6
2024-03-16T18:56:00.000000000Z,10454.98,10454.98,454.98,0,18,0,2953.83
2024-03-16T18:57:00.000000000Z,10454.98,10454.98,454.98,0,18,0,2953.05
2024-03-16T18:58:00.000000000Z,10454.98,10454.98,454.98,0,18,0,2952.28
2024-03-16T18:59:00.000000000Z,10454.98,10454.98,454.98,0,18,0,2951.52
2024-03-16T19:00:00.000000000Z,10454.98,10454.98,454.98,0,18,0,2950.76
2024-03-16T19:01:00.000000000Z,10454.98,10454.98,454.98,0,18,0,2950
2024-03-16T19:02:00.000000000Z,10454.98,10454.98,454.98,0,18,0,2949.25
2024-03-16T19:03:00.000000000Z,10454.98,10454.98,454.98,0,18,0,2948.5
2024-03-16T19:04:00.000000000Z,10454.98,10454.98,454.98,0,18,0,2947.75
2024-03-16T19:05:00.000000000Z,10454.98,10454.98,454.98,0,18,0,2947.01
2024-03-16T19:06:00.000000000Z,10454.98,10454.98,454.98,0,18,0,2946.27
2024-03-16T19:07:00.000000000Z,10454.98,10454.98,454.98,0,18,0,2945.54
2024-03-16T19:08:00.000000000Z,10454.98,10454.98,454.98,0,18,0,2944.81
2024-03-16T19:09:00.000000000Z,10454.98,10454.98,454.98,0,18,0,2944.08
2024-03-16T19:10:00.000000000Z,10454.98,10454.98,454.98,0,18,0,2943.36
2024-03-16T19:11:00.000000000Z,10454.98,10454.98,454.98,0,18,0,2942.64
2024-03-16T19:12:00.000000000Z,10454.98,10454.98,454.98,0,18,0,2941.93
2024-03-16T19:13:00.000000000Z,10454.98,10454.98,454.98,0,18,0,2941.22
2024-03-16T19:14:00.000000000Z,10454.98,10454.98,454.98,0,18,0,2940.52
2024-03-16T19:15:00.000000000Z,10454.98,10454.98,454.98,0,18,0,2939.82
2024-03-16T19:16:00.000000000Z,10454.98,10454.98,454.98,0,18,0,2939.12
2024-03-16T19:17:00.000000000Z,10454.98,10454.98,454.98,0,18,0,2938.43
2024-03-16T19:18:00.000000000Z,10454.98,10454.98,454.98,0,18,0,2937.75
2024-03-16T19:19:00.000000000Z,10454.98,10454.98,454.98,0,18,0,2937.07
2024-03-16T19:20:00.000000000Z,10454.98,10454.98,454.98,0,18,0,2936.39
2024-03-16T19:21:00.000000000Z,10454.98,10454.98,454.98,0,18,0,2935.72
2024-03-16T19:22:00.000000000Z,10454.98,10454.98,454.98,0,18,0,2935.06
2024-03-16T19:23:00.000000000Z,10454.98,10454.98,454.98,0,18,0,2934.39
2024-03-16T19:24:00.000000000Z,10454.98,10454.98,454.98,0,18,0,2933.74
2024-03-16T19:25:00.000000000Z,10454.98,10454.98,454.98,0,18,0,2933.09
2024-03-16T19:26:00.000000000Z,10454.98,10454.98,454.98,0,18,0,2932.44
2024-03-16T19:27:00.000000000Z,10454.98,10454.98,454.98,0,18,0,2931.8
2024-03-16T19:28:00.000000000Z,10454.98,10454.98,454.98,0,18,0,2931.16
2024-03-16T19:29:00.000000000Z,10454.98,10454.98,454.98,0,18,0,2930.53
2024-03-16T19:30:00.000000000Z,10454.98,10454.98,454.98,0,18,0,2929.91
2024-03-16T19:31:00.000000000Z,10454.98,10454.98,454.98,0,18,0,2929.29
2024-03-16T19:32:00.000000000Z,10454.98,10454.98,454.98,0,18,0,2928.67
2024-03-16T19:33:00.000000000Z,10454.98,10454.98,454.98,0,18,0,2928.07
2024-03-16T19:34:00.000000000Z,10454.98,10454.98,454.98,0,18,0,2927.46
2024-03-16T19:35:00.000000000Z,10454.98,10454.98,454.98,0,18,0,2926.86
2024-03-16T19:36:00.000000000Z,10454.98,10454.98,454.98,0,18,0,2926.27
2024-03-16T19:37:00.000000000Z,10454.98,10454.98,454.98,0,18,0,2925.69
2024-03-16T19:38:00.000000000Z,10454.98,10454.98,454.98,0,18,0,2925.1
2024-03-16T19:39:00.000000000Z,10454.98,10454.98,454.98,0,18,0,2924.53
2024-03-16T19:40:00.000000000Z,10454.98,10454.98,454.98,0,18,0,2923.96
2024-03-16T19:41:00.000000000Z,10454.98,10454.98,454.98,0,18,0,2923.4
2024-03-16T19:42:00.000000000Z,10454.98,10454.98,454.98,0,18,0,2922.84
2024-03-16T19:43:00.000000000Z,10454.98,10454.98,454.98,0,18,0,2922.29
2024-03-16T19:44:00.000000000Z,10454.98,10454.98,454.98,0,18,0,2921.74
2024-03-16T19:45:00.000000000Z,10454.98,10454.98,454.98,0,18,0,2921.2
2024-03-16T19:46:00.000000000Z,10454.98,10454.98,454.98,0,18,0,2920.66
2024-03-16T19:47:00.000000000Z,10454.98,10454.98,454.98,0,18,0,2920.14
2024-03-16T19:48:00.000000000Z,10454.98,10454.98,454.98,0,18,0,2919.61
2024-03-16T19:49:00.000000000Z,10454.98,10454.98,454.98,0,18,0,2919.1
2024-03-16T19:50:00.000000000Z,10454.98,10454.98,454.98,0,18,0,2918.59
2024-03-16T19:51:00.000000000Z,10454.98,10454.98,454.98,0,18,0,2918.08
2024-03-16T19:52:00.000000000Z,10454.98,10454.98,454.98,0,18,0,2917.59
2024-03-16T19:53:00.000000000Z,10454.98,10454.98,454.98,0,18,0,2917.1
2024-03-16T19:54:00.000000000Z,10454.98,10454.98,454.98,0,18,0,2916.61
2024-03-16T19:55:00.000000000Z,10454.98,10454.98,454.98,0,18,0,2916.13
2024-03-16T19:56:00.000000000Z,10454.98,10454.98,454.98,0,18,0,2915.66
2024-03-16T19:57:00.000000000Z,10454.98,10454.98,454.98,0,18,0,2915.2
2024-03-16T19:58:00.000000000Z,10454.98,10454.98,454.98,0,18,0,2914.74
2024-03-16T19:59:00.000000000Z,10454.98,10454.98,454.98,0,18,0,2914.28
2024-03-16T20:00:00.000000000Z,10454.98,10454.98,454.98,0,18,0,2913.84
2024-03-16T20:01:00.000000000Z,10454.98,10454.98,454.98,0,18,0,2913.4
2024-03-16T20:02:00.000000000Z,10454.98,10454.98,454.98,0,18,0,2912.96
2024-03-16T20:03:00.000000000Z,10454.98,10454.98,454.98,0,18,0,2912.54
2024-03-16T20:04:00.000000000Z,10454.98,10454.98,454.98,0,18,0,2912.12
2024-03-16T20:05:00.000000000Z,10454.98,10454.98,454.98,0,18,0,2911.71
2024-03-16T20:06:00.000000000Z,10454.98,10454.98,454.98,0,18,0,2911.3
2024-03-16T20:07:00.000000000Z,10454.98,10454.98,454.98,0,18,0,2910.9
2024-03-16T20:08:00.000000000Z,10454.98,10454.98,454.98,0,18,0,2910.51
2024-03-16T20:09:00.000000000Z,10454.98,10454.98,454.98,0,18,0,2910.12
2024-03-16T20:10:00.000000000Z,10454.98,10454.98,454.98,0,18,0,2909.74
2024-03-16T20:11:00.000000000Z,10454.98,10454.98,454.98,0,18,0,2909.37
2024-03-16T20:12:00.000000000Z,10454.98,10454.98,454.98,0,18,0,2909
2024-03-16T20:13:00.000000000Z,10454.98,10454.98,454.98,0,18,0,2908.65
2024-03-16T20:14:00.000000000Z,10454.98,10454.98,454.98,0,18,0,2908.29
2024-03-16T20:15:00.000000000Z,10454.98,10454.98,454.98,0,18,0,2907.95
2024-03-16T20:16:00.000000000Z,10454.98,10454.98,454.98,0,18,0,2907.61
2024-03-16T20:17:00.000000000Z,10454.98,10454.98,454.98,0,18,0,2907.28
2024-03-16T20:18:00.000000000Z,10454.98,10454.98,454.98,0,18,0,2906.96
2024-03-16T20:19:00.000000000Z,10454.98,10454.98,454.98,0,18,0,2906.64
2024-03-16T20:20:00.000000000Z,10454.98,10454.98,454.98,0,18,0,2906.33
2024-03-16T20:21:00.000000000Z,10454.98,10454.98,454.98,0,18,0,2906.03
2024-03-16T20:22:00.000000000Z,10454.98,10454.98,454.98,0,18,0,2905.74
2024-03-16T20:23:00.000000000Z,10454.98,10454.98,454.98,0,18,0,2905.45
2024-03-16T20:24:00.000000000Z,10454.98,10454.98,454.98,0,18,0,2905.17
2024-03-16T20:25:00.000000000Z,10454.98,10454.98,454.98,0,18,0,2904.89
2024-03-16T20:26:00.000000000Z,10454.98,10454.98,454.98,0,18,0,2904.63
2024-03-16T20:27:00.000000000Z,10454.98,10454.98,454.98,0,18,0,2904.37
2024-03-16T20:28:00.000000000Z,10454.98,10454.98,454.98,0,18,0,2904.12
2024-03-16T20:29:00.000000000Z,10454.98,10454.98,454.98,0,18,0,2903.87
2024-03-16T20:30:00.000000000Z,10454.98,10454.98,454.98,0,18,0,2903.64
2024-03-16T20:31:00.000000000Z,10454.98,10454.98,454.98,0,18,0,2903.41
2024-03-16T20:32:00.000000000Z,10454.98,10454.98,454.98,0,18,0,2903.19
2024-03-16T20:33:00.000000000Z,10454.98,10454.98,454.98,0,18,0,2902.97
2024-03-16T20:34:00.000000000Z,10454.98,10454.98,454.98,0,18,0,2902.76
2024-03-16T20:35:00.000000000Z,10454.98,10454.98,454.98,0,18,0,2902.56
2024-03-16T20:36:00.000000000Z,10454.98,10454.98,454.98,0,18,0,2902.37
2024-03-16T20:37:00.000000000Z,10454.98,10454.98,454.98,0,18,0,2902.19
2024-03-16T20:38:00.000000000Z,10454.98,10454.98,454.98,0,18,0,2902.01
2024-03-16T20:39:00.000000000Z,10454.98,10454.98,454.98,0,18,0,2901.84
2024-03-16T20:40:00.000000000Z,10454.98,10454.98,454.98,0,18,0,2901.67
2024-03-16T20:41:00.000000000Z,10454.98,10454.98,454.98,0,18,0,2901.52
2024-03-16T20:42:00.000000000Z,10454.98,10454.98,454.98,0,18,0,2901.37
2024-03-16T20:43:00.000000000Z,10454.98,10454.98,454.98,0,18,0,2901.23
2024-03-16T20:44:00.000000000Z,10454.98,10454.98,454.98,0,18,0,2901.1
2024-03-16T20:45:00.000000000Z,10454.98,10454.98,454.98,0,18,0,2900.97
2024-03-16T20:46:00.000000000Z,10454.98,10454.98,454.98,0,18,0,2900.86
2024-03-16T20:47:00.000000000Z,10454.98,10454.98,454.98,0,18,0,2900.75
2024-03-16T20:48:00.000000000Z,10454.98,10454.98,454.98,0,18,0,2900.64
2024-03-16T20:49:00.000000000Z,10454.98,10454.98,454.98,0,18,0,2900.55
2024-03-16T20:50:00.000000000Z,10454.98,10454.98,454.98,0,18,0,2900.46
2024-03-16T20:51:00.000000000Z,10454.98,10454.98,454.98,0,18,0,2900.38
2024-03-16T20:52:00.000000000Z,10454.98,10454.98,454.98,0,18,0,2900.31
2024-03-16T20:53:00.000000000Z,10454.98,10454.98,454.98,0,18,0,2900.24
2024-03-16T20:54:00.000000000Z,10454.98,10454.98,454.98,0,18,0,2900.19
2024-03-16T20:55:00.000000000Z,10454.98,10454.98,454.98,0,18,0,2900.14
2024-03-16T20:56:00.000000000Z,10454.98,10454.98,454.98,0,18,0,2900.1
2024-03-16T20:57:00.000000000Z,10454.98,10454.98,454.98,0,18,0,2900.06
2024-03-16T20:58:00.000000000Z,10454.98,10454.98,454.98,0,18,0,2900.03
2024-03-16T20:59:00.000000000Z,10454.98,10454.98,454.98,0,18,0,2900.02
2024-03-16T21:00:00.000000000Z,10454.98,10454.98,454.98,0,18,0,2900
2024-03-16T21:01:00.000000000Z,10454.98,10454.98,454.98,0,18,0,2900
2024-03-16T21:02:00.000000000Z,10454.98,10454.98,454.98,0,18,0,2900
2024-03-16T21:03:00.000000000Z,10454.98,10454.98,454.98,0,18,0,2900.02
2024-03-16T21:04:00.000000000Z,10454.98,10454.98,454.98,0,18,0,2900.03
2024-03-16T21:05:00.000000000Z,10454.98,10454.98,454.98,0,18,0,2900.06
2024-03-16T21:06:00.000000000Z,10454.98,10454.98,454.98,0,18,0,2900.1
2024-03-16T21:07:00.000000000Z,10454.98,10454.98,454.98,0,18,0,2900.14
2024-03-16T21:08:00.000000000Z,10454.98,10454.98,454.98,0,18,0,2900.19
2024-03-16T21:09:00.000000000Z,10454.98,10454.98,454.98,0,18,0,2900.24
2024-03-16T21:10:00.000000000Z,10454.98,10454.98,454.98,0,18,0,2900.31
2024-03-16T21:11:00.000000000Z,10454.98,10454.98,454.98,0,18,0,2900.38
2024-03-16T21:12:00.000000000Z,10454.98,10454.98,454.98,0,18,0,2900.46
2024-03-16T21:13:00.000000000Z,10454.98,10454.98,454.98,0,18,0,2900.55
2024-03-16T21:14:00.000000000Z,10454.98,10454.98,454.98,0,18,0,2900.64
2024-03-16T21:15:00.000000000Z,10454.98,10454.98,454.98,0,18,0,2900.75
2024-03-16T21:16:00.000000000Z,10454.98,10454.98,454.98,0,18,0,2900.86
2024-03-16T21:17:00.000000000Z,10454.98,10454.98,454.98,0,18,0,2900.97
2024-03-16T21:18:00.000000000Z,10454.98,10454.98,454.98,0,18,0,2901.1
2024-03-16T21:19:00.000000000Z,10454.98,10454.98,454.98,0,18,0,2901.23
2024-03-16T21:20:00.000000000Z,10454.98,10454.98,454.98,0,18,0,2901.37
2024-03-16T21:21:00.000000000Z,10454.98,10454.98,454.98,0,18,0,2901.52
2024-03-16T21:22:00.000000000Z,10454.98,10454.98,454.98,0,18,0,2901.67
2024-03-16T21:23:00.000000000Z,10454.98,10454.98,454.98,0,18,0,2901.84
2024-03-16T21:24:00.000000000Z,10454.98,10454.98,454.98,0,18,0,2902.01
2024-03-16T21:25:00.000000000Z,10454.98,10454.98,454.98,0,18,0,2902.19
2024-03-16T21:26:00.000000000Z,10454.98,10454.98,454.98,0,18,0,2902.37
2024-03-16T21:27:00.000000000Z,10454.98,10454.98,454.98,0,18,0,2902.56
2024-03-16T21:28:00.000000000Z,10454.98,10454.98,454.98,0,18,0,2902.76
2024-03-16T21:29:00.000000000Z,10454.98,10454.98,454.98,0,18,0,2902.97
2024-03-16T21:30:00.000000000Z,10454.98,10454.98,454.98,0,18,0,2903.19
2024-03-16T21:31:00.000000000Z,10454.98,10454.98,454.98,0,18,0,2903.41
2024-03-16T21:32:00.000000000Z,10454.98,10454.98,454.98,0,18,0,2903.64
2024-03-16T21:33:00.000000000Z,10454.98,10454.98,454.98,0,18,0,2903.87
2024-03-16T21:34:00.000000000Z,10454.98,10454.98,454.98,0,18,0,2904.12
2024-03-16T21:35:00.000000000Z,10454.98,10454.98,454.98,0,18,0,2904.37
2024-03-16T21:36:00.000000000Z,10454.98,10454.98,454.98,0,18,0,2904.63
2024-03-16T21:37:00.000000000Z,10454.98,10454.98,454.98,0,18,0,2904.89
2024-03-16T21:38:00.000000000Z,10454.98,10454.98,454.98,0,18,0,2905.17
2024-03-16T21:39:00.000000000Z,10454.98,10454.98,454.98,0,18,0,2905.45
2024-03-16T21:40:00.000000000Z,10454.98,10454.98,454.98,0,18,0,2905.74
2024-03-16T21:41:00.000000000Z,10454.98,10454.98,454.98,0,18,0,2906.03
2024-03-16T21:42:00.000000000Z,10454.98,10454.98,454.98,0,18,0,2906.33
2024-03-16T21:43:00.000000000Z,10454.98,10454.98,454.98,0,18,0,2906.64
2024-03-16T21:44:00.000000000Z,10454.98,10454.98,454.98,0,18,0,2906.96
2024-03-16T21:45:00.000000000Z,10454.98,10454.98,454.98,0,18,0,2907.28
2024-03-16T21:46:00.000000000Z,10454.98,10454.98,454.98,0,18,0,2907.61
2024-03-16T21:47:00.000000000Z,10454.98,10454.98,454.98,0,18,0,2907.95
2024-03-16T21:48:00.000000000Z,10454.98,10454.98,454.98,0,18,0,2908.29
2024-03-16T21:49:00.000000000Z,10454.98,10454.98,454.98,0,18,0,2908.65
2024-03-16T21:50:00.000000000Z,10454.98,10454.98,454.98,0,18,0,2909
2024-03-16T21:51:00.000000000Z,10454.98,10454.98,454.98,0,18,0,2909.37
2024-03-16T21:52:00.000000000Z,10454.98,10454.98,454.98,0,18,0,2909.74
2024-03-16T21:53:00.000000000Z,10454.98,10454.98,454.98,0,18,0,2910.12
2024-03-16T21:54:00.000000000Z,10454.98,10454.98,454.98,0,18,0,2910.51
2024-03-16T21:55:00.000000000Z,10454.98,10454.98,454.98,0,18,0,2910.9
2024-03-16T21:56:00.000000000Z,10454.98,10454.98,454.98,0,18,0,2911.3
2024-03-16T21:57:00.000000000Z,10454.98,10454.98,454.98,0,18,0,2911.71
2024-03-16T21:58:00.000000000Z,10454.98,10454.98,454.98,0,18,0,2912.12
2024-03-16T21:59:00.000000000Z,10454.98,10454.98,454.98,0,18,0,2912.54
2024-03-16T22:00:00.000000000Z,10454.98,10454.98,454.98,0,18,0,2912.96
2024-03-16T22:01:00.000000000Z,10454.98,10454.98,454.98,0,18,0,2913.4
2024-03-16T22:02:00.000000000Z,10454.98,10454.98,454.98,0,18,0,2913.84
2024-03-16T22:03:00.000000000Z,10454.98,10454.98,454.98,0,18,0,2914.28
2024-03-16T22:04:00.000000000Z,10454.98,10454.98,454.98,0,18,0,2914.74
2024-03-16T22:05:00.000000000Z,10454.98,10454.98,454.98,0,18,0,2915.2
2024-03-16T22:06:00.000000000Z,10454.98,10454.98,454.98,0,18,0,2915.66
2024-03-16T22:07:00.000000000Z,10454.98,10454.98,454.98,0,18,0,2916.13
2024-03-16T22:08:00.000000000Z,10454.98,10454.98,454.98,0,18,0,2916.61
2024-03-16T22:09:00.000000000Z,10454.98,10454.98,454.98,0,18,0,2917.1
2024-03-16T22:10:00.000000000Z,10454.98,10454.98,454.98,0,18,0,2917.59
2024-03-16T22:11:00.000000000Z,10454.98,10454.98,454.98,0,18,0,2918.08
2024-03-16T22:12:00.000000000Z,10454.98,10454.98,454.98,0,18,0,2918.59
2024-03-16T22:13:00.000000000Z,10454.98,10454.98,454.98,0,18,0,2919.1
2024-03-16T22:14:00.000000000Z,10454.98,10454.98,454.98,0,18,0,2919.61
2024-03-16T22:15:00.000000000Z,10454.98,10454.98,454.98,0,18,0,2920.14
2024-03-16T22:16:00.000000000Z,10451.54883,7530.88883,452.05883,-0.51,20.92117,1,2920.66
2024-03-16T22:17:00.000000000Z,10452.08883,7530.88883,452.05883,0.03,20.92117,1,2921.2
2024-03-16T22:18:00.000000000Z,10452.62883,7530.88883,452.05883,0.57,20.92117,1,2921.74
2024-03-16T22:19:00.000000000Z,10453.17883,7530.88883,452.05883,1.12,20.92117,1,2922.29
2024-03-16T22:20:00.000000000Z,10453.72883,7530.88883,452.05883,1.67,20.92117,1,2922.84
2024-03-16T22:21:00.000000000Z,10454.28883,7530.88883,452.05883,2.23,20.92117,1,2923.4
2024-03-16T22:22:00.000000000Z,10454.84883,7530.88883,452.05883,2.79,20.92117,1,2923.96
2024-03-16T22:23:00.000000000Z,10455.41883,7530.88883,452.05883,3.36,20.92117,1,2924.53
2024-03-16T22:24:00.000000000Z,10455.98883,7530.88883,452.05883,3.93,20.92117,1,2925.1
2024-03-16T22:25:00.000000000Z,10456.57883,7530.88883,452.05883,4.52,20.92117,1,2925.69
2024-03-16T22:26:00.000000000Z,10457.15883,7530.88883,452.05883,5.1,20.92117,1,2926.27
2024-03-16T22:27:00.000000000Z,10457.74883,7530.88883,452.05883,5.69,20.92117,1,2926.86
2024-03-16T22:28:00.000000000Z,10458.34883,7530.88883,452.05883,6.29,20.92117,1,2927.46
2024-03-16T22:29:00.000000000Z,10458.95883,7530.88883,452.05883,6.9,20.92117,1,2928.07
2024-03-16T22:30:00.000000000Z,10459.55883,7530.88883,452.05883,7.5,20.92117,1,2928.67
2024-03-16T22:31:00.000000000Z,10460.17883,7530.88883,452.05883,8.12,20.92117,1,2929.29
2024-03-16T22:32:00.000000000Z,10460.79883,7530.88883,452.05883,8.74,20.92117,1,2929.91
2024-03-16T22:33:00.000000000Z,10461.41883,7530.88883,452.05883,9.36,20.92117,1,2930.53
2024-03-16T22:34:00.000000000Z,10462.04883,7530.88883,452.05883,9.99,20.92117,1,2931.16
2024-03-16T22:35:00.000000000Z,10462.68883,7530.88883,452.05883,10.63,20.92117,1,2931.8
2024-03-16T22:36:00.000000000Z,10463.32883,7530.88883,452.05883,11.27,20.92117,1,2932.44
2024-03-16T22:37:00.000000000Z,10463.97883,7530.88883,452.05883,11.92,20.92117,1,2933.09
2024-03-16T22:38:00.000000000Z,10464.62883,7530.88883,452.05883,12.57,20.92117,1,2933.74
2024-03-16T22:39:00.000000000Z,10465.27883,7530.88883,452.05883,13.22,20.92117,1,2934.39
2024-03-16T22:40:00.000000000Z,10465.94883,7530.88883,452.05883,13.89,20.92117,1,2935.06
2024-03-16T22:41:00.000000000Z,10466.60883,7530.88883,452.05883,14.55,20.92117,1,2935.72
2024-03-16T22:42:00.000000000Z,10467.27883,7530.88883,452.05883,15.22,20.92117,1,2936.39
2024-03-16T22:43:00.000000000Z,10467.95883,7530.88883,452.05883,15.9,20.92117,1,2937.07
2024-03-16T22:44:00.000000000Z,10468.63883,7530.88883,452.05883,16.58,20.92117,1,2937.75
2024-03-16T22:45:00.000000000Z,10469.31883,7530.88883,452.05883,17.26,20.92117,1,2938.43
2024-03-16T22:46:00.000000000Z,10470.00883,7530.88883,452.05883,17.95,20.92117,1,2939.12
2024-03-16T22:47:00.000000000Z,10470.70883,7530.88883,452.05883,18.65,20.92117,1,2939.82
2024-03-16T22:48:00.000000000Z,10471.40883,7530.88883,452.05883,19.35,20.92117,1,2940.52
2024-03-16T22:49:00.000000000Z,10472.10883,7530.88883,452.05883,20.05,20.92117,1,2941.22
2024-03-16T22:50:00.000000000Z,10472.81883,7530.88883,452.05883,20.76,20.92117,1,2941.93
2024-03-16T22:51:00.000000000Z,10473.52883,7530.88883,452.05883,21.47,20.92117,1,2942.64
2024-03-16T22:52:00.000000000Z,10474.24883,7530.88883,452.05883,22.19,20.92117,1,2943.36
2024-03-16T22:53:00.000000000Z,10474.96883,7530.88883,452.05883,22.91,20.92117,1,2944.08
2024-03-16T22:54:00.000000000Z,10475.69883,7530.88883,452.05883,23.64,20.92117,1,2944.81
2024-03-16T22:55:00.000000000Z,10476.42883,7530.88883,452.05883,24.37,20.92117,1,2945.54
2024-03-16T22:56:00.000000000Z,10477.15883,7530.88883,452.05883,25.1,20.92117,1,2946.27
2024-03-16T22:57:00.000000000Z,10477.89883,7530.88883,452.05883,25.84,20.92117,1,2947.01
2024-03-16T22:58:00.000000000Z,10478.63883,7530.88883,452.05883,26.58,20.92117,1,2947.75
2024-03-16T22:59:00.000000000Z,10479.38883,7530.88883,452.05883,27.33,20.92117,1,2948.5
2024-03-16T23:00:00.000000000Z,10480.13883,7530.88883,452.05883,28.08,20.92117,1,2949.25
2024-03-16T23:01:00.000000000Z,10480.88883,7530.88883,452.05883,28.83,20.92117,1,2950
2024-03-16T23:02:00.000000000Z,10481.64883,7530.88883,452.05883,29.59,20.92117,1,2950.76
2024-03-16T23:03:00.000000000Z,10482.40883,7530.88883,452.05883,30.35,20.92117,1,2951.52
2024-03-16T23:04:00.000000000Z,10483.16883,7530.88883,452.05883,31.11,20.92117,1,2952.28
2024-03-16T23:05:00.000000000Z,10483.93883,7530.88883,452.05883,31.88,20.92117,1,2953.05
2024-03-16T23:06:00.000000000Z,10484.71883,7530.88883,452.05883,32.66,20.92117,1,2953.83
2024-03-16T23:07:00.000000000Z,10485.48883,7530.88883,452.05883,33.43,20.92117,1,2954.6
2024-03-16T23:08:00.000000000Z,10486.26883,7530.88883,452.05883,34.21,20.92117,1,2955.38
2024-03-16T23:09:00.000000000Z,10487.04883,7530.88883,452.05883,34.99,20.92117,1,2956.16
2024-03-16T23:10:00.000000000Z,10487.83883,7530.88883,452.05883,35.78,20.92117,1,2956.95
2024-03-16T23:11:00.000000000Z,10488.62883,7530.88883,452.05883,36.57,20.92117,1,2957.74
2024-03-16T23:12:00.000000000Z,10489.41883,7530.88883,452.05883,37.36,20.92117,1,2958.53
2024-03-16T23:13:00.000000000Z,10490.21883,7530.88883,452.05883,38.16,20.92117,1,2959.33
2024-03-16T23:14:00.000000000Z,10491.01883,7530.88883,452.05883,38.96,20.92117,1,2960.13
2024-03-16T23:15:00.000000000Z,10491.81883,7530.88883,452.05883,39.76,20.92117,1,2960.93
2024-03-16T23:16:00.000000000Z,10492.61883,7530.88883,452.05883,40.56,20.92117,1,2961.73
2024-03-16T23:17:00.000000000Z,10493.42883,7530.88883,452.05883,41.37,20.92117,1,2962.54
2024-03-16T23:18:00.000000000Z,10494.23883,7530.88883,452.05883,42.18,20.92117,1,2963.35
2024-03-16T23:19:00.000000000Z,10495.04883,7530.88883,452.05883,42.99,20.92117,1,2964.16
2024-03-16T23:20:00.000000000Z,10495.86883,7530.88883,452.05883,43.81,20.92117,1,2964.98
2024-03-16T23:21:00.000000000Z,10496.68883,7530.88883,452.05883,44.63,20.92117,1,2965.8
2024-03-16T23:22:00.000000000Z,10497.50883,7530.88883,452.05883,45.45,20.92117,1,2966.62
2024-03-16T23:23:00.000000000Z,10498.32883,7530.88883,452.05883,46.27,20.92117,1,2967.44
2024-03-16T23:24:00.000000000Z,10499.15883,7530.88883,452.05883,47.1,20.92117,1,2968.27
2024-03-16T23:25:00.000000000Z,10499.98883,7530.88883,452.05883,47.93,20.92117,1,2969.1
2024-03-16T23:26:00.000000000Z,10500.81883,7530.88883,452.05883,48.76,20.92117,1,2969.93
2024-03-16T23:27:00.000000000Z,10501.64883,7530.88883,452.05883,49.59,20.92117,1,2970.76
2024-03-16T23:28:00.000000000Z,10502.48883,7530.88883,452.05883,50.43,20.92117,1,2971.6
2024-03-16T23:29:00.000000000Z,10503.32883,7530.88883,452.05883,51.27,20.92117,1,2972.44
2024-03-16T23:30:00.000000000Z,10504.16883,7530.88883,452.05883,52.11,20.92117,1,2973.28
2024-03-16T23:31:00.000000000Z,10505.00883,7530.88883,452.05883,52.95,20.92117,1,2974.12
2024-03-16T23:32:00.000000000Z,10505.84883,7530.88883,452.05883,53.79,20.92117,1,2974.96
2024-03-16T23:33:00.000000000Z,10506.69883,7530.88883,452.05883,54.64,20.92117,1,2975.81
2024-03-16T23:34:00.000000000Z,10507.54883,7530.88883,452.05883,55.49,20.92117,1,2976.66
2024-03-16T23:35:00.000000000Z,10508.38883,7530.88883,452.05883,56.33,20.92117,1,2977.5
2024-03-16T23:36:00.000000000Z,10509.24883,7530.88883,452.05883,57.19,20.92117,1,2978.36
2024-03-16T23:37:00.000000000Z,10510.09883,7530.88883,452.05883,58.04,20.92117,1,2979.21
2024-03-16T23:38:00.000000000Z,10510.94883,7530.88883,452.05883,58.89,20.92117,1,2980.06
2024-03-16T23:39:00.000000000Z,10511.80883,7530.88883,452.05883,59.75,20.92117,1,2980.92
2024-03-16T23:40:00.000000000Z,10512.66883,7530.88883,452.05883,60.61,20.92117,1,2981.78
2024-03-16T23:41:00.000000000Z,10513.52883,7530.88883,452.05883,61.47,20.92117,1,2982.64
2024-03-16T23:42:00.000000000Z,10514.38883,7530.88883,452.05883,62.33,20.92117,1,2983.5
2024-03-16T23:43:00.000000000Z,10515.24883,7530.88883,452.05883,63.19,20.92117,1,2984.36
2024-03-16T23:44:00.000000000Z,10516.10883,7530.88883,452.05883,64.05,20.92117,1,2985.22
2024-03-16T23:45:00.000000000Z,10516.96883,7530.88883,452.05883,64.91,20.92117,1,2986.08
2024-03-16T23:46:00.000000000Z,10517.83883,7530.88883,452.05883,65.78,20.92117,1,2986.95
2024-03-16T23:47:00.000000000Z,10518.69883,7530.88883,452.05883,66.64,20.92117,1,2987.81
2024-03-16T23:48:00.000000000Z,10519.56883,7530.88883,452.05883,67.51,20.92117,1,2988.68
2024-03-16T23:49:00.000000000Z,10520.43883,7530.88883,452.05883,68.38,20.92117,1,2989.55
2024-03-16T23:50:00.000000000Z,10521.30883,7530.88883,452.05883,69.25,20.92117,1,2990.42
2024-03-16T23:51:00.000000000Z,10522.16883,7530.88883,452.05883,70.11,20.92117,1,2991.28
2024-03-16T23:52:00.000000000Z,10523.03883,7530.88883,452.05883,70.98,20.92117,1,2992.15
2024-03-16T23:53:00.000000000Z,10523.90883,7530.88883,452.05883,71.85,20.92117,1,2993.02
2024-03-16T23:54:00.000000000Z,10524.78883,7530.88883,452.05883,72.73,20.92117,1,2993.9
2024-03-16T23:55:00.000000000Z,10525.65883,7530.88883,452.05883,73.6,20.92117,1,2994.77
2024-03-16T23:56:00.000000000Z,10526.52883,7530.88883,452.05883,74.47,20.92117,1,2995.64
2024-03-16T23:57:00.000000000Z,10527.39883,7530.88883,452.05883,75.34,20.92117,1,2996.51
2024-03-16T23:58:00.000000000Z,10528.26883,7530.88883,452.05883,76.21,20.92117,1,2997.38
2024-03-16T23:59:00.000000000Z,10529.13883,7530.88883,452.05883,77.08,20.92117,1,2998.25
2024-03-16T23:59:01.010000000Z,10530.01883,7530.88883,452.05883,77.96,20.92117,1,2999.13
