time,equity,cash,realized_pnl_net,unrealized_pnl,fees,position,mark
2024-03-15T00:00:00.000000000Z,10000,10000,0,0,0,0,0
2024-03-15T00:01:00.000000000Z,10000,10000,0,0,0,0,3000
2024-03-15T00:02:00.000000000Z,10000,10000,0,0,0,0,3000.87
2024-03-15T00:03:00.000000000Z,10000,10000,0,0,0,0,3001.75
2024-03-15T00:04:00.000000000Z,10000,10000,0,0,0,0,3002.62
2024-03-15T00:05:00.000000000Z,10000,10000,0,0,0,0,3003.49
2024-03-15T00:06:00.000000000Z,10000,10000,0,0,0,0,3004.36
2024-03-15T00:07:00.000000000Z,10000,10000,0,0,0,0,3005.23
2024-03-15T00:08:00.000000000Z,10000,10000,0,0,0,0,3006.1
2024-03-15T00:09:00.000000000Z,10000,10000,0,0,0,0,3006.98
2024-03-15T00:10:00.000000000Z,10000,10000,0,0,0,0,3007.85
2024-03-15T00:11:00.000000000Z,10000,10000,0,0,0,0,3008.72
2024-03-15T00:12:00.000000000Z,10000,10000,0,0,0,0,3009.58
2024-03-15T00:13:00.000000000Z,10000,10000,0,0,0,0,3010.45
2024-03-15T00:14:00.000000000Z,10000,10000,0,0,0,0,3011.32
2024-03-15T00:15:00.000000000Z,10000,10000,0,0,0,0,3012.19
2024-03-15T00:16:00.000000000Z,9996.47644,6983.42644,-3.01356,-0.51,3.01356,1,3013.05
2024-03-15T00:17:00.000000000Z,9997.34644,6983.42644,-3.01356,0.36,3.01356,1,3013.92
2024-03-15T00:18:00.000000000Z,9998.20644,6983.42644,-3.01356,1.22,3.01356,1,3014.78
2024-03-15T00:19:00.000000000Z,9999.06644,6983.42644,-3.01356,2.08,3.01356,1,3015.64
2024-03-15T00:20:00.000000000Z,9999.92644,6983.42644,-3.01356,2.94,3.01356,1,3016.5
2024-03-15T00:21:00.000000000Z,10000.78644,6983.42644,-3.01356,3.8,3.01356,1,3017.36
2024-03-15T00:22:00.000000000Z,10001.64644,6983.42644,-3.01356,4.66,3.01356,1,3018.22
2024-03-15T00:23:00.000000000Z,10002.50644,6983.42644,-3.01356,5.52,3.01356,1,3019.08
2024-03-15T00:24:00.000000000Z,10003.36644,6983.42644,-3.01356,6.38,3.01356,1,3019.94
2024-03-15T00:25:00.000000000Z,10004.21644,6983.42644,-3.01356,7.23,3.01356,1,3020.79
2024-03-15T00:26:00.000000000Z,10005.06644,6983.42644,-3.01356,8.08,3.01356,1,3021.64
2024-03-15T00:27:00.000000000Z,10005.92644,6983.42644,-3.01356,8.94,3.01356,1,3022.5
2024-03-15T00:28:00.000000000Z,10006.76644,6983.42644,-3.01356,9.78,3.01356,1,3023.34
2024-03-15T00:29:00.000000000Z,10007.61644,6983.42644,-3.01356,10.63,3.01356,1,3024.19
2024-03-15T00:30:00.000000000Z,10008.46644,6983.42644,-3.01356,11.48,3.01356,1,3025.04
2024-03-15T00:31:00.000000000Z,10009.30644,6983.42644,-3.01356,12.32,3.01356,1,3025.88
2024-03-15T00:32:00.000000000Z,10010.14644,6983.42644,-3.01356,13.16,3.01356,1,3026.72
2024-03-15T00:33:00.000000000Z,10010.98644,6983.42644,-3.01356,14,3.01356,1,3027.56
2024-03-15T00:34:00.000000000Z,10011.82644,6983.42644,-3.01356,14.84,3.01356,1,3028.4
2024-03-15T00:35:00.000000000Z,10012.66644,6983.42644,-3.01356,15.68,3.01356,1,3029.24
2024-03-15T00:36:00.000000000Z,10013.49644,6983.42644,-3.01356,16.51,3.01356,1,3030.07
2024-03-15T00:37:00.000000000Z,10014.32644,6983.42644,-3.01356,17.34,3.01356,1,3030.9
2024-03-15T00:38:00.000000000Z,10015.15644,6983.42644,-3.01356,18.17,3.01356,1,3031.73
2024-03-15T00:39:00.000000000Z,10015.98644,6983.42644,-3.01356,19,3.01356,1,3032.56
2024-03-15T00:40:00.000000000Z,10016.80644,6983.42644,-3.01356,19.82,3.01356,1,3033.38
2024-03-15T00:41:00.000000000Z,10017.62644,6983.42644,-3.01356,20.64,3.01356,1,3034.2
2024-03-15T00:42:00.000000000Z,10018.44644,6983.42644,-3.01356,21.46,3.01356,1,3035.02
2024-03-15T00:43:00.000000000Z,10019.26644,6983.42644,-3.01356,22.28,3.01356,1,3035.84
2024-03-15T00:44:00.000000000Z,10020.07644,6983.42644,-3.01356,23.09,3.01356,1,3036.65
2024-03-15T00:45:00.000000000Z,10020.88644,6983.42644,-3.01356,23.9,3.01356,1,3037.46
2024-03-15T00:46:00.000000000Z,10021.69644,6983.42644,-3.01356,24.71,3.01356,1,3038.27
2024-03-15T00:47:00.000000000Z,10022.49644,6983.42644,-3.01356,25.51,3.01356,1,3039.07
2024-03-15T00:48:00.000000000Z,10023.29644,6983.42644,-3.01356,26.31,3.01356,1,3039.87
2024-03-15T00:49:00.000000000Z,10024.09644,6983.42644,-3.01356,27.11,3.01356,1,3040.67
2024-03-15T00:50:00.000000000Z,10024.89644,6983.42644,-3.01356,27.91,3.01356,1,3041.47
2024-03-15T00:51:00.000000000Z,10025.68644,6983.42644,-3.01356,28.7,3.01356,1,3042.26
2024-03-15T00:52:00.000000000Z,10026.47644,6983.42644,-3.01356,29.49,3.01356,1,3043.05
2024-03-15T00:53:00.000000000Z,10027.26644,6983.42644,-3.01356,30.28,3.01356,1,3043.84
2024-03-15T00:54:00.000000000Z,10028.04644,6983.42644,-3.01356,31.06,3.01356,1,3044.62
2024-03-15T00:55:00.000000000Z,10028.82644,6983.42644,-3.01356,31.84,3.01356,1,3045.4
2024-03-15T00:56:00.000000000Z,10029.59644,6983.42644,-3.01356,32.61,3.01356,1,3046.17
2024-03-15T00:57:00.000000000Z,10030.37644,6983.42644,-3.01356,33.39,3.01356,1,3046.95
2024-03-15T00:58:00.000000000Z,10031.14644,6983.42644,-3.01356,34.16,3.01356,1,3047.72
2024-03-15T00:59:00.000000000Z,10031.90644,6983.42644,-3.01356,34.92,3.01356,1,3048.48
2024-03-15T01:00:00.000000000Z,10032.66644,6983.42644,-3.01356,35.68,3.01356,1,3049.24
2024-03-15T01:01:00.000000000Z,10033.42644,6983.42644,-3.01356,36.44,3.01356,1,3050
2024-03-15T01:02:00.000000000Z,10034.17644,6983.42644,-3.01356,37.19,3.01356,1,3050.75
2024-03-15T01:03:00.000000000Z,10034.92644,6983.42644,-3.01356,37.94,3.01356,1,3051.5
2024-03-15T01:04:00.000000000Z,10035.67644,6983.42644,-3.01356,38.69,3.01356,1,3052.25
2024-03-15T01:05:00.000000000Z,10036.41644,6983.42644,-3.01356,39.43,3.01356,1,3052.99
2024-03-15T01:06:00.000000000Z,10037.15644,6983.42644,-3.01356,40.17,3.01356,1,3053.73
2024-03-15T01:07:00.000000000Z,10037.88644,6983.42644,-3.01356,40.9,3.01356,1,3054.46
2024-03-15T01:08:00.000000000Z,10038.61644,6983.42644,-3.01356,41.63,3.01356,1,3055.19
2024-03-15T01:09:00.000000000Z,10039.34644,6983.42644,-3.01356,42.36,3.01356,1,3055.92
2024-03-15T01:10:00.000000000Z,10040.06644,6983.42644,-3.01356,43.08,3.01356,1,3056.64
2024-03-15T01:11:00.000000000Z,10040.78644,6983.42644,-3.01356,43.8,3.01356,1,3057.36
2024-03-15T01:12:00.000000000Z,10041.49644,6983.42644,-3.01356,44.51,3.01356,1,3058.07
2024-03-15T01:13:00.000000000Z,10042.20644,6983.42644,-3.01356,45.22,3.01356,1,3058.78
2024-03-15T01:14:00.000000000Z,10042.90644,6983.42644,-3.01356,45.92,3.01356,1,3059.48
2024-03-15T01:15:00.000000000Z,10043.60644,6983.42644,-3.01356,46.62,3.01356,1,3060.18
2024-03-15T01:16:00.000000000Z,10044.30644,6983.42644,-3.01356,47.32,3.01356,1,3060.88
2024-03-15T01:17:00.000000000Z,10044.99644,6983.42644,-3.01356,48.01,3.01356,1,3061.57
2024-03-15T01:18:00.000000000Z,10045.67644,6983.42644,-3.01356,48.69,3.01356,1,3062.25
2024-03-15T01:19:00.000000000Z,10046.35644,6983.42644,-3.01356,49.37,3.01356,1,3062.93
2024-03-15T01:20:00.000000000Z,10047.03644,6983.42644,-3.01356,50.05,3.01356,1,3063.61
2024-03-15T01:21:00.000000000Z,10047.70644,6983.42644,-3.01356,50.72,3.01356,1,3064.28
2024-03-15T01:22:00.000000000Z,10048.36644,6983.42644,-3.01356,51.38,3.01356,1,3064.94
2024-03-15T01:23:00.000000000Z,10049.03644,6983.42644,-3.01356,52.05,3.01356,1,3065.61
2024-03-15T01:24:00.000000000Z,10049.68644,6983.42644,-3.01356,52.7,3.01356,1,3066.26
2024-03-15T01:25:00.000000000Z,10050.33644,6983.42644,-3.01356,53.35,3.01356,1,3066.91
2024-03-15T01:26:00.000000000Z,10050.98644,6983.42644,-3.01356,54,3.01356,1,3067.56
2024-03-15T01:27:00.000000000Z,10051.62644,6983.42644,-3.01356,54.64,3.01356,1,3068.2
2024-03-15T01:28:00.000000000Z,10052.26644,6983.42644,-3.01356,55.28,3.01356,1,3068.84
2024-03-15T01:29:00.000000000Z,10052.89644,6983.42644,-3.01356,55.91,3.01356,1,3069.47
2024-03-15T01:30:00.000000000Z,10053.51644,6983.42644,-3.01356,56.53,3.01356,1,3070.09
2024-03-15T01:31:00.000000000Z,10054.13644,6983.42644,-3.01356,57.15,3.01356,1,3070.71
2024-03-15T01:32:00.000000000Z,10054.75644,6983.42644,-3.01356,57.77,3.01356,1,3071.33
2024-03-15T01:33:00.000000000Z,10055.35644,6983.42644,-3.01356,58.37,3.01356,1,3071.93
2024-03-15T01:34:00.000000000Z,10055.96644,6983.42644,-3.01356,58.98,3.01356,1,3072.54
2024-03-15T01:35:00.000000000Z,10056.56644,6983.42644,-3.01356,59.58,3.01356,1,3073.14
2024-03-15T01:36:00.000000000Z,10057.15644,6983.42644,-3.01356,60.17,3.01356,1,3073.73
2024-03-15T01:37:00.000000000Z,10057.73644,6983.42644,-3.01356,60.75,3.01356,1,3074.31
2024-03-15T01:38:00.000000000Z,10058.32644,6983.42644,-3.01356,61.34,3.01356,1,3074.9
2024-03-15T01:39:00.000000000Z,10058.89644,6983.42644,-3.01356,61.91,3.01356,1,3075.47
2024-03-15T01:40:00.000000000Z,10059.46644,6983.42644,-3.01356,62.48,3.01356,1,3076.04
2024-03-15T01:41:00.000000000Z,10060.02644,6983.42644,-3.01356,63.04,3.01356,1,3076.6
2024-03-15T01:42:00.000000000Z,10060.58644,6983.42644,-3.01356,63.6,3.01356,1,3077.16
2024-03-15T01:43:00.000000000Z,10061.13644,6983.42644,-3.01356,64.15,3.01356,1,3077.71
2024-03-15T01:44:00.000000000Z,10061.68644,6983.42644,-3.01356,64.7,3.01356,1,3078.26
2024-03-15T01:45:00.000000000Z,10062.22644,6983.42644,-3.01356,65.24,3.01356,1,3078.8
2024-03-15T01:46:00.000000000Z,10062.76644,6983.42644,-3.01356,65.78,3.01356,1,3079.34
2024-03-15T01:47:00.000000000Z,10063.28644,6983.42644,-3.01356,66.3,3.01356,1,3079.86
2024-03-15T01:48:00.000000000Z,10063.81644,6983.42644,-3.01356,66.83,3.01356,1,3080.39
2024-03-15T01:49:00.000000000Z,10064.32644,6983.42644,-3.01356,67.34,3.01356,1,3080.9
2024-03-15T01:50:00.000000000Z,10064.83644,6983.42644,-3.01356,67.85,3.01356,1,3081.41
2024-03-15T01:51:00.000000000Z,10065.34644,6983.42644,-3.01356,68.36,3.01356,1,3081.92
2024-03-15T01:52:00.000000000Z,10065.83644,6983.42644,-3.01356,68.85,3.01356,1,3082.41
2024-03-15T01:53:00.000000000Z,10066.32644,6983.42644,-3.01356,69.34,3.01356,1,3082.9
2024-03-15T01:54:00.000000000Z,10066.81644,6983.42644,-3.01356,69.83,3.01356,1,3083.39
2024-03-15T01:55:00.000000000Z,10067.29644,6983.42644,-3.01356,70.31,3.01356,1,3083.87
2024-03-15T01:56:00.000000000Z,10067.76644,6983.42644,-3.01356,70.78,3.01356,1,3084.34
2024-03-15T01:57:00.000000000Z,10068.22644,6983.42644,-3.01356,71.24,3.01356,1,3084.8
2024-03-15T01:58:00.000000000Z,10068.68644,6983.42644,-3.01356,71.7,3.01356,1,3085.26
2024-03-15T01:59:00.000000000Z,10069.14644,6983.42644,-3.01356,72.16,3.01356,1,3085.72
2024-03-15T02:00:00.000000000Z,10069.58644,6983.42644,-3.01356,72.6,3.01356,1,3086.16
2024-03-15T02:01:00.000000000Z,10070.02644,6983.42644,-3.01356,73.04,3.01356,1,3086.6
2024-03-15T02:02:00.000000000Z,10070.46644,6983.42644,-3.01356,73.48,3.01356,1,3087.04
2024-03-15T02:03:00.000000000Z,10070.88644,6983.42644,-3.01356,73.9,3.01356,1,3087.46
2024-03-15T02:04:00.000000000Z,10071.30644,6983.42644,-3.01356,74.32,3.01356,1,3087.88
2024-03-15T02:05:00.000000000Z,10071.71644,6983.42644,-3.01356,74.73,3.01356,1,3088.29
2024-03-15T02:06:00.000000000Z,10072.12644,6983.42644,-3.01356,75.14,3.01356,1,3088.7
2024-03-15T02:07:00.000000000Z,10072.52644,6983.42644,-3.01356,75.54,3.01356,1,3089.1
2024-03-15T02:08:00.000000000Z,10072.91644,6983.42644,-3.01356,75.93,3.01356,1,3089.49
2024-03-15T02:09:00.000000000Z,10073.30644,6983.42644,-3.01356,76.32,3.01356,1,3089.88
2024-03-15T02:10:00.000000000Z,10073.68644,6983.42644,-3.01356,76.7,3.01356,1,3090.26
2024-03-15T02:11:00.000000000Z,10074.05644,6983.42644,-3.01356,77.07,3.01356,1,3090.63
2024-03-15T02:12:00.000000000Z,10074.42644,6983.42644,-3.01356,77.44,3.01356,1,3091
2024-03-15T02:13:00.000000000Z,10074.77644,6983.42644,-3.01356,77.79,3.01356,1,3091.35
2024-03-15T02:14:00.000000000Z,10075.13644,6983.42644,-3.01356,78.15,3.01356,1,3091.71
2024-03-15T02:15:00.000000000Z,10075.47644,6983.42644,-3.01356,78.49,3.01356,1,3092.05
2024-03-15T02:16:00.000000000Z,10075.81644,6983.42644,-3.01356,78.83,3.01356,1,3092.39
2024-03-15T02:17:00.000000000Z,10076.14644,6983.42644,-3.01356,79.16,3.01356,1,3092.72
2024-03-15T02:18:00.000000000Z,10076.46644,6983.42644,-3.01356,79.48,3.01356,1,3093.04
2024-03-15T02:19:00.000000000Z,10076.78644,6983.42644,-3.01356,79.8,3.01356,1,3093.36
2024-03-15T02:20:00.000000000Z,10077.09644,6983.42644,-3.01356,80.11,3.01356,1,3093.67
2024-03-15T02:21:00.000000000Z,10077.39644,6983.42644,-3.01356,80.41,3.01356,1,3093.97
2024-03-15T02:22:00.000000000Z,10077.68644,6983.42644,-3.01356,80.7,3.01356,1,3094.26
2024-03-15T02:23:00.000000000Z,10077.97644,6983.42644,-3.01356,80.99,3.01356,1,3094.55
2024-03-15T02:24:00.000000000Z,10078.25644,6983.42644,-3.01356,81.27,3.01356,1,3094.83
2024-03-15T02:25:00.000000000Z,10078.53644,6983.42644,-3.01356,81.55,3.01356,1,3095.11
2024-03-15T02:26:00.000000000Z,10078.79644,6983.42644,-3.01356,81.81,3.01356,1,3095.37
2024-03-15T02:27:00.000000000Z,10079.05644,6983.42644,-3.01356,82.07,3.01356,1,3095.63
2024-03-15T02:28:00.000000000Z,10079.30644,6983.42644,-3.01356,82.32,3.01356,1,3095.88
2024-03-15T02:29:00.000000000Z,10079.55644,6983.42644,-3.01356,82.57,3.01356,1,3096.13
2024-03-15T02:30:00.000000000Z,10079.78644,6983.42644,-3.01356,82.8,3.01356,1,3096.36
2024-03-15T02:31:00.000000000Z,10080.01644,6983.42644,-3.01356,83.03,3.01356,1,3096.59
2024-03-15T02:32:00.000000000Z,10080.23644,6983.42644,-3.01356,83.25,3.01356,1,3096.81
2024-03-15T02:33:00.000000000Z,10080.45644,6983.42644,-3.01356,83.47,3.01356,1,3097.03
2024-03-15T02:34:00.000000000Z,10080.66644,6983.42644,-3.01356,83.68,3.01356,1,3097.24
2024-03-15T02:35:00.000000000Z,10080.86644,6983.42644,-3.01356,83.88,3.01356,1,3097.44
2024-03-15T02:36:00.000000000Z,10081.05644,6983.42644,-3.01356,84.07,3.01356,1,3097.63
2024-03-15T02:37:00.000000000Z,10081.23644,6983.42644,-3.01356,84.25,3.01356,1,3097.81
2024-03-15T02:38:00.000000000Z,10081.41644,6983.42644,-3.01356,84.43,3.01356,1,3097.99
2024-03-15T02:39:00.000000000Z,10081.58644,6983.42644,-3.01356,84.6,3.01356,1,3098.16
2024-03-15T02:40:00.000000000Z,10081.75644,6983.42644,-3.01356,84.77,3.01356,1,3098.33
2024-03-15T02:41:00.000000000Z,10081.90644,6983.42644,-3.01356,84.92,3.01356,1,3098.48
2024-03-15T02:42:00.000000000Z,10082.05644,6983.42644,-3.01356,85.07,3.01356,1,3098.63
2024-03-15T02:43:00.000000000Z,10082.19644,6983.42644,-3.01356,85.21,3.01356,1,3098.77
2024-03-15T02:44:00.000000000Z,10082.32644,6983.42644,-3.01356,85.34,3.01356,1,3098.9
2024-03-15T02:45:00.000000000Z,10082.45644,6983.42644,-3.01356,85.47,3.01356,1,3099.03
2024-03-15T02:46:00.000000000Z,10082.56644,6983.42644,-3.01356,85.58,3.01356,1,3099.14
2024-03-15T02:47:00.000000000Z,10082.67644,6983.42644,-3.01356,85.69,3.01356,1,3099.25
2024-03-15T02:48:00.000000000Z,10082.78644,6983.42644,-3.01356,85.8,3.01356,1,3099.36
2024-03-15T02:49:00.000000000Z,10082.87644,6983.42644,-3.01356,85.89,3.01356,1,3099.45
2024-03-15T02:50:00.000000000Z,10082.96644,6983.42644,-3.01356,85.98,3.01356,1,3099.54
2024-03-15T02:51:00.000000000Z,10083.04644,6983.42644,-3.01356,86.06,3.01356,1,3099.62
2024-03-15T02:52:00.000000000Z,10083.11644,6983.42644,-3.01356,86.13,3.01356,1,3099.69
2024-03-15T02:53:00.000000000Z,10083.18644,6983.42644,-3.01356,86.2,3.01356,1,3099.76
2024-03-15T02:54:00.000000000Z,10083.23644,6983.42644,-3.01356,86.25,3.01356,1,3099.81
2024-03-15T02:55:00.000000000Z,10083.28644,6983.42644,-3.01356,86.3,3.01356,1,3099.86
2024-03-15T02:56:00.000000000Z,10083.32644,6983.42644,-3.01356,86.34,3.01356,1,3099.9
2024-03-15T02:57:00.000000000Z,10083.36644,6983.42644,-3.01356,86.38,3.01356,1,3099.94
2024-03-15T02:58:00.000000000Z,10083.39644,6983.42644,-3.01356,86.41,3.01356,1,3099.97
2024-03-15T02:59:00.000000000Z,10083.40644,6983.42644,-3.01356,86.42,3.01356,1,3099.98
2024-03-15T03:00:00.000000000Z,10083.42644,6983.42644,-3.01356,86.44,3.01356,1,3100
2024-03-15T03:01:00.000000000Z,10083.42644,6983.42644,-3.01356,86.44,3.01356,1,3100
2024-03-15T03:02:00.000000000Z,10083.42644,6983.42644,-3.01356,86.44,3.01356,1,3100
2024-03-15T03:03:00.000000000Z,10083.40644,6983.42644,-3.01356,86.42,3.01356,1,3099.98
2024-03-15T03:04:00.000000000Z,10083.39644,6983.42644,-3.01356,86.41,3.01356,1,3099.97
2024-03-15T03:05:00.000000000Z,10083.36644,6983.42644,-3.01356,86.38,3.01356,1,3099.94
2024-03-15T03:06:00.000000000Z,10083.32644,6983.42644,-3.01356,86.34,3.01356,1,3099.9
2024-03-15T03:07:00.000000000Z,10083.28644,6983.42644,-3.01356,86.3,3.01356,1,3099.86
2024-03-15T03:08:00.000000000Z,10083.23644,6983.42644,-3.01356,86.25,3.01356,1,3099.81
2024-03-15T03:09:00.000000000Z,10083.18644,6983.42644,-3.01356,86.2,3.01356,1,3099.76
2024-03-15T03:10:00.000000000Z,10083.11644,6983.42644,-3.01356,86.13,3.01356,1,3099.69
2024-03-15T03:11:00.000000000Z,10083.04644,6983.42644,-3.01356,86.06,3.01356,1,3099.62
2024-03-15T03:12:00.000000000Z,10082.96644,6983.42644,-3.01356,85.98,3.01356,1,3099.54
2024-03-15T03:13:00.000000000Z,10082.87644,6983.42644,-3.01356,85.89,3.01356,1,3099.45
2024-03-15T03:14:00.000000000Z,10082.78644,6983.42644,-3.01356,85.8,3.01356,1,3099.36
2024-03-15T03:15:00.000000000Z,10082.67644,6983.42644,-3.01356,85.69,3.01356,1,3099.25
2024-03-15T03:16:00.000000000Z,10082.56644,6983.42644,-3.01356,85.58,3.01356,1,3099.14
2024-03-15T03:17:00.000000000Z,10082.45644,6983.42644,-3.01356,85.47,3.01356,1,3099.03
2024-03-15T03:18:00.000000000Z,10082.32644,6983.42644,-3.01356,85.34,3.01356,1,3098.9
2024-03-15T03:19:00.000000000Z,10082.19644,6983.42644,-3.01356,85.21,3.01356,1,3098.77
2024-03-15T03:20:00.000000000Z,10082.05644,6983.42644,-3.01356,85.07,3.01356,1,3098.63
2024-03-15T03:21:00.000000000Z,10081.90644,6983.42644,-3.01356,84.92,3.01356,1,3098.48
2024-03-15T03:22:00.000000000Z,10081.75644,6983.42644,-3.01356,84.77,3.01356,1,3098.33
2024-03-15T03:23:00.000000000Z,10081.58644,6983.42644,-3.01356,84.6,3.01356,1,3098.16
2024-03-15T03:24:00.000000000Z,10081.41644,6983.42644,-3.01356,84.43,3.01356,1,3097.99
2024-03-15T03:25:00.000000000Z,10081.23644,6983.42644,-3.01356,84.25,3.01356,1,3097.81
2024-03-15T03:26:00.000000000Z,10081.05644,6983.42644,-3.01356,84.07,3.01356,1,3097.63
2024-03-15T03:27:00.000000000Z,10080.86644,6983.42644,-3.01356,83.88,3.01356,1,3097.44
2024-03-15T03:28:00.000000000Z,10080.66644,6983.42644,-3.01356,83.68,3.01356,1,3097.24
2024-03-15T03:29:00.000000000Z,10080.45644,6983.42644,-3.01356,83.47,3.01356,1,3097.03
2024-03-15T03:30:00.000000000Z,10080.23644,6983.42644,-3.01356,83.25,3.01356,1,3096.81
2024-03-15T03:31:00.000000000Z,10080.01644,6983.42644,-3.01356,83.03,3.01356,1,3096.59
2024-03-15T03:32:00.000000000Z,10079.78644,6983.42644,-3.01356,82.8,3.01356,1,3096.36
2024-03-15T03:33:00.000000000Z,10079.55644,6983.42644,-3.01356,82.57,3.01356,1,3096.13
2024-03-15T03:34:00.000000000Z,10079.30644,6983.42644,-3.01356,82.32,3.01356,1,3095.88
2024-03-15T03:35:00.000000000Z,10079.05644,6983.42644,-3.01356,82.07,3.01356,1,3095.63
2024-03-15T03:36:00.000000000Z,10078.79644,6983.42644,-3.01356,81.81,3.01356,1,3095.37
2024-03-15T03:37:00.000000000Z,10078.53644,6983.42644,-3.01356,81.55,3.01356,1,3095.11
2024-03-15T03:38:00.000000000Z,10078.25644,6983.42644,-3.01356,81.27,3.01356,1,3094.83
2024-03-15T03:39:00.000000000Z,10077.97644,6983.42644,-3.01356,80.99,3.01356,1,3094.55
2024-03-15T03:40:00.000000000Z,10077.68644,6983.42644,-3.01356,80.7,3.01356,1,3094.26
2024-03-15T03:41:00.000000000Z,10077.39644,6983.42644,-3.01356,80.41,3.01356,1,3093.97
2024-03-15T03:42:00.000000000Z,10077.09644,6983.42644,-3.01356,80.11,3.01356,1,3093.67
2024-03-15T03:43:00.000000000Z,10076.78644,6983.42644,-3.01356,79.8,3.01356,1,3093.36
2024-03-15T03:44:00.000000000Z,10076.46644,6983.42644,-3.01356,79.48,3.01356,1,3093.04
2024-03-15T03:45:00.000000000Z,10076.14644,6983.42644,-3.01356,79.16,3.01356,1,3092.72
2024-03-15T03:46:00.000000000Z,10075.81644,6983.42644,-3.01356,78.83,3.01356,1,3092.39
2024-03-15T03:47:00.000000000Z,10075.47644,6983.42644,-3.01356,78.49,3.01356,1,3092.05
2024-03-15T03:48:00.000000000Z,10075.13644,6983.42644,-3.01356,78.15,3.01356,1,3091.71
2024-03-15T03:49:00.000000000Z,10074.77644,6983.42644,-3.01356,77.79,3.01356,1,3091.35
2024-03-15T03:50:00.000000000Z,10074.42644,6983.42644,-3.01356,77.44,3.01356,1,3091
2024-03-15T03:51:00.000000000Z,10074.05644,6983.42644,-3.01356,77.07,3.01356,1,3090.63
2024-03-15T03:52:00.000000000Z,10073.68644,6983.42644,-3.01356,76.7,3.01356,1,3090.26
2024-03-15T03:53:00.000000000Z,10073.30644,6983.42644,-3.01356,76.32,3.01356,1,3089.88
2024-03-15T03:54:00.000000000Z,10072.91644,6983.42644,-3.01356,75.93,3.01356,1,3089.49
2024-03-15T03:55:00.000000000Z,10072.52644,6983.42644,-3.01356,75.54,3.01356,1,3089.1
2024-03-15T03:56:00.000000000Z,10072.12644,6983.42644,-3.01356,75.14,3.01356,1,3088.7
2024-03-15T03:57:00.000000000Z,10071.71644,6983.42644,-3.01356,74.73,3.01356,1,3088.29
2024-03-15T03:58:00.000000000Z,10071.30644,6983.42644,-3.01356,74.32,3.01356,1,3087.88
2024-03-15T03:59:00.000000000Z,10070.88644,6983.42644,-3.01356,73.9,3.01356,1,3087.46
2024-03-15T04:00:00.000000000Z,10070.46644,6983.42644,-3.01356,73.48,3.01356,1,3087.04
2024-03-15T04:01:00.000000000Z,10070.02644,6983.42644,-3.01356,73.04,3.01356,1,3086.6
2024-03-15T04:02:00.000000000Z,10069.58644,6983.42644,-3.01356,72.6,3.01356,1,3086.16
2024-03-15T04:03:00.000000000Z,10069.14644,6983.42644,-3.01356,72.16,3.01356,1,3085.72
2024-03-15T04:04:00.000000000Z,10068.68644,6983.42644,-3.01356,71.7,3.01356,1,3085.26
2024-03-15T04:05:00.000000000Z,10068.22644,6983.42644,-3.01356,71.24,3.01356,1,3084.8
2024-03-15T04:06:00.000000000Z,10067.76644,6983.42644,-3.01356,70.78,3.01356,1,3084.34
2024-03-15T04:07:00.000000000Z,10067.29644,6983.42644,-3.01356,70.31,3.01356,1,3083.87
2024-03-15T04:08:00.000000000Z,10066.81644,6983.42644,-3.01356,69.83,3.01356,1,3083.39
2024-03-15T04:09:00.000000000Z,10066.32644,6983.42644,-3.01356,69.34,3.01356,1,3082.9
2024-03-15T04:10:00.000000000Z,10065.83644,6983.42644,-3.01356,68.85,3.01356,1,3082.41
2024-03-15T04:11:00.000000000Z,10065.34644,6983.42644,-3.01356,68.36,3.01356,1,3081.92
2024-03-15T04:12:00.000000000Z,10064.83644,6983.42644,-3.01356,67.85,3.01356,1,3081.41
2024-03-15T04:13:00.000000000Z,10064.32644,6983.42644,-3.01356,67.34,3.01356,1,3080.9
2024-03-15T04:14:00.000000000Z,10063.81644,6983.42644,-3.01356,66.83,3.01356,1,3080.39
2024-03-15T04:15:00.000000000Z,10063.28644,6983.42644,-3.01356,66.3,3.01356,1,3079.86
2024-03-15T04:16:00.000000000Z,10062.76644,6983.42644,-3.01356,65.78,3.01356,1,3079.34
2024-03-15T04:17:00.000000000Z,10062.22644,6983.42644,-3.01356,65.24,3.01356,1,3078.8
2024-03-15T04:18:00.000000000Z,10061.68644,6983.42644,-3.01356,64.7,3.01356,1,3078.26
2024-03-15T04:19:00.000000000Z,10061.13644,6983.42644,-3.01356,64.15,3.01356,1,3077.71
2024-03-15T04:20:00.000000000Z,10060.58644,6983.42644,-3.01356,63.6,3.01356,1,3077.16
2024-03-15T04:21:00.000000000Z,10060.02644,6983.42644,-3.01356,63.04,3.01356,1,3076.6
2024-03-15T04:22:00.000000000Z,10059.46644,6983.42644,-3.01356,62.48,3.01356,1,3076.04
2024-03-15T04:23:00.000000000Z,10058.89644,6983.42644,-3.01356,61.91,3.01356,1,3075.47
2024-03-15T04:24:00.000000000Z,10058.32644,6983.42644,-3.01356,61.34,3.01356,1,3074.9
2024-03-15T04:25:00.000000000Z,10057.73644,6983.42644,-3.01356,60.75,3.01356,1,3074.31
2024-03-15T04:26:00.000000000Z,10057.15644,6983.42644,-3.01356,60.17,3.01356,1,3073.73
2024-03-15T04:27:00.000000000Z,10056.56644,6983.42644,-3.01356,59.58,3.01356,1,3073.14
2024-03-15T04:28:00.000000000Z,10055.96644,6983.42644,-3.01356,58.98,3.01356,1,3072.54
2024-03-15T04:29:00.000000000Z,10055.35644,6983.42644,-3.01356,58.37,3.01356,1,3071.93
2024-03-15T04:30:00.000000000Z,10054.75644,6983.42644,-3.01356,57.77,3.01356,1,3071.33
2024-03-15T04:31:00.000000000Z,10054.13644,6983.42644,-3.01356,57.15,3.01356,1,3070.71
2024-03-15T04:32:00.000000000Z,10053.51644,6983.42644,-3.01356,56.53,3.01356,1,3070.09
2024-03-15T04:33:00.000000000Z,10052.89644,6983.42644,-3.01356,55.91,3.01356,1,3069.47
2024-03-15T04:34:00.000000000Z,10052.26644,6983.42644,-3.01356,55.28,3.01356,1,3068.84
2024-03-15T04:35:00.000000000Z,10051.62644,6983.42644,-3.01356,54.64,3.01356,1,3068.2
2024-03-15T04:36:00.000000000Z,10050.98644,6983.42644,-3.01356,54,3.01356,1,3067.56
2024-03-15T04:37:00.000000000Z,10050.33644,6983.42644,-3.01356,53.35,3.01356,1,3066.91
2024-03-15T04:38:00.000000000Z,10049.68644,6983.42644,-3.01356,52.7,3.01356,1,3066.26
2024-03-15T04:39:00.000000000Z,10049.03644,6983.42644,-3.01356,52.05,3.01356,1,3065.61
2024-03-15T04:40:00.000000000Z,10048.36644,6983.42644,-3.01356,51.38,3.01356,1,3064.94
2024-03-15T04:41:00.000000000Z,10047.70644,6983.42644,-3.01356,50.72,3.01356,1,3064.28
2024-03-15T04:42:00.000000000Z,10047.03644,6983.42644,-3.01356,50.05,3.01356,1,3063.61
2024-03-15T04:43:00.000000000Z,10046.35644,6983.42644,-3.01356,49.37,3.01356,1,3062.93
2024-03-15T04:44:00.000000000Z,10045.67644,6983.42644,-3.01356,48.69,3.01356,1,3062.25
2024-03-15T04:45:00.000000000Z,10044.99644,6983.42644,-3.01356,48.01,3.01356,1,3061.57
2024-03-15T04:46:00.000000000Z,10044.30644,6983.42644,-3.01356,47.32,3.01356,1,3060.88
2024-03-15T04:47:00.000000000Z,10043.60644,6983.42644,-3.01356,46.62,3.01356,1,3060.18
2024-03-15T04:48:00.000000000Z,10042.90644,6983.42644,-3.01356,45.92,3.01356,1,3059.48
2024-03-15T04:49:00.000000000Z,10042.20644,6983.42644,-3.01356,45.22,3.01356,1,3058.78
2024-03-15T04:50:00.000000000Z,10041.49644,6983.42644,-3.01356,44.51,3.01356,1,3058.07
2024-03-15T04:51:00.000000000Z,10040.78644,6983.42644,-3.01356,43.8,3.01356,1,3057.36
2024-03-15T04:52:00.000000000Z,10040.06644,6983.42644,-3.01356,43.08,3.01356,1,3056.64
2024-03-15T04:53:00.000000000Z,10039.34644,6983.42644,-3.01356,42.36,3.01356,1,3055.92
2024-03-15T04:54:00.000000000Z,10038.61644,6983.42644,-3.01356,41.63,3.01356,1,3055.19
2024-03-15T04:55:00.000000000Z,10037.88644,6983.42644,-3.01356,40.9,3.01356,1,3054.46
2024-03-15T04:56:00.000000000Z,10037.15644,6983.42644,-3.01356,40.17,3.01356,1,3053.73
2024-03-15T04:57:00.000000000Z,10036.41644,6983.42644,-3.01356,39.43,3.01356,1,3052.99
2024-03-15T04:58:00.000000000Z,10035.67644,6983.42644,-3.01356,38.69,3.01356,1,3052.25
2024-03-15T04:59:00.000000000Z,10034.92644,6983.42644,-3.01356,37.94,3.01356,1,3051.5
2024-03-15T05:00:00.000000000Z,10034.17644,6983.42644,-3.01356,37.19,3.01356,1,3050.75
2024-03-15T05:01:00.000000000Z,10033.42644,6983.42644,-3.01356,36.44,3.01356,1,3050
2024-03-15T05:02:00.000000000Z,10032.66644,6983.42644,-3.01356,35.68,3.01356,1,3049.24
2024-03-15T05:03:00.000000000Z,10031.90644,6983.42644,-3.01356,34.92,3.01356,1,3048.48
2024-03-15T05:04:00.000000000Z,10031.14644,6983.42644,-3.01356,34.16,3.01356,1,3047.72
2024-03-15T05:05:00.000000000Z,10030.37644,6983.42644,-3.01356,33.39,3.01356,1,3046.95
2024-03-15T05:06:00.000000000Z,10029.59644,6983.42644,-3.01356,32.61,3.01356,1,3046.17
2024-03-15T05:07:00.000000000Z,10028.82644,6983.42644,-3.01356,31.84,3.01356,1,3045.4
2024-03-15T05:08:00.000000000Z,10028.04644,6983.42644,-3.01356,31.06,3.01356,1,3044.62
2024-03-15T05:09:00.000000000Z,10027.26644,6983.42644,-3.01356,30.28,3.01356,1,3043.84
2024-03-15T05:10:00.000000000Z,10026.47644,6983.42644,-3.01356,29.49,3.01356,1,3043.05
2024-03-15T05:11:00.000000000Z,10025.68644,6983.42644,-3.01356,28.7,3.01356,1,3042.26
2024-03-15T05:12:00.000000000Z,10024.89644,6983.42644,-3.01356,27.91,3.01356,1,3041.47
2024-03-15T05:13:00.000000000Z,10024.09644,6983.42644,-3.01356,27.11,3.01356,1,3040.67
2024-03-15T05:14:00.000000000Z,10023.29644,6983.42644,-3.01356,26.31,3.01356,1,3039.87
2024-03-15T05:15:00.000000000Z,10022.49644,6983.42644,-3.01356,25.51,3.01356,1,3039.07
2024-03-15T05:16:00.000000000Z,10021.69644,6983.42644,-3.01356,24.71,3.01356,1,3038.27
2024-03-15T05:17:00.000000000Z,10020.88644,6983.42644,-3.01356,23.9,3.01356,1,3037.46
2024-03-15T05:18:00.000000000Z,10020.07644,6983.42644,-3.01356,23.09,3.01356,1,3036.65
2024-03-15T05:19:00.000000000Z,10019.26644,6983.42644,-3.01356,22.28,3.01356,1,3035.84
2024-03-15T05:20:00.000000000Z,10018.44644,6983.42644,-3.01356,21.46,3.01356,1,3035.02
2024-03-15T05:21:00.000000000Z,10017.62644,6983.42644,-3.01356,20.64,3.01356,1,3034.2
2024-03-15T05:22:00.000000000Z,10016.80644,6983.42644,-3.01356,19.82,3.01356,1,3033.38
2024-03-15T05:23:00.000000000Z,10015.98644,6983.42644,-3.01356,19,3.01356,1,3032.56
2024-03-15T05:24:00.000000000Z,10015.15644,6983.42644,-3.01356,18.17,3.01356,1,3031.73
2024-03-15T05:25:00.000000000Z,10014.32644,6983.42644,-3.01356,17.34,3.01356,1,3030.9
2024-03-15T05:26:00.000000000Z,10013.49644,6983.42644,-3.01356,16.51,3.01356,1,3030.07
2024-03-15T05:27:00.000000000Z,10012.66644,6983.42644,-3.01356,15.68,3.01356,1,3029.24
2024-03-15T05:28:00.000000000Z,10011.82644,6983.42644,-3.01356,14.84,3.01356,1,3028.4
2024-03-15T05:29:00.000000000Z,10010.98644,6983.42644,-3.01356,14,3.01356,1,3027.56
2024-03-15T05:30:00.000000000Z,10010.14644,6983.42644,-3.01356,13.16,3.01356,1,3026.72
2024-03-15T05:31:00.000000000Z,10009.30644,6983.42644,-3.01356,12.32,3.01356,1,3025.88
2024-03-15T05:32:00.000000000Z,10008.46644,6983.42644,-3.01356,11.48,3.01356,1,3025.04
2024-03-15T05:33:00.000000000Z,10007.61644,6983.42644,-3.01356,10.63,3.01356,1,3024.19
2024-03-15T05:34:00.000000000Z,10006.76644,6983.42644,-3.01356,9.78,3.01356,1,3023.34
2024-03-15T05:35:00.000000000Z,10005.92644,6983.42644,-3.01356,8.94,3.01356,1,3022.5
2024-03-15T05:36:00.000000000Z,10005.06644,6983.42644,-3.01356,8.08,3.01356,1,3021.64
2024-03-15T05:37:00.000000000Z,10004.21644,6983.42644,-3.01356,7.23,3.01356,1,3020.79
2024-03-15T05:38:00.000000000Z,10003.36644,6983.42644,-3.01356,6.38,3.01356,1,3019.94
2024-03-15T05:39:00.000000000Z,10002.50644,6983.42644,-3.01356,5.52,3.01356,1,3019.08
2024-03-15T05:40:00.000000000Z,10001.64644,6983.42644,-3.01356,4.66,3.01356,1,3018.22
2024-03-15T05:41:00.000000000Z,10000.78644,6983.42644,-3.01356,3.8,3.01356,1,3017.36
2024-03-15T05:42:00.000000000Z,9999.92644,6983.42644,-3.01356,2.94,3.01356,1,3016.5
2024-03-15T05:43:00.000000000Z,9999.06644,6983.42644,-3.01356,2.08,3.01356,1,3015.64
2024-03-15T05:44:00.000000000Z,9998.20644,6983.42644,-3.01356,1.22,3.01356,1,3014.78
2024-03-15T05:45:00.000000000Z,9997.34644,6983.42644,-3.01356,0.36,3.01356,1,3013.92
2024-03-15T05:46:00.000000000Z,9996.47644,6983.42644,-3.01356,-0.51,3.01356,1,3013.05
2024-03-15T05:47:00.000000000Z,9995.61644,6983.42644,-3.01356,-1.37,3.01356,1,3012.19
2024-03-15T05:48:00.000000000Z,9994.74644,6983.42644,-3.01356,-2.24,3.01356,1,3011.32
2024-03-15T05:49:00.000000000Z,9993.87644,6983.42644,-3.01356,-3.11,3.01356,1,3010.45
2024-03-15T05:50:00.000000000Z,9993.00644,6983.42644,-3.01356,-3.98,3.01356,1,3009.58
2024-03-15T05:51:00.000000000Z,9992.14644,6983.42644,-3.01356,-4.84,3.01356,1,3008.72
2024-03-15T05:52:00.000000000Z,9991.27644,6983.42644,-3.01356,-5.71,3.01356,1,3007.85
2024-03-15T05:53:00.000000000Z,9990.40644,6983.42644,-3.01356,-6.58,3.01356,1,3006.98
2024-03-15T05:54:00.000000000Z,9989.52644,6983.42644,-3.01356,-7.46,3.01356,1,3006.1
2024-03-15T05:55:00.000000000Z,9988.65644,6983.42644,-3.01356,-8.33,3.01356,1,3005.23
2024-03-15T05:56:00.000000000Z,9987.78644,6983.42644,-3.01356,-9.2,3.01356,1,3004.36
2024-03-15T05:57:00.000000000Z,9986.91644,6983.42644,-3.01356,-10.07,3.01356,1,3003.49
2024-03-15T05:58:00.000000000Z,9986.04644,6983.42644,-3.01356,-10.94,3.01356,1,3002.62
2024-03-15T05:59:00.000000000Z,9985.17644,6983.42644,-3.01356,-11.81,3.01356,1,3001.75
2024-03-15T06:00:00.000000000Z,9984.29644,6983.42644,-3.01356,-12.69,3.01356,1,3000.87
2024-03-15T06:01:00.000000000Z,9983.42644,6983.42644,-3.01356,-13.56,3.01356,1,3000
2024-03-15T06:02:00.000000000Z,9982.55644,6983.42644,-3.01356,-14.43,3.01356,1,2999.13
2024-03-15T06:03:00.000000000Z,9981.67644,6983.42644,-3.01356,-15.31,3.01356,1,2998.25
2024-03-15T06:04:00.000000000Z,9980.80644,6983.42644,-3.01356,-16.18,3.01356,1,2997.38
2024-03-15T06:05:00.000000000Z,9979.93644,6983.42644,-3.01356,-17.05,3.01356,1,2996.51
2024-03-15T06:06:00.000000000Z,9979.06644,6983.42644,-3.01356,-17.92,3.01356,1,2995.64
2024-03-15T06:07:00.000000000Z,9978.19644,6983.42644,-3.01356,-18.79,3.01356,1,2994.77
2024-03-15T06:08:00.000000000Z,9977.32644,6983.42644,-3.01356,-19.66,3.01356,1,2993.9
2024-03-15T06:09:00.000000000Z,9976.44644,6983.42644,-3.01356,-20.54,3.01356,1,2993.02
2024-03-15T06:10:00.000000000Z,9975.57644,6983.42644,-3.01356,-21.41,3.01356,1,2992.15
2024-03-15T06:11:00.000000000Z,9974.70644,6983.42644,-3.01356,-22.28,3.01356,1,2991.28
2024-03-15T06:12:00.000000000Z,9973.84644,6983.42644,-3.01356,-23.14,3.01356,1,2990.42
2024-03-15T06:13:00.000000000Z,9972.97644,6983.42644,-3.01356,-24.01,3.01356,1,2989.55
2024-03-15T06:14:00.000000000Z,9972.10644,6983.42644,-3.01356,-24.88,3.01356,1,2988.68
2024-03-15T06:15:00.000000000Z,9971.23644,6983.42644,-3.01356,-25.75,3.01356,1,2987.81
2024-03-15T06:16:00.000000000Z,9970.37644,6983.42644,-3.01356,-26.61,3.01356,1,2986.95
2024-03-15T06:17:00.000000000Z,9969.50644,6983.42644,-3.01356,-27.48,3.01356,1,2986.08
2024-03-15T06:18:00.000000000Z,9968.64644,6983.42644,-3.01356,-28.34,3.01356,1,2985.22
2024-03-15T06:19:00.000000000Z,9967.78644,6983.42644,-3.01356,-29.2,3.01356,1,2984.36
2024-03-15T06:20:00.000000000Z,9966.92644,6983.42644,-3.01356,-30.06,3.01356,1,2983.5
2024-03-15T06:21:00.000000000Z,9966.06644,6983.42644,-3.01356,-30.92,3.01356,1,2982.64
2024-03-15T06:22:00.000000000Z,9965.20644,6983.42644,-3.01356,-31.78,3.01356,1,2981.78
2024-03-15T06:23:00.000000000Z,9964.34644,6983.42644,-3.01356,-32.64,3.01356,1,2980.92
2024-03-15T06:24:00.000000000Z,9963.48644,6983.42644,-3.01356,-33.5,3.01356,1,2980.06
2024-03-15T06:25:00.000000000Z,9962.63644,6983.42644,-3.01356,-34.35,3.01356,1,2979.21
2024-03-15T06:26:00.000000000Z,9961.78644,6983.42644,-3.01356,-35.2,3.01356,1,2978.36
2024-03-15T06:27:00.000000000Z,9960.92644,6983.42644,-3.01356,-36.06,3.01356,1,2977.5
2024-03-15T06:28:00.000000000Z,9960.08644,6983.42644,-3.01356,-36.9,3.01356,1,2976.66
2024-03-15T06:29:00.000000000Z,9959.23644,6983.42644,-3.01356,-37.75,3.01356,1,2975.81
2024-03-15T06:30:00.000000000Z,9958.38644,6983.42644,-3.01356,-38.6,3.01356,1,2974.96
2024-03-15T06:31:00.000000000Z,9957.54644,6983.42644,-3.01356,-39.44,3.01356,1,2974.12
2024-03-15T06:32:00.000000000Z,9956.70644,6983.42644,-3.01356,-40.28,3.01356,1,2973.28
2024-03-15T06:33:00.000000000Z,9955.86644,6983.42644,-3.01356,-41.12,3.01356,1,2972.44
2024-03-15T06:34:00.000000000Z,9955.02644,6983.42644,-3.01356,-41.96,3.01356,1,2971.6
2024-03-15T06:35:00.000000000Z,9954.18644,6983.42644,-3.01356,-42.8,3.01356,1,2970.76
2024-03-15T06:36:00.000000000Z,9953.35644,6983.42644,-3.01356,-43.63,3.01356,1,2969.93
2024-03-15T06:37:00.000000000Z,9952.52644,6983.42644,-3.01356,-44.46,3.01356,1,2969.1
2024-03-15T06:38:00.000000000Z,9951.69644,6983.42644,-3.01356,-45.29,3.01356,1,2968.27
2024-03-15T06:39:00.000000000Z,9950.86644,6983.42644,-3.01356,-46.12,3.01356,1,2967.44
2024-03-15T06:40:00.000000000Z,9950.04644,6983.42644,-3.01356,-46.94,3.01356,1,2966.62
2024-03-15T06:41:00.000000000Z,9949.22644,6983.42644,-3.01356,-47.76,3.01356,1,2965.8
2024-03-15T06:42:00.000000000Z,9948.40644,6983.42644,-3.01356,-48.58,3.01356,1,2964.98
2024-03-15T06:43:00.000000000Z,9947.58644,6983.42644,-3.01356,-49.4,3.01356,1,2964.16
2024-03-15T06:44:00.000000000Z,9946.77644,6983.42644,-3.01356,-50.21,3.01356,1,2963.35
2024-03-15T06:45:00.000000000Z,9945.96644,6983.42644,-3.01356,-51.02,3.01356,1,2962.54
2024-03-15T06:46:00.000000000Z,9945.15644,6983.42644,-3.01356,-51.83,3.01356,1,2961.73
2024-03-15T06:47:00.000000000Z,9944.35644,6983.42644,-3.01356,-52.63,3.01356,1,2960.93
2024-03-15T06:48:00.000000000Z,9943.55644,6983.42644,-3.01356,-53.43,3.01356,1,2960.13
2024-03-15T06:49:00.000000000Z,9942.75644,6983.42644,-3.01356,-54.23,3.01356,1,2959.33
2024-03-15T06:50:00.000000000Z,9941.95644,6983.42644,-3.01356,-55.03,3.01356,1,2958.53
2024-03-15T06:51:00.000000000Z,9941.16644,6983.42644,-3.01356,-55.82,3.01356,1,2957.74
2024-03-15T06:52:00.000000000Z,9940.37644,6983.42644,-3.01356,-56.61,3.01356,1,2956.95
2024-03-15T06:53:00.000000000Z,9939.58644,6983.42644,-3.01356,-57.4,3.01356,1,2956.16
2024-03-15T06:54:00.000000000Z,9938.80644,6983.42644,-3.01356,-58.18,3.01356,1,2955.38
2024-03-15T06:55:00.000000000Z,9938.02644,6983.42644,-3.01356,-58.96,3.01356,1,2954.6
2024-03-15T06:56:00.000000000Z,9937.25644,6983.42644,-3.01356,-59.73,3.01356,1,2953.83
2024-03-15T06:57:00.000000000Z,9936.47644,6983.42644,-3.01356,-60.51,3.01356,1,2953.05
2024-03-15T06:58:00.000000000Z,9935.70644,6983.42644,-3.01356,-61.28,3.01356,1,2952.28
2024-03-15T06:59:00.000000000Z,9934.94644,6983.42644,-3.01356,-62.04,3.01356,1,2951.52
2024-03-15T07:00:00.000000000Z,9934.18644,6983.42644,-3.01356,-62.8,3.01356,1,2950.76
2024-03-15T07:01:00.000000000Z,9933.42644,6983.42644,-3.01356,-63.56,3.01356,1,2950
2024-03-15T07:02:00.000000000Z,9932.67644,6983.42644,-3.01356,-64.31,3.01356,1,2949.25
2024-03-15T07:03:00.000000000Z,9931.92644,6983.42644,-3.01356,-65.06,3.01356,1,2948.5
2024-03-15T07:04:00.000000000Z,9931.17644,6983.42644,-3.01356,-65.81,3.01356,1,2947.75
2024-03-15T07:05:00.000000000Z,9930.43644,6983.42644,-3.01356,-66.55,3.01356,1,2947.01
2024-03-15T07:06:00.000000000Z,9929.69644,6983.42644,-3.01356,-67.29,3.01356,1,2946.27
2024-03-15T07:07:00.000000000Z,9928.96644,6983.42644,-3.01356,-68.02,3.01356,1,2945.54
2024-03-15T07:08:00.000000000Z,9928.23644,6983.42644,-3.01356,-68.75,3.01356,1,2944.81
2024-03-15T07:09:00.000000000Z,9927.50644,6983.42644,-3.01356,-69.48,3.01356,1,2944.08
2024-03-15T07:10:00.000000000Z,9926.78644,6983.42644,-3.01356,-70.2,3.01356,1,2943.36
2024-03-15T07:11:00.000000000Z,9926.06644,6983.42644,-3.01356,-70.92,3.01356,1,2942.64
2024-03-15T07:12:00.000000000Z,9925.35644,6983.42644,-3.01356,-71.63,3.01356,1,2941.93
2024-03-15T07:13:00.000000000Z,9924.64644,6983.42644,-3.01356,-72.34,3.01356,1,2941.22
2024-03-15T07:14:00.000000000Z,9923.94644,6983.42644,-3.01356,-73.04,3.01356,1,2940.52
2024-03-15T07:15:00.000000000Z,9923.24644,6983.42644,-3.01356,-73.74,3.01356,1,2939.82
2024-03-15T07:16:00.000000000Z,9922.54644,6983.42644,-3.01356,-74.44,3.01356,1,2939.12
2024-03-15T07:17:00.000000000Z,9921.85644,6983.42644,-3.01356,-75.13,3.01356,1,2938.43
2024-03-15T07:18:00.000000000Z,9921.17644,6983.42644,-3.01356,-75.81,3.01356,1,2937.75
2024-03-15T07:19:00.000000000Z,9920.49644,6983.42644,-3.01356,-76.49,3.01356,1,2937.07
2024-03-15T07:20:00.000000000Z,9919.81644,6983.42644,-3.01356,-77.17,3.01356,1,2936.39
2024-03-15T07:21:00.000000000Z,9919.14644,6983.42644,-3.01356,-77.84,3.01356,1,2935.72
2024-03-15T07:22:00.000000000Z,9918.48644,6983.42644,-3.01356,-78.5,3.01356,1,2935.06
2024-03-15T07:23:00.000000000Z,9917.81644,6983.42644,-3.01356,-79.17,3.01356,1,2934.39
2024-03-15T07:24:00.000000000Z,9917.16644,6983.42644,-3.01356,-79.82,3.01356,1,2933.74
2024-03-15T07:25:00.000000000Z,9916.51644,6983.42644,-3.01356,-80.47,3.01356,1,2933.09
2024-03-15T07:26:00.000000000Z,9915.86644,6983.42644,-3.01356,-81.12,3.01356,1,2932.44
2024-03-15T07:27:00.000000000Z,9915.22644,6983.42644,-3.01356,-81.76,3.01356,1,2931.8
2024-03-15T07:28:00.000000000Z,9914.58644,6983.42644,-3.01356,-82.4,3.01356,1,2931.16
2024-03-15T07:29:00.000000000Z,9913.95644,6983.42644,-3.01356,-83.03,3.01356,1,2930.53
2024-03-15T07:30:00.000000000Z,9913.33644,6983.42644,-3.01356,-83.65,3.01356,1,2929.91
2024-03-15T07:31:00.000000000Z,9912.71644,6983.42644,-3.01356,-84.27,3.01356,1,2929.29
2024-03-15T07:32:00.000000000Z,9912.09644,6983.42644,-3.01356,-84.89,3.01356,1,2928.67
2024-03-15T07:33:00.000000000Z,9911.49644,6983.42644,-3.01356,-85.49,3.01356,1,2928.07
2024-03-15T07:34:00.000000000Z,9910.88644,6983.42644,-3.01356,-86.1,3.01356,1,2927.46
2024-03-15T07:35:00.000000000Z,9910.28644,6983.42644,-3.01356,-86.7,3.01356,1,2926.86
2024-03-15T07:36:00.000000000Z,9909.69644,6983.42644,-3.01356,-87.29,3.01356,1,2926.27
2024-03-15T07:37:00.000000000Z,9909.11644,6983.42644,-3.01356,-87.87,3.01356,1,2925.69
2024-03-15T07:38:00.000000000Z,9908.52644,6983.42644,-3.01356,-88.46,3.01356,1,2925.1
2024-03-15T07:39:00.000000000Z,9907.95644,6983.42644,-3.01356,-89.03,3.01356,1,2924.53
2024-03-15T07:40:00.000000000Z,9907.38644,6983.42644,-3.01356,-89.6,3.01356,1,2923.96
2024-03-15T07:41:00.000000000Z,9906.82644,6983.42644,-3.01356,-90.16,3.01356,1,2923.4
2024-03-15T07:42:00.000000000Z,9906.26644,6983.42644,-3.01356,-90.72,3.01356,1,2922.84
2024-03-15T07:43:00.000000000Z,9905.71644,6983.42644,-3.01356,-91.27,3.01356,1,2922.29
2024-03-15T07:44:00.000000000Z,9905.16644,6983.42644,-3.01356,-91.82,3.01356,1,2921.74
2024-03-15T07:45:00.000000000Z,9904.62644,6983.42644,-3.01356,-92.36,3.01356,1,2921.2
2024-03-15T07:46:00.000000000Z,9904.08644,6983.42644,-3.01356,-92.9,3.01356,1,2920.66
2024-03-15T07:47:00.000000000Z,9903.56644,6983.42644,-3.01356,-93.42,3.01356,1,2920.14
2024-03-15T07:48:00.000000000Z,9903.03644,6983.42644,-3.01356,-93.95,3.01356,1,2919.61
2024-03-15T07:49:00.000000000Z,9902.52644,6983.42644,-3.01356,-94.46,3.01356,1,2919.1
2024-03-15T07:50:00.000000000Z,9902.01644,6983.42644,-3.01356,-94.97,3.01356,1,2918.59
2024-03-15T07:51:00.000000000Z,9901.50644,6983.42644,-3.01356,-95.48,3.01356,1,2918.08
2024-03-15T07:52:00.000000000Z,9901.01644,6983.42644,-3.01356,-95.97,3.01356,1,2917.59
2024-03-15T07:53:00.000000000Z,9900.52644,6983.42644,-3.01356,-96.46,3.01356,1,2917.1
2024-03-15T07:54:00.000000000Z,9900.03644,6983.42644,-3.01356,-96.95,3.01356,1,2916.61
2024-03-15T07:55:00.000000000Z,9899.55644,6983.42644,-3.01356,-97.43,3.01356,1,2916.13
2024-03-15T07:56:00.000000000Z,9899.08644,6983.42644,-3.01356,-97.9,3.01356,1,2915.66
2024-03-15T07:57:00.000000000Z,9898.62644,6983.42644,-3.01356,-98.36,3.01356,1,2915.2
2024-03-15T07:58:00.000000000Z,9898.16644,6983.42644,-3.01356,-98.82,3.01356,1,2914.74
2024-03-15T07:59:00.000000000Z,9897.70644,6983.42644,-3.01356,-99.28,3.01356,1,2914.28
2024-03-15T08:00:00.000000000Z,9897.26644,6983.42644,-3.01356,-99.72,3.01356,1,2913.84
2024-03-15T08:01:00.000000000Z,9896.82644,6983.42644,-3.01356,-100.16,3.01356,1,2913.4
2024-03-15T08:02:00.000000000Z,9896.38644,6983.42644,-3.01356,-100.6,3.01356,1,2912.96
2024-03-15T08:03:00.000000000Z,9895.96644,6983.42644,-3.01356,-101.02,3.01356,1,2912.54
2024-03-15T08:04:00.000000000Z,9895.54644,6983.42644,-3.01356,-101.44,3.01356,1,2912.12
2024-03-15T08:05:00.000000000Z,9895.13644,6983.42644,-3.01356,-101.85,3.01356,1,2911.71
2024-03-15T08:06:00.000000000Z,9894.72644,6983.42644,-3.01356,-102.26,3.01356,1,2911.3
2024-03-15T08:07:00.000000000Z,9894.32644,6983.42644,-3.01356,-102.66,3.01356,1,2910.9
2024-03-15T08:08:00.000000000Z,9893.93644,6983.42644,-3.01356,-103.05,3.01356,1,2910.51
2024-03-15T08:09:00.000000000Z,9893.54644,6983.42644,-3.01356,-103.44,3.01356,1,2910.12
2024-03-15T08:10:00.000000000Z,9893.16644,6983.42644,-3.01356,-103.82,3.01356,1,2909.74
2024-03-15T08:11:00.000000000Z,9892.79644,6983.42644,-3.01356,-104.19,3.01356,1,2909.37
2024-03-15T08:12:00.000000000Z,9892.42644,6983.42644,-3.01356,-104.56,3.01356,1,2909
2024-03-15T08:13:00.000000000Z,9892.07644,6983.42644,-3.01356,-104.91,3.01356,1,2908.65
2024-03-15T08:14:00.000000000Z,9891.71644,6983.42644,-3.01356,-105.27,3.01356,1,2908.29
2024-03-15T08:15:00.000000000Z,9891.37644,6983.42644,-3.01356,-105.61,3.01356,1,2907.95
2024-03-15T08:16:00.000000000Z,9891.03644,6983.42644,-3.01356,-105.95,3.01356,1,2907.61
2024-03-15T08:17:00.000000000Z,9890.70644,6983.42644,-3.01356,-106.28,3.01356,1,2907.28
2024-03-15T08:18:00.000000000Z,9890.38644,6983.42644,-3.01356,-106.6,3.01356,1,2906.96
2024-03-15T08:19:00.000000000Z,9890.06644,6983.42644,-3.01356,-106.92,3.01356,1,2906.64
2024-03-15T08:20:00.000000000Z,9889.75644,6983.42644,-3.01356,-107.23,3.01356,1,2906.33
2024-03-15T08:21:00.000000000Z,9889.45644,6983.42644,-3.01356,-107.53,3.01356,1,2906.03
2024-03-15T08:22:00.000000000Z,9889.16644,6983.42644,-3.01356,-107.82,3.01356,1,2905.74
2024-03-15T08:23:00.000000000Z,9888.87644,6983.42644,-3.01356,-108.11,3.01356,1,2905.45
2024-03-15T08:24:00.000000000Z,9888.59644,6983.42644,-3.01356,-108.39,3.01356,1,2905.17
2024-03-15T08:25:00.000000000Z,9888.31644,6983.42644,-3.01356,-108.67,3.01356,1,2904.89
2024-03-15T08:26:00.000000000Z,9888.05644,6983.42644,-3.01356,-108.93,3.01356,1,2904.63
2024-03-15T08:27:00.000000000Z,9887.79644,6983.42644,-3.01356,-109.19,3.01356,1,2904.37
2024-03-15T08:28:00.000000000Z,9887.54644,6983.42644,-3.01356,-109.44,3.01356,1,2904.12
2024-03-15T08:29:00.000000000Z,9887.29644,6983.42644,-3.01356,-109.69,3.01356,1,2903.87
2024-03-15T08:30:00.000000000Z,9887.06644,6983.42644,-3.01356,-109.92,3.01356,1,2903.64
2024-03-15T08:31:00.000000000Z,9886.83644,6983.42644,-3.01356,-110.15,3.01356,1,2903.41
2024-03-15T08:32:00.000000000Z,9886.61644,6983.42644,-3.01356,-110.37,3.01356,1,2903.19
2024-03-15T08:33:00.000000000Z,9886.39644,6983.42644,-3.01356,-110.59,3.01356,1,2902.97
2024-03-15T08:34:00.000000000Z,9886.18644,6983.42644,-3.01356,-110.8,3.01356,1,2902.76
2024-03-15T08:35:00.000000000Z,9885.98644,6983.42644,-3.01356,-111,3.01356,1,2902.56
2024-03-15T08:36:00.000000000Z,9885.79644,6983.42644,-3.01356,-111.19,3.01356,1,2902.37
2024-03-15T08:37:00.000000000Z,9885.61644,6983.42644,-3.01356,-111.37,3.01356,1,2902.19
2024-03-15T08:38:00.000000000Z,9885.43644,6983.42644,-3.01356,-111.55,3.01356,1,2902.01
2024-03-15T08:39:00.000000000Z,9885.26644,6983.42644,-3.01356,-111.72,3.01356,1,2901.84
2024-03-15T08:40:00.000000000Z,9885.09644,6983.42644,-3.01356,-111.89,3.01356,1,2901.67
2024-03-15T08:41:00.000000000Z,9884.94644,6983.42644,-3.01356,-112.04,3.01356,1,2901.52
2024-03-15T08:42:00.000000000Z,9884.79644,6983.42644,-3.01356,-112.19,3.01356,1,2901.37
2024-03-15T08:43:00.000000000Z,9884.65644,6983.42644,-3.01356,-112.33,3.01356,1,2901.23
2024-03-15T08:44:00.000000000Z,9884.52644,6983.42644,-3.01356,-112.46,3.01356,1,2901.1
2024-03-15T08:45:00.000000000Z,9884.39644,6983.42644,-3.01356,-112.59,3.01356,1,2900.97
2024-03-15T08:46:00.000000000Z,9884.28644,6983.42644,-3.01356,-112.7,3.01356,1,2900.86
2024-03-15T08:47:00.000000000Z,9884.17644,6983.42644,-3.01356,-112.81,3.01356,1,2900.75
2024-03-15T08:48:00.000000000Z,9884.06644,6983.42644,-3.01356,-112.92,3.01356,1,2900.64
2024-03-15T08:49:00.000000000Z,9883.97644,6983.42644,-3.01356,-113.01,3.01356,1,2900.55
2024-03-15T08:50:00.000000000Z,9883.88644,6983.42644,-3.01356,-113.1,3.01356,1,2900.46
2024-03-15T08:51:00.000000000Z,9883.80644,6983.42644,-3.01356,-113.18,3.01356,1,2900.38
2024-03-15T08:52:00.000000000Z,9883.73644,6983.42644,-3.01356,-113.25,3.01356,1,2900.31
2024-03-15T08:53:00.000000000Z,9883.66644,6983.42644,-3.01356,-113.32,3.01356,1,2900.24
2024-03-15T08:54:00.000000000Z,9883.61644,6983.42644,-3.01356,-113.37,3.01356,1,2900.19
2024-03-15T08:55:00.000000000Z,9883.56644,6983.42644,-3.01356,-113.42,3.01356,1,2900.14
2024-03-15T08:56:00.000000000Z,9883.52644,6983.42644,-3.01356,-113.46,3.01356,1,2900.1
2024-03-15T08:57:00.000000000Z,9883.48644,6983.42644,-3.01356,-113.5,3.01356,1,2900.06
2024-03-15T08:58:00.000000000Z,9883.45644,6983.42644,-3.01356,-113.53,3.01356,1,2900.03
2024-03-15T08:59:00.000000000Z,9883.44644,6983.42644,-3.01356,-113.54,3.01356,1,2900.02
2024-03-15T09:00:00.000000000Z,9883.42644,6983.42644,-3.01356,-113.56,3.01356,1,2900
2024-03-15T09:01:00.000000000Z,9883.42644,6983.42644,-3.01356,-113.56,3.01356,1,2900
2024-03-15T09:02:00.000000000Z,9883.42644,6983.42644,-3.01356,-113.56,3.01356,1,2900
2024-03-15T09:03:00.000000000Z,9883.44644,6983.42644,-3.01356,-113.54,3.01356,1,2900.02
2024-03-15T09:04:00.000000000Z,9883.45644,6983.42644,-3.01356,-113.53,3.01356,1,2900.03
2024-03-15T09:05:00.000000000Z,9883.48644,6983.42644,-3.01356,-113.5,3.01356,1,2900.06
2024-03-15T09:06:00.000000000Z,9883.52644,6983.42644,-3.01356,-113.46,3.01356,1,2900.1
2024-03-15T09:07:00.000000000Z,9883.56644,6983.42644,-3.01356,-113.42,3.01356,1,2900.14
2024-03-15T09:08:00.000000000Z,9883.61644,6983.42644,-3.01356,-113.37,3.01356,1,2900.19
2024-03-15T09:09:00.000000000Z,9883.66644,6983.42644,-3.01356,-113.32,3.01356,1,2900.24
2024-03-15T09:10:00.000000000Z,9883.73644,6983.42644,-3.01356,-113.25,3.01356,1,2900.31
2024-03-15T09:11:00.000000000Z,9883.80644,6983.42644,-3.01356,-113.18,3.01356,1,2900.38
2024-03-15T09:12:00.000000000Z,9883.88644,6983.42644,-3.01356,-113.1,3.01356,1,2900.46
2024-03-15T09:13:00.000000000Z,9883.97644,6983.42644,-3.01356,-113.01,3.01356,1,2900.55
2024-03-15T09:14:00.000000000Z,9884.06644,6983.42644,-3.01356,-112.92,3.01356,1,2900.64
2024-03-15T09:15:00.000000000Z,9884.17644,6983.42644,-3.01356,-112.81,3.01356,1,2900.75
2024-03-15T09:16:00.000000000Z,9884.28644,6983.42644,-3.01356,-112.7,3.01356,1,2900.86
2024-03-15T09:17:00.000000000Z,9884.39644,6983.42644,-3.01356,-112.59,3.01356,1,2900.97
2024-03-15T09:18:00.000000000Z,9884.52644,6983.42644,-3.01356,-112.46,3.01356,1,2901.1
2024-03-15T09:19:00.000000000Z,9884.65644,6983.42644,-3.01356,-112.33,3.01356,1,2901.23
2024-03-15T09:20:00.000000000Z,9884.79644,6983.42644,-3.01356,-112.19,3.01356,1,2901.37
2024-03-15T09:21:00.000000000Z,9884.94644,6983.42644,-3.01356,-112.04,3.01356,1,2901.52
2024-03-15T09:22:00.000000000Z,9885.09644,6983.42644,-3.01356,-111.89,3.01356,1,2901.67
2024-03-15T09:23:00.000000000Z,9885.26644,6983.42644,-3.01356,-111.72,3.01356,1,2901.84
2024-03-15T09:24:00.000000000Z,9885.43644,6983.42644,-3.01356,-111.55,3.01356,1,2902.01
2024-03-15T09:25:00.000000000Z,9885.61644,6983.42644,-3.01356,-111.37,3.01356,1,2902.19
2024-03-15T09:26:00.000000000Z,9885.79644,6983.42644,-3.01356,-111.19,3.01356,1,2902.37
2024-03-15T09:27:00.000000000Z,9885.98644,6983.42644,-3.01356,-111,3.01356,1,2902.56
2024-03-15T09:28:00.000000000Z,9886.18644,6983.42644,-3.01356,-110.8,3.01356,1,2902.76
2024-03-15T09:29:00.000000000Z,9886.39644,6983.42644,-3.01356,-110.59,3.01356,1,2902.97
2024-03-15T09:30:00.000000000Z,9886.61644,6983.42644,-3.01356,-110.37,3.01356,1,2903.19
2024-03-15T09:31:00.000000000Z,9886.83644,6983.42644,-3.01356,-110.15,3.01356,1,2903.41
2024-03-15T09:32:00.000000000Z,9887.06644,6983.42644,-3.01356,-109.92,3.01356,1,2903.64
2024-03-15T09:33:00.000000000Z,9887.29644,6983.42644,-3.01356,-109.69,3.01356,1,2903.87
2024-03-15T09:34:00.000000000Z,9887.54644,6983.42644,-3.01356,-109.44,3.01356,1,2904.12
2024-03-15T09:35:00.000000000Z,9887.79644,6983.42644,-3.01356,-109.19,3.01356,1,2904.37
2024-03-15T09:36:00.000000000Z,9888.05644,6983.42644,-3.01356,-108.93,3.01356,1,2904.63
2024-03-15T09:37:00.000000000Z,9888.31644,6983.42644,-3.01356,-108.67,3.01356,1,2904.89
2024-03-15T09:38:00.000000000Z,9888.59644,6983.42644,-3.01356,-108.39,3.01356,1,2905.17
2024-03-15T09:39:00.000000000Z,9888.87644,6983.42644,-3.01356,-108.11,3.01356,1,2905.45
2024-03-15T09:40:00.000000000Z,9889.16644,6983.42644,-3.01356,-107.82,3.01356,1,2905.74
2024-03-15T09:41:00.000000000Z,9889.45644,6983.42644,-3.01356,-107.53,3.01356,1,2906.03
2024-03-15T09:42:00.000000000Z,9889.75644,6983.42644,-3.01356,-107.23,3.01356,1,2906.33
2024-03-15T09:43:00.000000000Z,9890.06644,6983.42644,-3.01356,-106.92,3.01356,1,2906.64
2024-03-15T09:44:00.000000000Z,9890.38644,6983.42644,-3.01356,-106.6,3.01356,1,2906.96
2024-03-15T09:45:00.000000000Z,9890.70644,6983.42644,-3.01356,-106.28,3.01356,1,2907.28
2024-03-15T09:46:00.000000000Z,9891.03644,6983.42644,-3.01356,-105.95,3.01356,1,2907.61
2024-03-15T09:47:00.000000000Z,9891.37644,6983.42644,-3.01356,-105.61,3.01356,1,2907.95
2024-03-15T09:48:00.000000000Z,9891.71644,6983.42644,-3.01356,-105.27,3.01356,1,2908.29
2024-03-15T09:49:00.000000000Z,9892.07644,6983.42644,-3.01356,-104.91,3.01356,1,2908.65
2024-03-15T09:50:00.000000000Z,9892.42644,6983.42644,-3.01356,-104.56,3.01356,1,2909
2024-03-15T09:51:00.000000000Z,9892.79644,6983.42644,-3.01356,-104.19,3.01356,1,2909.37
2024-03-15T09:52:00.000000000Z,9893.16644,6983.42644,-3.01356,-103.82,3.01356,1,2909.74
2024-03-15T09:53:00.000000000Z,9893.54644,6983.42644,-3.01356,-103.44,3.01356,1,2910.12
2024-03-15T09:54:00.000000000Z,9893.93644,6983.42644,-3.01356,-103.05,3.01356,1,2910.51
2024-03-15T09:55:00.000000000Z,9894.32644,6983.42644,-3.01356,-102.66,3.01356,1,2910.9
2024-03-15T09:56:00.000000000Z,9894.72644,6983.42644,-3.01356,-102.26,3.01356,1,2911.3
2024-03-15T09:57:00.000000000Z,9895.13644,6983.42644,-3.01356,-101.85,3.01356,1,2911.71
2024-03-15T09:58:00.000000000Z,9895.54644,6983.42644,-3.01356,-101.44,3.01356,1,2912.12
2024-03-15T09:59:00.000000000Z,9895.96644,6983.42644,-3.01356,-101.02,3.01356,1,2912.54
2024-03-15T10:00:00.000000000Z,9896.38644,6983.42644,-3.01356,-100.6,3.01356,1,2912.96
2024-03-15T10:01:00.000000000Z,9896.82644,6983.42644,-3.01356,-100.16,3.01356,1,2913.4
2024-03-15T10:02:00.000000000Z,9897.26644,6983.42644,-3.01356,-99.72,3.01356,1,2913.84
2024-03-15T10:03:00.000000000Z,9897.70644,6983.42644,-3.01356,-99.28,3.01356,1,2914.28
2024-03-15T10:04:00.000000000Z,9898.16644,6983.42644,-3.01356,-98.82,3.01356,1,2914.74
2024-03-15T10:05:00.000000000Z,9898.62644,6983.42644,-3.01356,-98.36,3.01356,1,2915.2
2024-03-15T10:06:00.000000000Z,9899.08644,6983.42644,-3.01356,-97.9,3.01356,1,2915.66
2024-03-15T10:07:00.000000000Z,9899.55644,6983.42644,-3.01356,-97.43,3.01356,1,2916.13
2024-03-15T10:08:00.000000000Z,9900.03644,6983.42644,-3.01356,-96.95,3.01356,1,2916.61
2024-03-15T10:09:00.000000000Z,9900.52644,6983.42644,-3.01356,-96.46,3.01356,1,2917.1
2024-03-15T10:10:00.000000000Z,9901.01644,6983.42644,-3.01356,-95.97,3.01356,1,2917.59
2024-03-15T10:11:00.000000000Z,9901.50644,6983.42644,-3.01356,-95.48,3.01356,1,2918.08
2024-03-15T10:12:00.000000000Z,9902.01644,6983.42644,-3.01356,-94.97,3.01356,1,2918.59
2024-03-15T10:13:00.000000000Z,9902.52644,6983.42644,-3.01356,-94.46,3.01356,1,2919.1
2024-03-15T10:14:00.000000000Z,9903.03644,6983.42644,-3.01356,-93.95,3.01356,1,2919.61
2024-03-15T10:15:00.000000000Z,9903.56644,6983.42644,-3.01356,-93.42,3.01356,1,2920.14
2024-03-15T10:16:00.000000000Z,9904.08644,6983.42644,-3.01356,-92.9,3.01356,1,2920.66
2024-03-15T10:17:00.000000000Z,9904.62644,6983.42644,-3.01356,-92.36,3.01356,1,2921.2
2024-03-15T10:18:00.000000000Z,9905.16644,6983.42644,-3.01356,-91.82,3.01356,1,2921.74
2024-03-15T10:19:00.000000000Z,9905.71644,6983.42644,-3.01356,-91.27,3.01356,1,2922.29
2024-03-15T10:20:00.000000000Z,9906.26644,6983.42644,-3.01356,-90.72,3.01356,1,2922.84
2024-03-15T10:21:00.000000000Z,9906.82644,6983.42644,-3.01356,-90.16,3.01356,1,2923.4
2024-03-15T10:22:00.000000000Z,9907.38644,6983.42644,-3.01356,-89.6,3.01356,1,2923.96
2024-03-15T10:23:00.000000000Z,9907.95644,6983.42644,-3.01356,-89.03,3.01356,1,2924.53
2024-03-15T10:24:00.000000000Z,9908.52644,6983.42644,-3.01356,-88.46,3.01356,1,2925.1
2024-03-15T10:25:00.000000000Z,9909.11644,6983.42644,-3.01356,-87.87,3.01356,1,2925.69
2024-03-15T10:26:00.000000000Z,9909.69644,6983.42644,-3.01356,-87.29,3.01356,1,2926.27
2024-03-15T10:27:00.000000000Z,9910.28644,6983.42644,-3.01356,-86.7,3.01356,1,2926.86
2024-03-15T10:28:00.000000000Z,9910.88644,6983.42644,-3.01356,-86.1,3.01356,1,2927.46
2024-03-15T10:29:00.000000000Z,9911.49644,6983.42644,-3.01356,-85.49,3.01356,1,2928.07
2024-03-15T10:30:00.000000000Z,9912.09644,6983.42644,-3.01356,-84.89,3.01356,1,2928.67
2024-03-15T10:31:00.000000000Z,9912.71644,6983.42644,-3.01356,-84.27,3.01356,1,2929.29
2024-03-15T10:32:00.000000000Z,9913.33644,6983.42644,-3.01356,-83.65,3.01356,1,2929.91
2024-03-15T10:33:00.000000000Z,9913.95644,6983.42644,-3.01356,-83.03,3.01356,1,2930.53
2024-03-15T10:34:00.000000000Z,9914.58644,6983.42644,-3.01356,-82.4,3.01356,1,2931.16
2024-03-15T10:35:00.000000000Z,9915.22644,6983.42644,-3.01356,-81.76,3.01356,1,2931.8
2024-03-15T10:36:00.000000000Z,9915.86644,6983.42644,-3.01356,-81.12,3.01356,1,2932.44
2024-03-15T10:37:00.000000000Z,9916.51644,6983.42644,-3.01356,-80.47,3.01356,1,2933.09
2024-03-15T10:38:00.000000000Z,9917.16644,6983.42644,-3.01356,-79.82,3.01356,1,2933.74
2024-03-15T10:39:00.000000000Z,9917.81644,6983.42644,-3.01356,-79.17,3.01356,1,2934.39
2024-03-15T10:40:00.000000000Z,9918.48644,6983.42644,-3.01356,-78.5,3.01356,1,2935.06
2024-03-15T10:41:00.000000000Z,9919.14644,6983.42644,-3.01356,-77.84,3.01356,1,2935.72
2024-03-15T10:42:00.000000000Z,9919.81644,6983.42644,-3.01356,-77.17,3.01356,1,2936.39
2024-03-15T10:43:00.000000000Z,9920.49644,6983.42644,-3.01356,-76.49,3.01356,1,2937.07
2024-03-15T10:44:00.000000000Z,9921.17644,6983.42644,-3.01356,-75.81,3.01356,1,2937.75
2024-03-15T10:45:00.000000000Z,9921.85644,6983.42644,-3.01356,-75.13,3.01356,1,2938.43
2024-03-15T10:46:00.000000000Z,9922.54644,6983.42644,-3.01356,-74.44,3.01356,1,2939.12
2024-03-15T10:47:00.000000000Z,9923.24644,6983.42644,-3.01356,-73.74,3.01356,1,2939.82
2024-03-15T10:48:00.000000000Z,9923.94644,6983.42644,-3.01356,-73.04,3.01356,1,2940.52
2024-03-15T10:49:00.000000000Z,9924.64644,6983.42644,-3.01356,-72.34,3.01356,1,2941.22
2024-03-15T10:50:00.000000000Z,9925.35644,6983.42644,-3.01356,-71.63,3.01356,1,2941.93
2024-03-15T10:51:00.000000000Z,9926.06644,6983.42644,-3.01356,-70.92,3.01356,1,2942.64
2024-03-15T10:52:00.000000000Z,9926.78644,6983.42644,-3.01356,-70.2,3.01356,1,2943.36
2024-03-15T10:53:00.000000000Z,9927.50644,6983.42644,-3.01356,-69.48,3.01356,1,2944.08
2024-03-15T10:54:00.000000000Z,9928.23644,6983.42644,-3.01356,-68.75,3.01356,1,2944.81
2024-03-15T10:55:00.000000000Z,9928.96644,6983.42644,-3.01356,-68.02,3.01356,1,2945.54
2024-03-15T10:56:00.000000000Z,9929.69644,6983.42644,-3.01356,-67.29,3.01356,1,2946.27
2024-03-15T10:57:00.000000000Z,9930.43644,6983.42644,-3.01356,-66.55,3.01356,1,2947.01
2024-03-15T10:58:00.000000000Z,9931.17644,6983.42644,-3.01356,-65.81,3.01356,1,2947.75
2024-03-15T10:59:00.000000000Z,9931.92644,6983.42644,-3.01356,-65.06,3.01356,1,2948.5
2024-03-15T11:00:00.000000000Z,9932.67644,6983.42644,-3.01356,-64.31,3.01356,1,2949.25
2024-03-15T11:01:00.000000000Z,9933.42644,6983.42644,-3.01356,-63.56,3.01356,1,2950
2024-03-15T11:02:00.000000000Z,9934.18644,6983.42644,-3.01356,-62.8,3.01356,1,2950.76
2024-03-15T11:03:00.000000000Z,9934.94644,6983.42644,-3.01356,-62.04,3.01356,1,2951.52
2024-03-15T11:04:00.000000000Z,9935.70644,6983.42644,-3.01356,-61.28,3.01356,1,2952.28
2024-03-15T11:05:00.000000000Z,9936.47644,6983.42644,-3.01356,-60.51,3.01356,1,2953.05
2024-03-15T11:06:00.000000000Z,9937.25644,6983.42644,-3.01356,-59.73,3.01356,1,2953.83
2024-03-15T11:07:00.000000000Z,9938.02644,6983.42644,-3.01356,-58.96,3.01356,1,2954.6
2024-03-15T11:08:00.000000000Z,9938.80644,6983.42644,-3.01356,-58.18,3.01356,1,2955.38
2024-03-15T11:09:00.000000000Z,9939.58644,6983.42644,-3.01356,-57.4,3.01356,1,2956.16
2024-03-15T11:10:00.000000000Z,9940.37644,6983.42644,-3.01356,-56.61,3.01356,1,2956.95
2024-03-15T11:11:00.000000000Z,9941.16644,6983.42644,-3.01356,-55.82,3.01356,1,2957.74
2024-03-15T11:12:00.000000000Z,9941.95644,6983.42644,-3.01356,-55.03,3.01356,1,2958.53
2024-03-15T11:13:00.000000000Z,9942.75644,6983.42644,-3.01356,-54.23,3.01356,1,2959.33
2024-03-15T11:14:00.000000000Z,9943.55644,6983.42644,-3.01356,-53.43,3.01356,1,2960.13
2024-03-15T11:15:00.000000000Z,9944.35644,6983.42644,-3.01356,-52.63,3.01356,1,2960.93
2024-03-15T11:16:00.000000000Z,9945.15644,6983.42644,-3.01356,-51.83,3.01356,1,2961.73
2024-03-15T11:17:00.000000000Z,9945.96644,6983.42644,-3.01356,-51.02,3.01356,1,2962.54
2024-03-15T11:18:00.000000000Z,9946.77644,6983.42644,-3.01356,-50.21,3.01356,1,2963.35
2024-03-15T11:19:00.000000000Z,9947.58644,6983.42644,-3.01356,-49.4,3.01356,1,2964.16
2024-03-15T11:20:00.000000000Z,9948.40644,6983.42644,-3.01356,-48.58,3.01356,1,2964.98
2024-03-15T11:21:00.000000000Z,9949.22644,6983.42644,-3.01356,-47.76,3.01356,1,2965.8
2024-03-15T11:22:00.000000000Z,9950.04644,6983.42644,-3.01356,-46.94,3.01356,1,2966.62
2024-03-15T11:23:00.000000000Z,9950.86644,6983.42644,-3.01356,-46.12,3.01356,1,2967.44
2024-03-15T11:24:00.000000000Z,9951.69644,6983.42644,-3.01356,-45.29,3.01356,1,2968.27
2024-03-15T11:25:00.000000000Z,9952.52644,6983.42644,-3.01356,-44.46,3.01356,1,2969.1
2024-03-15T11:26:00.000000000Z,9953.35644,6983.42644,-3.01356,-43.63,3.01356,1,2969.93
2024-03-15T11:27:00.000000000Z,9954.18644,6983.42644,-3.01356,-42.8,3.01356,1,2970.76
2024-03-15T11:28:00.000000000Z,9955.02644,6983.42644,-3.01356,-41.96,3.01356,1,2971.6
2024-03-15T11:29:00.000000000Z,9955.86644,6983.42644,-3.01356,-41.12,3.01356,1,2972.44
2024-03-15T11:30:00.000000000Z,9956.70644,6983.42644,-3.01356,-40.28,3.01356,1,2973.28
2024-03-15T11:31:00.000000000Z,9957.54644,6983.42644,-3.01356,-39.44,3.01356,1,2974.12
2024-03-15T11:32:00.000000000Z,9958.38644,6983.42644,-3.01356,-38.6,3.01356,1,2974.96
2024-03-15T11:33:00.000000000Z,9959.23644,6983.42644,-3.01356,-37.75,3.01356,1,2975.81
2024-03-15T11:34:00.000000000Z,9960.08644,6983.42644,-3.01356,-36.9,3.01356,1,2976.66
2024-03-15T11:35:00.000000000Z,9960.92644,6983.42644,-3.01356,-36.06,3.01356,1,2977.5
2024-03-15T11:36:00.000000000Z,9961.78644,6983.42644,-3.01356,-35.2,3.01356,1,2978.36
2024-03-15T11:37:00.000000000Z,9962.63644,6983.42644,-3.01356,-34.35,3.01356,1,2979.21
2024-03-15T11:38:00.000000000Z,9963.48644,6983.42644,-3.01356,-33.5,3.01356,1,2980.06
2024-03-15T11:39:00.000000000Z,9964.34644,6983.42644,-3.01356,-32.64,3.01356,1,2980.92
2024-03-15T11:40:00.000000000Z,9965.20644,6983.42644,-3.01356,-31.78,3.01356,1,2981.78
2024-03-15T11:41:00.000000000Z,9966.06644,6983.42644,-3.01356,-30.92,3.01356,1,2982.64
2024-03-15T11:42:00.000000000Z,9966.92644,6983.42644,-3.01356,-30.06,3.01356,1,2983.5
2024-03-15T11:43:00.000000000Z,9967.78644,6983.42644,-3.01356,-29.2,3.01356,1,2984.36
2024-03-15T11:44:00.000000000Z,9968.64644,6983.42644,-3.01356,-28.34,3.01356,1,2985.22
2024-03-15T11:45:00.000000000Z,9969.50644,6983.42644,-3.01356,-27.48,3.01356,1,2986.08
2024-03-15T11:46:00.000000000Z,9970.37644,6983.42644,-3.01356,-26.61,3.01356,1,2986.95
2024-03-15T11:47:00.000000000Z,9971.23644,6983.42644,-3.01356,-25.75,3.01356,1,2987.81
2024-03-15T11:48:00.000000000Z,9972.10644,6983.42644,-3.01356,-24.88,3.01356,1,2988.68
2024-03-15T11:49:00.000000000Z,9972.97644,6983.42644,-3.01356,-24.01,3.01356,1,2989.55
2024-03-15T11:50:00.000000000Z,9973.84644,6983.42644,-3.01356,-23.14,3.01356,1,2990.42
2024-03-15T11:51:00.000000000Z,9974.70644,6983.42644,-3.01356,-22.28,3.01356,1,2991.28
2024-03-15T11:52:00.000000000Z,9975.57644,6983.42644,-3.01356,-21.41,3.01356,1,2992.15
2024-03-15T11:53:00.000000000Z,9976.44644,6983.42644,-3.01356,-20.54,3.01356,1,2993.02
2024-03-15T11:54:00.000000000Z,9977.32644,6983.42644,-3.01356,-19.66,3.01356,1,2993.9
2024-03-15T11:55:00.000000000Z,9978.19644,6983.42644,-3.01356,-18.79,3.01356,1,2994.77
2024-03-15T11:56:00.000000000Z,9979.06644,6983.42644,-3.01356,-17.92,3.01356,1,2995.64
2024-03-15T11:57:00.000000000Z,9979.93644,6983.42644,-3.01356,-17.05,3.01356,1,2996.51
2024-03-15T11:58:00.000000000Z,9980.80644,6983.42644,-3.01356,-16.18,3.01356,1,2997.38
2024-03-15T11:59:00.000000000Z,9981.67644,6983.42644,-3.01356,-15.31,3.01356,1,2998.25
2024-03-15T12:00:00.000000000Z,9982.55644,6983.42644,-3.01356,-14.43,3.01356,1,2999.13
2024-03-15T12:01:00.000000000Z,9983.42644,6983.42644,-3.01356,-13.56,3.01356,1,3000
2024-03-15T12:02:00.000000000Z,9984.29644,6983.42644,-3.01356,-12.69,3.01356,1,3000.87
2024-03-15T12:03:00.000000000Z,9985.17644,6983.42644,-3.01356,-11.81,3.01356,1,3001.75
2024-03-15T12:04:00.000000000Z,9986.04644,6983.42644,-3.01356,-10.94,3.01356,1,3002.62
2024-03-15T12:05:00.000000000Z,9986.91644,6983.42644,-3.01356,-10.07,3.01356,1,3003.49
2024-03-15T12:06:00.000000000Z,9987.78644,6983.42644,-3.01356,-9.2,3.01356,1,3004.36
2024-03-15T12:07:00.000000000Z,9988.65644,6983.42644,-3.01356,-8.33,3.01356,1,3005.23
2024-03-15T12:08:00.000000000Z,9989.52644,6983.42644,-3.01356,-7.46,3.01356,1,3006.1
2024-03-15T12:09:00.000000000Z,9990.40644,6983.42644,-3.01356,-6.58,3.01356,1,3006.98
2024-03-15T12:10:00.000000000Z,9991.27644,6983.42644,-3.01356,-5.71,3.01356,1,3007.85
2024-03-15T12:11:00.000000000Z,9992.14644,6983.42644,-3.01356,-4.84,3.01356,1,3008.72
2024-03-15T12:12:00.000000000Z,9993.00644,6983.42644,-3.01356,-3.98,3.01356,1,3009.58
2024-03-15T12:13:00.000000000Z,9993.87644,6983.42644,-3.01356,-3.11,3.01356,1,3010.45
2024-03-15T12:14:00.000000000Z,9994.74644,6983.42644,-3.01356,-2.24,3.01356,1,3011.32
2024-03-15T12:15:00.000000000Z,9995.61644,6983.42644,-3.01356,-1.37,3.01356,1,3012.19
2024-03-15T12:16:00.000000000Z,9996.47644,6983.42644,-3.01356,-0.51,3.01356,1,3013.05
2024-03-15T12:17:00.000000000Z,9997.34644,6983.42644,-3.01356,0.36,3.01356,1,3013.92
2024-03-15T12:18:00.000000000Z,9998.20644,6983.42644,-3.01356,1.22,3.01356,1,3014.78
2024-03-15T12:19:00.000000000Z,9999.06644,6983.42644,-3.01356,2.08,3.01356,1,3015.64
2024-03-15T12:20:00.000000000Z,9999.92644,6983.42644,-3.01356,2.94,3.01356,1,3016.5
2024-03-15T12:21:00.000000000Z,10000.78644,6983.42644,-3.01356,3.8,3.01356,1,3017.36
2024-03-15T12:22:00.000000000Z,10001.64644,6983.42644,-3.01356,4.66,3.01356,1,3018.22
2024-03-15T12:23:00.000000000Z,10002.50644,6983.42644,-3.01356,5.52,3.01356,1,3019.08
2024-03-15T12:24:00.000000000Z,10003.36644,6983.42644,-3.01356,6.38,3.01356,1,3019.94
2024-03-15T12:25:00.000000000Z,10004.21644,6983.42644,-3.01356,7.23,3.01356,1,3020.79
2024-03-15T12:26:00.000000000Z,10005.06644,6983.42644,-3.01356,8.08,3.01356,1,3021.64
2024-03-15T12:27:00.000000000Z,10005.92644,6983.42644,-3.01356,8.94,3.01356,1,3022.5
2024-03-15T12:28:00.000000000Z,10006.76644,6983.42644,-3.01356,9.78,3.01356,1,3023.34
2024-03-15T12:29:00.000000000Z,10007.61644,6983.42644,-3.01356,10.63,3.01356,1,3024.19
2024-03-15T12:30:00.000000000Z,10008.46644,6983.42644,-3.01356,11.48,3.01356,1,3025.04
2024-03-15T12:31:00.000000000Z,10009.30644,6983.42644,-3.01356,12.32,3.01356,1,3025.88
2024-03-15T12:32:00.000000000Z,10010.14644,6983.42644,-3.01356,13.16,3.01356,1,3026.72
2024-03-15T12:33:00.000000000Z,10010.98644,6983.42644,-3.01356,14,3.01356,1,3027.56
2024-03-15T12:34:00.000000000Z,10011.82644,6983.42644,-3.01356,14.84,3.01356,1,3028.4
2024-03-15T12:35:00.000000000Z,10012.66644,6983.42644,-3.01356,15.68,3.01356,1,3029.24
2024-03-15T12:36:00.000000000Z,10013.49644,6983.42644,-3.01356,16.51,3.01356,1,3030.07
2024-03-15T12:37:00.000000000Z,10014.32644,6983.42644,-3.01356,17.34,3.01356,1,3030.9
2024-03-15T12:38:00.000000000Z,10015.15644,6983.42644,-3.01356,18.17,3.01356,1,3031.73
2024-03-15T12:39:00.000000000Z,10015.98644,6983.42644,-3.01356,19,3.01356,1,3032.56
2024-03-15T12:40:00.000000000Z,10016.80644,6983.42644,-3.01356,19.82,3.01356,1,3033.38
2024-03-15T12:41:00.000000000Z,10017.62644,6983.42644,-3.01356,20.64,3.01356,1,3034.2
2024-03-15T12:42:00.000000000Z,10018.44644,6983.42644,-3.01356,21.46,3.01356,1,3035.02
2024-03-15T12:43:00.000000000Z,10019.26644,6983.42644,-3.01356,22.28,3.01356,1,3035.84
2024-03-15T12:44:00.000000000Z,10020.07644,6983.42644,-3.01356,23.09,3.01356,1,3036.65
2024-03-15T12:45:00.000000000Z,10020.88644,6983.42644,-3.01356,23.9,3.01356,1,3037.46
2024-03-15T12:46:00.000000000Z,10021.69644,6983.42644,-3.01356,24.71,3.01356,1,3038.27
2024-03-15T12:47:00.000000000Z,10022.49644,6983.42644,-3.01356,25.51,3.01356,1,3039.07
2024-03-15T12:48:00.000000000Z,10023.29644,6983.42644,-3.01356,26.31,3.01356,1,3039.87
2024-03-15T12:49:00.000000000Z,10024.09644,6983.42644,-3.01356,27.11,3.01356,1,3040.67
2024-03-15T12:50:00.000000000Z,10024.89644,6983.42644,-3.01356,27.91,3.01356,1,3041.47
2024-03-15T12:51:00.000000000Z,10025.68644,6983.42644,-3.01356,28.7,3.01356,1,3042.26
2024-03-15T12:52:00.000000000Z,10026.47644,6983.42644,-3.01356,29.49,3.01356,1,3043.05
2024-03-15T12:53:00.000000000Z,10027.26644,6983.42644,-3.01356,30.28,3.01356,1,3043.84
2024-03-15T12:54:00.000000000Z,10028.04644,6983.42644,-3.01356,31.06,3.01356,1,3044.62
2024-03-15T12:55:00.000000000Z,10028.82644,6983.42644,-3.01356,31.84,3.01356,1,3045.4
2024-03-15T12:56:00.000000000Z,10029.59644,6983.42644,-3.01356,32.61,3.01356,1,3046.17
2024-03-15T12:57:00.000000000Z,10030.37644,6983.42644,-3.01356,33.39,3.01356,1,3046.95
2024-03-15T12:58:00.000000000Z,10031.14644,6983.42644,-3.01356,34.16,3.01356,1,3047.72
2024-03-15T12:59:00.000000000Z,10031.90644,6983.42644,-3.01356,34.92,3.01356,1,3048.48
2024-03-15T13:00:00.000000000Z,10032.66644,6983.42644,-3.01356,35.68,3.01356,1,3049.24
2024-03-15T13:01:00.000000000Z,10033.42644,6983.42644,-3.01356,36.44,3.01356,1,3050
2024-03-15T13:02:00.000000000Z,10034.17644,6983.42644,-3.01356,37.19,3.01356,1,3050.75
2024-03-15T13:03:00.000000000Z,10034.92644,6983.42644,-3.01356,37.94,3.01356,1,3051.5
2024-03-15T13:04:00.000000000Z,10035.67644,6983.42644,-3.01356,38.69,3.01356,1,3052.25
2024-03-15T13:05:00.000000000Z,10036.41644,6983.42644,-3.01356,39.43,3.01356,1,3052.99
2024-03-15T13:06:00.000000000Z,10037.15644,6983.42644,-3.01356,40.17,3.01356,1,3053.73
2024-03-15T13:07:00.000000000Z,10037.88644,6983.42644,-3.01356,40.9,3.01356,1,3054.46
2024-03-15T13:08:00.000000000Z,10038.61644,6983.42644,-3.01356,41.63,3.01356,1,3055.19
2024-03-15T13:09:00.000000000Z,10039.34644,6983.42644,-3.01356,42.36,3.01356,1,3055.92
2024-03-15T13:10:00.000000000Z,10040.06644,6983.42644,-3.01356,43.08,3.01356,1,3056.64
2024-03-15T13:11:00.000000000Z,10040.78644,6983.42644,-3.01356,43.8,3.01356,1,3057.36
2024-03-15T13:12:00.000000000Z,10041.49644,6983.42644,-3.01356,44.51,3.01356,1,3058.07
2024-03-15T13:13:00.000000000Z,10042.20644,6983.42644,-3.01356,45.22,3.01356,1,3058.78
2024-03-15T13:14:00.000000000Z,10042.90644,6983.42644,-3.01356,45.92,3.01356,1,3059.48
2024-03-15T13:15:00.000000000Z,10043.60644,6983.42644,-3.01356,46.62,3.01356,1,3060.18
2024-03-15T13:16:00.000000000Z,10044.30644,6983.42644,-3.01356,47.32,3.01356,1,3060.88
2024-03-15T13:17:00.000000000Z,10044.99644,6983.42644,-3.01356,48.01,3.01356,1,3061.57
2024-03-15T13:18:00.000000000Z,10045.67644,6983.42644,-3.01356,48.69,3.01356,1,3062.25
2024-03-15T13:19:00.000000000Z,10046.35644,6983.42644,-3.01356,49.37,3.01356,1,3062.93
2024-03-15T13:20:00.000000000Z,10047.03644,6983.42644,-3.01356,50.05,3.01356,1,3063.61
2024-03-15T13:21:00.000000000Z,10047.70644,6983.42644,-3.01356,50.72,3.01356,1,3064.28
2024-03-15T13:22:00.000000000Z,10048.36644,6983.42644,-3.01356,51.38,3.01356,1,3064.94
2024-03-15T13:23:00.000000000Z,10049.03644,6983.42644,-3.01356,52.05,3.01356,1,3065.61
2024-03-15T13:24:00.000000000Z,10049.68644,6983.42644,-3.01356,52.7,3.01356,1,3066.26
2024-03-15T13:25:00.000000000Z,10050.33644,6983.42644,-3.01356,53.35,3.01356,1,3066.91
2024-03-15T13:26:00.000000000Z,10050.98644,6983.42644,-3.01356,54,3.01356,1,3067.56
2024-03-15T13:27:00.000000000Z,10051.62644,6983.42644,-3.01356,54.64,3.01356,1,3068.2
2024-03-15T13:28:00.000000000Z,10052.26644,6983.42644,-3.01356,55.28,3.01356,1,3068.84
2024-03-15T13:29:00.000000000Z,10052.89644,6983.42644,-3.01356,55.91,3.01356,1,3069.47
2024-03-15T13:30:00.000000000Z,10053.51644,6983.42644,-3.01356,56.53,3.01356,1,3070.09
2024-03-15T13:31:00.000000000Z,10054.13644,6983.42644,-3.01356,57.15,3.01356,1,3070.71
2024-03-15T13:32:00.000000000Z,10054.75644,6983.42644,-3.01356,57.77,3.01356,1,3071.33
2024-03-15T13:33:00.000000000Z,10055.35644,6983.42644,-3.01356,58.37,3.01356,1,3071.93
2024-03-15T13:34:00.000000000Z,10055.96644,6983.42644,-3.01356,58.98,3.01356,1,3072.54
2024-03-15T13:35:00.000000000Z,10056.56644,6983.42644,-3.01356,59.58,3.01356,1,3073.14
2024-03-15T13:36:00.000000000Z,10057.15644,6983.42644,-3.01356,60.17,3.01356,1,3073.73
2024-03-15T13:37:00.000000000Z,10057.73644,6983.42644,-3.01356,60.75,3.01356,1,3074.31
2024-03-15T13:38:00.000000000Z,10058.32644,6983.42644,-3.01356,61.34,3.01356,1,3074.9
2024-03-15T13:39:00.000000000Z,10058.89644,6983.42644,-3.01356,61.91,3.01356,1,3075.47
2024-03-15T13:40:00.000000000Z,10059.46644,6983.42644,-3.01356,62.48,3.01356,1,3076.04
2024-03-15T13:41:00.000000000Z,10060.02644,6983.42644,-3.01356,63.04,3.01356,1,3076.6
2024-03-15T13:42:00.000000000Z,10060.58644,6983.42644,-3.01356,63.6,3.01356,1,3077.16
2024-03-15T13:43:00.000000000Z,10061.13644,6983.42644,-3.01356,64.15,3.01356,1,3077.71
2024-03-15T13:44:00.000000000Z,10061.68644,6983.42644,-3.01356,64.7,3.01356,1,3078.26
2024-03-15T13:45:00.000000000Z,10062.22644,6983.42644,-3.01356,65.24,3.01356,1,3078.8
2024-03-15T13:46:00.000000000Z,10062.76644,6983.42644,-3.01356,65.78,3.01356,1,3079.34
2024-03-15T13:47:00.000000000Z,10063.28644,6983.42644,-3.01356,66.3,3.01356,1,3079.86
2024-03-15T13:48:00.000000000Z,10063.81644,6983.42644,-3.01356,66.83,3.01356,1,3080.39
2024-03-15T13:49:00.000000000Z,10064.32644,6983.42644,-3.01356,67.34,3.01356,1,3080.9
2024-03-15T13:50:00.000000000Z,10064.83644,6983.42644,-3.01356,67.85,3.01356,1,3081.41
2024-03-15T13:51:00.000000000Z,10065.34644,6983.42644,-3.01356,68.36,3.01356,1,3081.92
2024-03-15T13:52:00.000000000Z,10065.83644,6983.42644,-3.01356,68.85,3.01356,1,3082.41
2024-03-15T13:53:00.000000000Z,10066.32644,6983.42644,-3.01356,69.34,3.01356,1,3082.9
2024-03-15T13:54:00.000000000Z,10066.81644,6983.42644,-3.01356,69.83,3.01356,1,3083.39
2024-03-15T13:55:00.000000000Z,10067.29644,6983.42644,-3.01356,70.31,3.01356,1,3083.87
2024-03-15T13:56:00.000000000Z,10067.76644,6983.42644,-3.01356,70.78,3.01356,1,3084.34
2024-03-15T13:57:00.000000000Z,10068.22644,6983.42644,-3.01356,71.24,3.01356,1,3084.8
2024-03-15T13:58:00.000000000Z,10068.68644,6983.42644,-3.01356,71.7,3.01356,1,3085.26
2024-03-15T13:59:00.000000000Z,10069.14644,6983.42644,-3.01356,72.16,3.01356,1,3085.72
2024-03-15T14:00:00.000000000Z,10069.58644,6983.42644,-3.01356,72.6,3.01356,1,3086.16
2024-03-15T14:01:00.000000000Z,10070.02644,6983.42644,-3.01356,73.04,3.01356,1,3086.6
2024-03-15T14:02:00.000000000Z,10070.46644,6983.42644,-3.01356,73.48,3.01356,1,3087.04
2024-03-15T14:03:00.000000000Z,10070.88644,6983.42644,-3.01356,73.9,3.01356,1,3087.46
2024-03-15T14:04:00.000000000Z,10071.30644,6983.42644,-3.01356,74.32,3.01356,1,3087.88
2024-03-15T14:05:00.000000000Z,10071.71644,6983.42644,-3.01356,74.73,3.01356,1,3088.29
2024-03-15T14:06:00.000000000Z,10072.12644,6983.42644,-3.01356,75.14,3.01356,1,3088.7
2024-03-15T14:07:00.000000000Z,10072.52644,6983.42644,-3.01356,75.54,3.01356,1,3089.1
2024-03-15T14:08:00.000000000Z,10072.91644,6983.42644,-3.01356,75.93,3.01356,1,3089.49
2024-03-15T14:09:00.000000000Z,10073.30644,6983.42644,-3.01356,76.32,3.01356,1,3089.88
2024-03-15T14:10:00.000000000Z,10073.68644,6983.42644,-3.01356,76.7,3.01356,1,3090.26
2024-03-15T14:11:00.000000000Z,10074.05644,6983.42644,-3.01356,77.07,3.01356,1,3090.63
2024-03-15T14:12:00.000000000Z,10074.42644,6983.42644,-3.01356,77.44,3.01356,1,3091
2024-03-15T14:13:00.000000000Z,10074.77644,6983.42644,-3.01356,77.79,3.01356,1,3091.35
2024-03-15T14:14:00.000000000Z,10075.13644,6983.42644,-3.01356,78.15,3.01356,1,3091.71
2024-03-15T14:15:00.000000000Z,10075.47644,6983.42644,-3.01356,78.49,3.01356,1,3092.05
2024-03-15T14:16:00.000000000Z,10075.81644,6983.42644,-3.01356,78.83,3.01356,1,3092.39
2024-03-15T14:17:00.000000000Z,10076.14644,6983.42644,-3.01356,79.16,3.01356,1,3092.72
2024-03-15T14:18:00.000000000Z,10076.46644,6983.42644,-3.01356,79.48,3.01356,1,3093.04
2024-03-15T14:19:00.000000000Z,10076.78644,6983.42644,-3.01356,79.8,3.01356,1,3093.36
2024-03-15T14:20:00.000000000Z,10077.09644,6983.42644,-3.01356,80.11,3.01356,1,3093.67
2024-03-15T14:21:00.000000000Z,10077.39644,6983.42644,-3.01356,80.41,3.01356,1,3093.97
2024-03-15T14:22:00.000000000Z,10077.68644,6983.42644,-3.01356,80.7,3.01356,1,3094.26
2024-03-15T14:23:00.000000000Z,10077.97644,6983.42644,-3.01356,80.99,3.01356,1,3094.55
2024-03-15T14:24:00.000000000Z,10078.25644,6983.42644,-3.01356,81.27,3.01356,1,3094.83
2024-03-15T14:25:00.000000000Z,10078.53644,6983.42644,-3.01356,81.55,3.01356,1,3095.11
2024-03-15T14:26:00.000000000Z,10078.79644,6983.42644,-3.01356,81.81,3.01356,1,3095.37
2024-03-15T14:27:00.000000000Z,10079.05644,6983.42644,-3.01356,82.07,3.01356,1,3095.63
2024-03-15T14:28:00.000000000Z,10079.30644,6983.42644,-3.01356,82.32,3.01356,1,3095.88
2024-03-15T14:29:00.000000000Z,10079.55644,6983.42644,-3.01356,82.57,3.01356,1,3096.13
2024-03-15T14:30:00.000000000Z,10079.78644,6983.42644,-3.01356,82.8,3.01356,1,3096.36
2024-03-15T14:31:00.000000000Z,10080.01644,6983.42644,-3.01356,83.03,3.01356,1,3096.59
2024-03-15T14:32:00.000000000Z,10080.23644,6983.42644,-3.01356,83.25,3.01356,1,3096.81
2024-03-15T14:33:00.000000000Z,10080.45644,6983.42644,-3.01356,83.47,3.01356,1,3097.03
2024-03-15T14:34:00.000000000Z,10080.66644,6983.42644,-3.01356,83.68,3.01356,1,3097.24
2024-03-15T14:35:00.000000000Z,10080.86644,6983.42644,-3.01356,83.88,3.01356,1,3097.44
2024-03-15T14:36:00.000000000Z,10081.05644,6983.42644,-3.01356,84.07,3.01356,1,3097.63
2024-03-15T14:37:00.000000000Z,10081.23644,6983.42644,-3.01356,84.25,3.01356,1,3097.81
2024-03-15T14:38:00.000000000Z,10081.41644,6983.42644,-3.01356,84.43,3.01356,1,3097.99
2024-03-15T14:39:00.000000000Z,10081.58644,6983.42644,-3.01356,84.6,3.01356,1,3098.16
2024-03-15T14:40:00.000000000Z,10081.75644,6983.42644,-3.01356,84.77,3.01356,1,3098.33
2024-03-15T14:41:00.000000000Z,10081.90644,6983.42644,-3.01356,84.92,3.01356,1,3098.48
2024-03-15T14:42:00.000000000Z,10082.05644,6983.42644,-3.01356,85.07,3.01356,1,3098.63
2024-03-15T14:43:00.000000000Z,10082.19644,6983.42644,-3.01356,85.21,3.01356,1,3098.77
2024-03-15T14:44:00.000000000Z,10082.32644,6983.42644,-3.01356,85.34,3.01356,1,3098.9
2024-03-15T14:45:00.000000000Z,10082.45644,6983.42644,-3.01356,85.47,3.01356,1,3099.03
2024-03-15T14:46:00.000000000Z,10082.56644,6983.42644,-3.01356,85.58,3.01356,1,3099.14
2024-03-15T14:47:00.000000000Z,10082.67644,6983.42644,-3.01356,85.69,3.01356,1,3099.25
2024-03-15T14:48:00.000000000Z,10082.78644,6983.42644,-3.01356,85.8,3.01356,1,3099.36
2024-03-15T14:49:00.000000000Z,10082.87644,6983.42644,-3.01356,85.89,3.01356,1,3099.45
2024-03-15T14:50:00.000000000Z,10082.96644,6983.42644,-3.01356,85.98,3.01356,1,3099.54
2024-03-15T14:51:00.000000000Z,10083.04644,6983.42644,-3.01356,86.06,3.01356,1,3099.62
2024-03-15T14:52:00.000000000Z,10083.11644,6983.42644,-3.01356,86.13,3.01356,1,3099.69
2024-03-15T14:53:00.000000000Z,10083.18644,6983.42644,-3.01356,86.2,3.01356,1,3099.76
2024-03-15T14:54:00.000000000Z,10083.23644,6983.42644,-3.01356,86.25,3.01356,1,3099.81
2024-03-15T14:55:00.000000000Z,10083.28644,6983.42644,-3.01356,86.3,3.01356,1,3099.86
2024-03-15T14:56:00.000000000Z,10083.32644,6983.42644,-3.01356,86.34,3.01356,1,3099.9
2024-03-15T14:57:00.000000000Z,10083.36644,6983.42644,-3.01356,86.38,3.01356,1,3099.94
2024-03-15T14:58:00.000000000Z,10083.39644,6983.42644,-3.01356,86.41,3.01356,1,3099.97
2024-03-15T14:59:00.000000000Z,10083.40644,6983.42644,-3.01356,86.42,3.01356,1,3099.98
2024-03-15T15:00:00.000000000Z,10083.42644,6983.42644,-3.01356,86.44,3.01356,1,3100
2024-03-15T15:01:00.000000000Z,10083.42644,6983.42644,-3.01356,86.44,3.01356,1,3100
2024-03-15T15:02:00.000000000Z,10083.42644,6983.42644,-3.01356,86.44,3.01356,1,3100
2024-03-15T15:03:00.000000000Z,10083.40644,6983.42644,-3.01356,86.42,3.01356,1,3099.98
2024-03-15T15:04:00.000000000Z,10083.39644,6983.42644,-3.01356,86.41,3.01356,1,3099.97
2024-03-15T15:05:00.000000000Z,10083.36644,6983.42644,-3.01356,86.38,3.01356,1,3099.94
2024-03-15T15:06:00.000000000Z,10083.32644,6983.42644,-3.01356,86.34,3.01356,1,3099.9
2024-03-15T15:07:00.000000000Z,10083.28644,6983.42644,-3.01356,86.3,3.01356,1,3099.86
2024-03-15T15:08:00.000000000Z,10083.23644,6983.42644,-3.01356,86.25,3.01356,1,3099.81
2024-03-15T15:09:00.000000000Z,10083.18644,6983.42644,-3.01356,86.2,3.01356,1,3099.76
2024-03-15T15:10:00.000000000Z,10083.11644,6983.42644,-3.01356,86.13,3.01356,1,3099.69
2024-03-15T15:11:00.000000000Z,10083.04644,6983.42644,-3.01356,86.06,3.01356,1,3099.62
2024-03-15T15:12:00.000000000Z,10082.96644,6983.42644,-3.01356,85.98,3.01356,1,3099.54
2024-03-15T15:13:00.000000000Z,10082.87644,6983.42644,-3.01356,85.89,3.01356,1,3099.45
2024-03-15T15:14:00.000000000Z,10082.78644,6983.42644,-3.01356,85.8,3.01356,1,3099.36
2024-03-15T15:15:00.000000000Z,10082.67644,6983.42644,-3.01356,85.69,3.01356,1,3099.25
2024-03-15T15:16:00.000000000Z,10082.56644,6983.42644,-3.01356,85.58,3.01356,1,3099.14
2024-03-15T15:17:00.000000000Z,10082.45644,6983.42644,-3.01356,85.47,3.01356,1,3099.03
2024-03-15T15:18:00.000000000Z,10082.32644,6983.42644,-3.01356,85.34,3.01356,1,3098.9
2024-03-15T15:19:00.000000000Z,10082.19644,6983.42644,-3.01356,85.21,3.01356,1,3098.77
2024-03-15T15:20:00.000000000Z,10082.05644,6983.42644,-3.01356,85.07,3.01356,1,3098.63
2024-03-15T15:21:00.000000000Z,10081.90644,6983.42644,-3.01356,84.92,3.01356,1,3098.48
2024-03-15T15:22:00.000000000Z,10081.75644,6983.42644,-3.01356,84.77,3.01356,1,3098.33
2024-03-15T15:23:00.000000000Z,10081.58644,6983.42644,-3.01356,84.6,3.01356,1,3098.16
2024-03-15T15:24:00.000000000Z,10081.41644,6983.42644,-3.01356,84.43,3.01356,1,3097.99
2024-03-15T15:25:00.000000000Z,10081.23644,6983.42644,-3.01356,84.25,3.01356,1,3097.81
2024-03-15T15:26:00.000000000Z,10081.05644,6983.42644,-3.01356,84.07,3.01356,1,3097.63
2024-03-15T15:27:00.000000000Z,10080.86644,6983.42644,-3.01356,83.88,3.01356,1,3097.44
2024-03-15T15:28:00.000000000Z,10080.66644,6983.42644,-3.01356,83.68,3.01356,1,3097.24
2024-03-15T15:29:00.000000000Z,10080.45644,6983.42644,-3.01356,83.47,3.01356,1,3097.03
2024-03-15T15:30:00.000000000Z,10080.23644,6983.42644,-3.01356,83.25,3.01356,1,3096.81
2024-03-15T15:31:00.000000000Z,10080.01644,6983.42644,-3.01356,83.03,3.01356,1,3096.59
2024-03-15T15:32:00.000000000Z,10079.78644,6983.42644,-3.01356,82.8,3.01356,1,3096.36
2024-03-15T15:33:00.000000000Z,10079.55644,6983.42644,-3.01356,82.57,3.01356,1,3096.13
2024-03-15T15:34:00.000000000Z,10079.30644,6983.42644,-3.01356,82.32,3.01356,1,3095.88
2024-03-15T15:35:00.000000000Z,10079.05644,6983.42644,-3.01356,82.07,3.01356,1,3095.63
2024-03-15T15:36:00.000000000Z,10078.79644,6983.42644,-3.01356,81.81,3.01356,1,3095.37
2024-03-15T15:37:00.000000000Z,10078.53644,6983.42644,-3.01356,81.55,3.01356,1,3095.11
2024-03-15T15:38:00.000000000Z,10078.25644,6983.42644,-3.01356,81.27,3.01356,1,3094.83
2024-03-15T15:39:00.000000000Z,10077.97644,6983.42644,-3.01356,80.99,3.01356,1,3094.55
2024-03-15T15:40:00.000000000Z,10077.68644,6983.42644,-3.01356,80.7,3.01356,1,3094.26
2024-03-15T15:41:00.000000000Z,10077.39644,6983.42644,-3.01356,80.41,3.01356,1,3093.97
2024-03-15T15:42:00.000000000Z,10077.09644,6983.42644,-3.01356,80.11,3.01356,1,3093.67
2024-03-15T15:43:00.000000000Z,10076.78644,6983.42644,-3.01356,79.8,3.01356,1,3093.36
2024-03-15T15:44:00.000000000Z,10076.46644,6983.42644,-3.01356,79.48,3.01356,1,3093.04
2024-03-15T15:45:00.000000000Z,10076.14644,6983.42644,-3.01356,79.16,3.01356,1,3092.72
2024-03-15T15:46:00.000000000Z,10075.81644,6983.42644,-3.01356,78.83,3.01356,1,3092.39
2024-03-15T15:47:00.000000000Z,10075.47644,6983.42644,-3.01356,78.49,3.01356,1,3092.05
2024-03-15T15:48:00.000000000Z,10075.13644,6983.42644,-3.01356,78.15,3.01356,1,3091.71
2024-03-15T15:49:00.000000000Z,10074.77644,6983.42644,-3.01356,77.79,3.01356,1,3091.35
2024-03-15T15:50:00.000000000Z,10074.42644,6983.42644,-3.01356,77.44,3.01356,1,3091
2024-03-15T15:51:00.000000000Z,10074.05644,6983.42644,-3.01356,77.07,3.01356,1,3090.63
2024-03-15T15:52:00.000000000Z,10073.68644,6983.42644,-3.01356,76.7,3.01356,1,3090.26
2024-03-15T15:53:00.000000000Z,10073.30644,6983.42644,-3.01356,76.32,3.01356,1,3089.88
2024-03-15T15:54:00.000000000Z,10072.91644,6983.42644,-3.01356,75.93,3.01356,1,3089.49
2024-03-15T15:55:00.000000000Z,10072.52644,6983.42644,-3.01356,75.54,3.01356,1,3089.1
2024-03-15T15:56:00.000000000Z,10072.12644,6983.42644,-3.01356,75.14,3.01356,1,3088.7
2024-03-15T15:57:00.000000000Z,10071.71644,6983.42644,-3.01356,74.73,3.01356,1,3088.29
2024-03-15T15:58:00.000000000Z,10071.30644,6983.42644,-3.01356,74.32,3.01356,1,3087.88
2024-03-15T15:59:00.000000000Z,10070.88644,6983.42644,-3.01356,73.9,3.01356,1,3087.46
2024-03-15T16:00:00.000000000Z,10070.46644,6983.42644,-3.01356,73.48,3.01356,1,3087.04
2024-03-15T16:01:00.000000000Z,10070.02644,6983.42644,-3.01356,73.04,3.01356,1,3086.6
2024-03-15T16:02:00.000000000Z,10069.58644,6983.42644,-3.01356,72.6,3.01356,1,3086.16
2024-03-15T16:03:00.000000000Z,10069.14644,6983.42644,-3.01356,72.16,3.01356,1,3085.72
2024-03-15T16:04:00.000000000Z,10068.68644,6983.42644,-3.01356,71.7,3.01356,1,3085.26
2024-03-15T16:05:00.000000000Z,10068.22644,6983.42644,-3.01356,71.24,3.01356,1,3084.8
2024-03-15T16:06:00.000000000Z,10067.76644,6983.42644,-3.01356,70.78,3.01356,1,3084.34
2024-03-15T16:07:00.000000000Z,10067.29644,6983.42644,-3.01356,70.31,3.01356,1,3083.87
2024-03-15T16:08:00.000000000Z,10066.81644,6983.42644,-3.01356,69.83,3.01356,1,3083.39
2024-03-15T16:09:00.000000000Z,10066.32644,6983.42644,-3.01356,69.34,3.01356,1,3082.9
2024-03-15T16:10:00.000000000Z,10065.83644,6983.42644,-3.01356,68.85,3.01356,1,3082.41
2024-03-15T16:11:00.000000000Z,10065.34644,6983.42644,-3.01356,68.36,3.01356,1,3081.92
2024-03-15T16:12:00.000000000Z,10064.83644,6983.42644,-3.01356,67.85,3.01356,1,3081.41
2024-03-15T16:13:00.000000000Z,10064.32644,6983.42644,-3.01356,67.34,3.01356,1,3080.9
2024-03-15T16:14:00.000000000Z,10063.81644,6983.42644,-3.01356,66.83,3.01356,1,3080.39
2024-03-15T16:15:00.000000000Z,10063.28644,6983.42644,-3.01356,66.3,3.01356,1,3079.86
2024-03-15T16:16:00.000000000Z,10062.76644,6983.42644,-3.01356,65.78,3.01356,1,3079.34
2024-03-15T16:17:00.000000000Z,10062.22644,6983.42644,-3.01356,65.24,3.01356,1,3078.8
2024-03-15T16:18:00.000000000Z,10061.68644,6983.42644,-3.01356,64.7,3.01356,1,3078.26
2024-03-15T16:19:00.000000000Z,10061.13644,6983.42644,-3.01356,64.15,3.01356,1,3077.71
2024-03-15T16:20:00.000000000Z,10060.58644,6983.42644,-3.01356,63.6,3.01356,1,3077.16
2024-03-15T16:21:00.000000000Z,10060.02644,6983.42644,-3.01356,63.04,3.01356,1,3076.6
2024-03-15T16:22:00.000000000Z,10059.46644,6983.42644,-3.01356,62.48,3.01356,1,3076.04
2024-03-15T16:23:00.000000000Z,10058.89644,6983.42644,-3.01356,61.91,3.01356,1,3075.47
2024-03-15T16:24:00.000000000Z,10058.32644,6983.42644,-3.01356,61.34,3.01356,1,3074.9
2024-03-15T16:25:00.000000000Z,10057.73644,6983.42644,-3.01356,60.75,3.01356,1,3074.31
2024-03-15T16:26:00.000000000Z,10057.15644,6983.42644,-3.01356,60.17,3.01356,1,3073.73
2024-03-15T16:27:00.000000000Z,10056.56644,6983.42644,-3.01356,59.58,3.01356,1,3073.14
2024-03-15T16:28:00.000000000Z,10055.96644,6983.42644,-3.01356,58.98,3.01356,1,3072.54
2024-03-15T16:29:00.000000000Z,10055.35644,6983.42644,-3.01356,58.37,3.01356,1,3071.93
2024-03-15T16:30:00.000000000Z,10054.75644,6983.42644,-3.01356,57.77,3.01356,1,3071.33
2024-03-15T16:31:00.000000000Z,10054.13644,6983.42644,-3.01356,57.15,3.01356,1,3070.71
2024-03-15T16:32:00.000000000Z,10053.51644,6983.42644,-3.01356,56.53,3.01356,1,3070.09
2024-03-15T16:33:00.000000000Z,10052.89644,6983.42644,-3.01356,55.91,3.01356,1,3069.47
2024-03-15T16:34:00.000000000Z,10052.26644,6983.42644,-3.01356,55.28,3.01356,1,3068.84
2024-03-15T16:35:00.000000000Z,10051.62644,6983.42644,-3.01356,54.64,3.01356,1,3068.2
2024-03-15T16:36:00.000000000Z,10050.98644,6983.42644,-3.01356,54,3.01356,1,3067.56
2024-03-15T16:37:00.000000000Z,10050.33644,6983.42644,-3.01356,53.35,3.01356,1,3066.91
2024-03-15T16:38:00.000000000Z,10049.68644,6983.42644,-3.01356,52.7,3.01356,1,3066.26
2024-03-15T16:39:00.000000000Z,10049.03644,6983.42644,-3.01356,52.05,3.01356,1,3065.61
2024-03-15T16:40:00.000000000Z,10048.36644,6983.42644,-3.01356,51.38,3.01356,1,3064.94
2024-03-15T16:41:00.000000000Z,10047.70644,6983.42644,-3.01356,50.72,3.01356,1,3064.28
2024-03-15T16:42:00.000000000Z,10047.03644,6983.42644,-3.01356,50.05,3.01356,1,3063.61
2024-03-15T16:43:00.000000000Z,10046.35644,6983.42644,-3.01356,49.37,3.01356,1,3062.93
2024-03-15T16:44:00.000000000Z,10045.67644,6983.42644,-3.01356,48.69,3.01356,1,3062.25
2024-03-15T16:45:00.000000000Z,10044.99644,6983.42644,-3.01356,48.01,3.01356,1,3061.57
2024-03-15T16:46:00.000000000Z,10044.30644,6983.42644,-3.01356,47.32,3.01356,1,3060.88
2024-03-15T16:47:00.000000000Z,10043.60644,6983.42644,-3.01356,46.62,3.01356,1,3060.18
2024-03-15T16:48:00.000000000Z,10042.90644,6983.42644,-3.01356,45.92,3.01356,1,3059.48
2024-03-15T16:49:00.000000000Z,10042.20644,6983.42644,-3.01356,45.22,3.01356,1,3058.78
2024-03-15T16:50:00.000000000Z,10041.49644,6983.42644,-3.01356,44.51,3.01356,1,3058.07
2024-03-15T16:51:00.000000000Z,10040.78644,6983.42644,-3.01356,43.8,3.01356,1,3057.36
2024-03-15T16:52:00.000000000Z,10040.06644,6983.42644,-3.01356,43.08,3.01356,1,3056.64
2024-03-15T16:53:00.000000000Z,10039.34644,6983.42644,-3.01356,42.36,3.01356,1,3055.92
2024-03-15T16:54:00.000000000Z,10038.61644,6983.42644,-3.01356,41.63,3.01356,1,3055.19
2024-03-15T16:55:00.000000000Z,10037.88644,6983.42644,-3.01356,40.9,3.01356,1,3054.46
2024-03-15T16:56:00.000000000Z,10037.15644,6983.42644,-3.01356,40.17,3.01356,1,3053.73
2024-03-15T16:57:00.000000000Z,10036.41644,6983.42644,-3.01356,39.43,3.01356,1,3052.99
2024-03-15T16:58:00.000000000Z,10035.67644,6983.42644,-3.01356,38.69,3.01356,1,3052.25
2024-03-15T16:59:00.000000000Z,10034.92644,6983.42644,-3.01356,37.94,3.01356,1,3051.5
2024-03-15T17:00:00.000000000Z,10034.17644,6983.42644,-3.01356,37.19,3.01356,1,3050.75
2024-03-15T17:01:00.000000000Z,10033.42644,6983.42644,-3.01356,36.44,3.01356,1,3050
2024-03-15T17:02:00.000000000Z,10032.66644,6983.42644,-3.01356,35.68,3.01356,1,3049.24
2024-03-15T17:03:00.000000000Z,10031.90644,6983.42644,-3.01356,34.92,3.01356,1,3048.48
2024-03-15T17:04:00.000000000Z,10031.14644,6983.42644,-3.01356,34.16,3.01356,1,3047.72
2024-03-15T17:05:00.000000000Z,10030.37644,6983.42644,-3.01356,33.39,3.01356,1,3046.95
2024-03-15T17:06:00.000000000Z,10029.59644,6983.42644,-3.01356,32.61,3.01356,1,3046.17
2024-03-15T17:07:00.000000000Z,10028.82644,6983.42644,-3.01356,31.84,3.01356,1,3045.4
2024-03-15T17:08:00.000000000Z,10028.04644,6983.42644,-3.01356,31.06,3.01356,1,3044.62
2024-03-15T17:09:00.000000000Z,10027.26644,6983.42644,-3.01356,30.28,3.01356,1,3043.84
2024-03-15T17:10:00.000000000Z,10026.47644,6983.42644,-3.01356,29.49,3.01356,1,3043.05
2024-03-15T17:11:00.000000000Z,10025.68644,6983.42644,-3.01356,28.7,3.01356,1,3042.26
2024-03-15T17:12:00.000000000Z,10024.89644,6983.42644,-3.01356,27.91,3.01356,1,3041.47
2024-03-15T17:13:00.000000000Z,10024.09644,6983.42644,-3.01356,27.11,3.01356,1,3040.67
2024-03-15T17:14:00.000000000Z,10023.29644,6983.42644,-3.01356,26.31,3.01356,1,3039.87
2024-03-15T17:15:00.000000000Z,10022.49644,6983.42644,-3.01356,25.51,3.01356,1,3039.07
2024-03-15T17:16:00.000000000Z,10021.69644,6983.42644,-3.01356,24.71,3.01356,1,3038.27
2024-03-15T17:17:00.000000000Z,10020.88644,6983.42644,-3.01356,23.9,3.01356,1,3037.46
2024-03-15T17:18:00.000000000Z,10020.07644,6983.42644,-3.01356,23.09,3.01356,1,3036.65
2024-03-15T17:19:00.000000000Z,10019.26644,6983.42644,-3.01356,22.28,3.01356,1,3035.84
2024-03-15T17:20:00.000000000Z,10018.44644,6983.42644,-3.01356,21.46,3.01356,1,3035.02
2024-03-15T17:21:00.000000000Z,10017.62644,6983.42644,-3.01356,20.64,3.01356,1,3034.2
2024-03-15T17:22:00.000000000Z,10016.80644,6983.42644,-3.01356,19.82,3.01356,1,3033.38
2024-03-15T17:23:00.000000000Z,10015.98644,6983.42644,-3.01356,19,3.01356,1,3032.56
2024-03-15T17:24:00.000000000Z,10015.15644,6983.42644,-3.01356,18.17,3.01356,1,3031.73
2024-03-15T17:25:00.000000000Z,10014.32644,6983.42644,-3.01356,17.34,3.01356,1,3030.9
2024-03-15T17:26:00.000000000Z,10013.49644,6983.42644,-3.01356,16.51,3.01356,1,3030.07
2024-03-15T17:27:00.000000000Z,10012.66644,6983.42644,-3.01356,15.68,3.01356,1,3029.24
2024-03-15T17:28:00.000000000Z,10011.82644,6983.42644,-3.01356,14.84,3.01356,1,3028.4
2024-03-15T17:29:00.000000000Z,10010.98644,6983.42644,-3.01356,14,3.01356,1,3027.56
2024-03-15T17:30:00.000000000Z,10010.14644,6983.42644,-3.01356,13.16,3.01356,1,3026.72
2024-03-15T17:31:00.000000000Z,10009.30644,6983.42644,-3.01356,12.32,3.01356,1,3025.88
2024-03-15T17:32:00.000000000Z,10008.46644,6983.42644,-3.01356,11.48,3.01356,1,3025.04
2024-03-15T17:33:00.000000000Z,10007.61644,6983.42644,-3.01356,10.63,3.01356,1,3024.19
2024-03-15T17:34:00.000000000Z,10006.76644,6983.42644,-3.01356,9.78,3.01356,1,3023.34
2024-03-15T17:35:00.000000000Z,10005.92644,6983.42644,-3.01356,8.94,3.01356,1,3022.5
2024-03-15T17:36:00.000000000Z,10005.06644,6983.42644,-3.01356,8.08,3.01356,1,3021.64
2024-03-15T17:37:00.000000000Z,10004.21644,6983.42644,-3.01356,7.23,3.01356,1,3020.79
2024-03-15T17:38:00.000000000Z,10003.36644,6983.42644,-3.01356,6.38,3.01356,1,3019.94
2024-03-15T17:39:00.000000000Z,10002.50644,6983.42644,-3.01356,5.52,3.01356,1,3019.08
2024-03-15T17:40:00.000000000Z,10001.64644,6983.42644,-3.01356,4.66,3.01356,1,3018.22
2024-03-15T17:41:00.000000000Z,10000.78644,6983.42644,-3.01356,3.8,3.01356,1,3017.36
2024-03-15T17:42:00.000000000Z,9999.92644,6983.42644,-3.01356,2.94,3.01356,1,3016.5
2024-03-15T17:43:00.000000000Z,9999.06644,6983.42644,-3.01356,2.08,3.01356,1,3015.64
2024-03-15T17:44:00.000000000Z,9998.20644,6983.42644,-3.01356,1.22,3.01356,1,3014.78
2024-03-15T17:45:00.000000000Z,9997.34644,6983.42644,-3.01356,0.36,3.01356,1,3013.92
2024-03-15T17:46:00.000000000Z,9996.47644,6983.42644,-3.01356,-0.51,3.01356,1,3013.05
2024-03-15T17:47:00.000000000Z,9995.61644,6983.42644,-3.01356,-1.37,3.01356,1,3012.19
2024-03-15T17:48:00.000000000Z,9994.74644,6983.42644,-3.01356,-2.24,3.01356,1,3011.32
2024-03-15T17:49:00.000000000Z,9993.87644,6983.42644,-3.01356,-3.11,3.01356,1,3010.45
2024-03-15T17:50:00.000000000Z,9993.00644,6983.42644,-3.01356,-3.98,3.01356,1,3009.58
2024-03-15T17:51:00.000000000Z,9992.14644,6983.42644,-3.01356,-4.84,3.01356,1,3008.72
2024-03-15T17:52:00.000000000Z,9991.27644,6983.42644,-3.01356,-5.71,3.01356,1,3007.85
2024-03-15T17:53:00.000000000Z,9990.40644,6983.42644,-3.01356,-6.58,3.01356,1,3006.98
2024-03-15T17:54:00.000000000Z,9989.52644,6983.42644,-3.01356,-7.46,3.01356,1,3006.1
2024-03-15T17:55:00.000000000Z,9988.65644,6983.42644,-3.01356,-8.33,3.01356,1,3005.23
2024-03-15T17:56:00.000000000Z,9987.78644,6983.42644,-3.01356,-9.2,3.01356,1,3004.36
2024-03-15T17:57:00.000000000Z,9986.91644,6983.42644,-3.01356,-10.07,3.01356,1,3003.49
2024-03-15T17:58:00.000000000Z,9986.04644,6983.42644,-3.01356,-10.94,3.01356,1,3002.62
2024-03-15T17:59:00.000000000Z,9985.17644,6983.42644,-3.01356,-11.81,3.01356,1,3001.75
2024-03-15T18:00:00.000000000Z,9984.29644,6983.42644,-3.01356,-12.69,3.01356,1,3000.87
2024-03-15T18:01:00.000000000Z,9983.42644,6983.42644,-3.01356,-13.56,3.01356,1,3000
2024-03-15T18:02:00.000000000Z,9982.55644,6983.42644,-3.01356,-14.43,3.01356,1,2999.13
2024-03-15T18:03:00.000000000Z,9981.67644,6983.42644,-3.01356,-15.31,3.01356,1,2998.25
2024-03-15T18:04:00.000000000Z,9980.80644,6983.42644,-3.01356,-16.18,3.01356,1,2997.38
2024-03-15T18:05:00.000000000Z,9979.93644,6983.42644,-3.01356,-17.05,3.01356,1,2996.51
2024-03-15T18:06:00.000000000Z,9979.06644,6983.42644,-3.01356,-17.92,3.01356,1,2995.64
2024-03-15T18:07:00.000000000Z,9978.19644,6983.42644,-3.01356,-18.79,3.01356,1,2994.77
2024-03-15T18:08:00.000000000Z,9977.32644,6983.42644,-3.01356,-19.66,3.01356,1,2993.9
2024-03-15T18:09:00.000000000Z,9976.44644,6983.42644,-3.01356,-20.54,3.01356,1,2993.02
2024-03-15T18:10:00.000000000Z,9975.57644,6983.42644,-3.01356,-21.41,3.01356,1,2992.15
2024-03-15T18:11:00.000000000Z,9974.70644,6983.42644,-3.01356,-22.28,3.01356,1,2991.28
2024-03-15T18:12:00.000000000Z,9973.84644,6983.42644,-3.01356,-23.14,3.01356,1,2990.42
2024-03-15T18:13:00.000000000Z,9972.97644,6983.42644,-3.01356,-24.01,3.01356,1,2989.55
2024-03-15T18:14:00.000000000Z,9972.10644,6983.42644,-3.01356,-24.88,3.01356,1,2988.68
2024-03-15T18:15:00.000000000Z,9971.23644,6983.42644,-3.01356,-25.75,3.01356,1,2987.81
2024-03-15T18:16:00.000000000Z,9970.37644,6983.42644,-3.01356,-26.61,3.01356,1,2986.95
2024-03-15T18:17:00.000000000Z,9969.50644,6983.42644,-3.01356,-27.48,3.01356,1,2986.08
2024-03-15T18:18:00.000000000Z,9968.64644,6983.42644,-3.01356,-28.34,3.01356,1,2985.22
2024-03-15T18:19:00.000000000Z,9967.78644,6983.42644,-3.01356,-29.2,3.01356,1,2984.36
2024-03-15T18:20:00.000000000Z,9966.92644,6983.42644,-3.01356,-30.06,3.01356,1,2983.5
2024-03-15T18:21:00.000000000Z,9966.06644,6983.42644,-3.01356,-30.92,3.01356,1,2982.64
2024-03-15T18:22:00.000000000Z,9965.20644,6983.42644,-3.01356,-31.78,3.01356,1,2981.78
2024-03-15T18:23:00.000000000Z,9964.34644,6983.42644,-3.01356,-32.64,3.01356,1,2980.92
2024-03-15T18:24:00.000000000Z,9963.48644,6983.42644,-3.01356,-33.5,3.01356,1,2980.06
2024-03-15T18:25:00.000000000Z,9962.63644,6983.42644,-3.01356,-34.35,3.01356,1,2979.21
2024-03-15T18:26:00.000000000Z,9961.78644,6983.42644,-3.01356,-35.2,3.01356,1,2978.36
2024-03-15T18:27:00.000000000Z,9960.92644,6983.42644,-3.01356,-36.06,3.01356,1,2977.5
2024-03-15T18:28:00.000000000Z,9960.08644,6983.42644,-3.01356,-36.9,3.01356,1,2976.66
2024-03-15T18:29:00.000000000Z,9959.23644,6983.42644,-3.01356,-37.75,3.01356,1,2975.81
2024-03-15T18:30:00.000000000Z,9958.38644,6983.42644,-3.01356,-38.6,3.01356,1,2974.96
2024-03-15T18:31:00.000000000Z,9957.54644,6983.42644,-3.01356,-39.44,3.01356,1,2974.12
2024-03-15T18:32:00.000000000Z,9956.70644,6983.42644,-3.01356,-40.28,3.01356,1,2973.28
2024-03-15T18:33:00.000000000Z,9955.86644,6983.42644,-3.01356,-41.12,3.01356,1,2972.44
2024-03-15T18:34:00.000000000Z,9955.02644,6983.42644,-3.01356,-41.96,3.01356,1,2971.6
2024-03-15T18:35:00.000000000Z,9954.18644,6983.42644,-3.01356,-42.8,3.01356,1,2970.76
2024-03-15T18:36:00.000000000Z,9953.35644,6983.42644,-3.01356,-43.63,3.01356,1,2969.93
2024-03-15T18:37:00.000000000Z,9952.52644,6983.42644,-3.01356,-44.46,3.01356,1,2969.1
2024-03-15T18:38:00.000000000Z,9951.69644,6983.42644,-3.01356,-45.29,3.01356,1,2968.27
2024-03-15T18:39:00.000000000Z,9950.86644,6983.42644,-3.01356,-46.12,3.01356,1,2967.44
2024-03-15T18:40:00.000000000Z,9950.04644,6983.42644,-3.01356,-46.94,3.01356,1,2966.62
2024-03-15T18:41:00.000000000Z,9949.22644,6983.42644,-3.01356,-47.76,3.01356,1,2965.8
2024-03-15T18:42:00.000000000Z,9948.40644,6983.42644,-3.01356,-48.58,3.01356,1,2964.98
2024-03-15T18:43:00.000000000Z,9947.58644,6983.42644,-3.01356,-49.4,3.01356,1,2964.16
2024-03-15T18:44:00.000000000Z,9946.77644,6983.42644,-3.01356,-50.21,3.01356,1,2963.35
2024-03-15T18:45:00.000000000Z,9945.96644,6983.42644,-3.01356,-51.02,3.01356,1,2962.54
2024-03-15T18:46:00.000000000Z,9945.15644,6983.42644,-3.01356,-51.83,3.01356,1,2961.73
2024-03-15T18:47:00.000000000Z,9944.35644,6983.42644,-3.01356,-52.63,3.01356,1,2960.93
2024-03-15T18:48:00.000000000Z,9943.55644,6983.42644,-3.01356,-53.43,3.01356,1,2960.13
2024-03-15T18:49:00.000000000Z,9942.75644,6983.42644,-3.01356,-54.23,3.01356,1,2959.33
2024-03-15T18:50:00.000000000Z,9941.95644,6983.42644,-3.01356,-55.03,3.01356,1,2958.53
2024-03-15T18:51:00.000000000Z,9941.16644,6983.42644,-3.01356,-55.82,3.01356,1,2957.74
2024-03-15T18:52:00.000000000Z,9940.37644,6983.42644,-3.01356,-56.61,3.01356,1,2956.95
2024-03-15T18:53:00.000000000Z,9939.58644,6983.42644,-3.01356,-57.4,3.01356,1,2956.16
2024-03-15T18:54:00.000000000Z,9938.80644,6983.42644,-3.01356,-58.18,3.01356,1,2955.38
2024-03-15T18:55:00.000000000Z,9938.02644,6983.42644,-3.01356,-58.96,3.01356,1,2954.6
2024-03-15T18:56:00.000000000Z,9937.25644,6983.42644,-3.01356,-59.73,3.01356,1,2953.83
2024-03-15T18:57:00.000000000Z,9936.47644,6983.42644,-3.01356,-60.51,3.01356,1,2953.05
2024-03-15T18:58:00.000000000Z,9935.70644,6983.42644,-3.01356,-61.28,3.01356,1,2952.28
2024-03-15T18:59:00.000000000Z,9934.94644,6983.42644,-3.01356,-62.04,3.01356,1,2951.52
2024-03-15T19:00:00.000000000Z,9934.18644,6983.42644,-3.01356,-62.8,3.01356,1,2950.76
2024-03-15T19:01:00.000000000Z,9933.42644,6983.42644,-3.01356,-63.56,3.01356,1,2950
2024-03-15T19:02:00.000000000Z,9932.67644,6983.42644,-3.01356,-64.31,3.01356,1,2949.25
2024-03-15T19:03:00.000000000Z,9931.92644,6983.42644,-3.01356,-65.06,3.01356,1,2948.5
2024-03-15T19:04:00.000000000Z,9931.17644,6983.42644,-3.01356,-65.81,3.01356,1,2947.75
2024-03-15T19:05:00.000000000Z,9930.43644,6983.42644,-3.01356,-66.55,3.01356,1,2947.01
2024-03-15T19:06:00.000000000Z,9929.69644,6983.42644,-3.01356,-67.29,3.01356,1,2946.27
2024-03-15T19:07:00.000000000Z,9928.96644,6983.42644,-3.01356,-68.02,3.01356,1,2945.54
2024-03-15T19:08:00.000000000Z,9928.23644,6983.42644,-3.01356,-68.75,3.01356,1,2944.81
2024-03-15T19:09:00.000000000Z,9927.50644,6983.42644,-3.01356,-69.48,3.01356,1,2944.08
2024-03-15T19:10:00.000000000Z,9926.78644,6983.42644,-3.01356,-70.2,3.01356,1,2943.36
2024-03-15T19:11:00.000000000Z,9926.06644,6983.42644,-3.01356,-70.92,3.01356,1,2942.64
2024-03-15T19:12:00.000000000Z,9925.35644,6983.42644,-3.01356,-71.63,3.01356,1,2941.93
2024-03-15T19:13:00.000000000Z,9924.64644,6983.42644,-3.01356,-72.34,3.01356,1,2941.22
2024-03-15T19:14:00.000000000Z,9923.94644,6983.42644,-3.01356,-73.04,3.01356,1,2940.52
2024-03-15T19:15:00.000000000Z,9923.24644,6983.42644,-3.01356,-73.74,3.01356,1,2939.82
2024-03-15T19:16:00.000000000Z,9922.54644,6983.42644,-3.01356,-74.44,3.01356,1,2939.12
2024-03-15T19:17:00.000000000Z,9921.85644,6983.42644,-3.01356,-75.13,3.01356,1,2938.43
2024-03-15T19:18:00.000000000Z,9921.17644,6983.42644,-3.01356,-75.81,3.01356,1,2937.75
2024-03-15T19:19:00.000000000Z,9920.49644,6983.42644,-3.01356,-76.49,3.01356,1,2937.07
2024-03-15T19:20:00.000000000Z,9919.81644,6983.42644,-3.01356,-77.17,3.01356,1,2936.39
2024-03-15T19:21:00.000000000Z,9919.14644,6983.42644,-3.01356,-77.84,3.01356,1,2935.72
2024-03-15T19:22:00.000000000Z,9918.48644,6983.42644,-3.01356,-78.5,3.01356,1,2935.06
2024-03-15T19:23:00.000000000Z,9917.81644,6983.42644,-3.01356,-79.17,3.01356,1,2934.39
2024-03-15T19:24:00.000000000Z,9917.16644,6983.42644,-3.01356,-79.82,3.01356,1,2933.74
2024-03-15T19:25:00.000000000Z,9916.51644,6983.42644,-3.01356,-80.47,3.01356,1,2933.09
2024-03-15T19:26:00.000000000Z,9915.86644,6983.42644,-3.01356,-81.12,3.01356,1,2932.44
2024-03-15T19:27:00.000000000Z,9915.22644,6983.42644,-3.01356,-81.76,3.01356,1,2931.8
2024-03-15T19:28:00.000000000Z,9914.58644,6983.42644,-3.01356,-82.4,3.01356,1,2931.16
2024-03-15T19:29:00.000000000Z,9913.95644,6983.42644,-3.01356,-83.03,3.01356,1,2930.53
2024-03-15T19:30:00.000000000Z,9913.33644,6983.42644,-3.01356,-83.65,3.01356,1,2929.91
2024-03-15T19:31:00.000000000Z,9912.71644,6983.42644,-3.01356,-84.27,3.01356,1,2929.29
2024-03-15T19:32:00.000000000Z,9912.09644,6983.42644,-3.01356,-84.89,3.01356,1,2928.67
2024-03-15T19:33:00.000000000Z,9911.49644,6983.42644,-3.01356,-85.49,3.01356,1,2928.07
2024-03-15T19:34:00.000000000Z,9910.88644,6983.42644,-3.01356,-86.1,3.01356,1,2927.46
2024-03-15T19:35:00.000000000Z,9910.28644,6983.42644,-3.01356,-86.7,3.01356,1,2926.86
2024-03-15T19:36:00.000000000Z,9909.69644,6983.42644,-3.01356,-87.29,3.01356,1,2926.27
2024-03-15T19:37:00.000000000Z,9909.11644,6983.42644,-3.01356,-87.87,3.01356,1,2925.69
2024-03-15T19:38:00.000000000Z,9908.52644,6983.42644,-3.01356,-88.46,3.01356,1,2925.1
2024-03-15T19:39:00.000000000Z,9907.95644,6983.42644,-3.01356,-89.03,3.01356,1,2924.53
2024-03-15T19:40:00.000000000Z,9907.38644,6983.42644,-3.01356,-89.6,3.01356,1,2923.96
2024-03-15T19:41:00.000000000Z,9906.82644,6983.42644,-3.01356,-90.16,3.01356,1,2923.4
2024-03-15T19:42:00.000000000Z,9906.26644,6983.42644,-3.01356,-90.72,3.01356,1,2922.84
2024-03-15T19:43:00.000000000Z,9905.71644,6983.42644,-3.01356,-91.27,3.01356,1,2922.29
2024-03-15T19:44:00.000000000Z,9905.16644,6983.42644,-3.01356,-91.82,3.01356,1,2921.74
2024-03-15T19:45:00.000000000Z,9904.62644,6983.42644,-3.01356,-92.36,3.01356,1,2921.2
2024-03-15T19:46:00.000000000Z,9904.08644,6983.42644,-3.01356,-92.9,3.01356,1,2920.66
2024-03-15T19:47:00.000000000Z,9903.56644,6983.42644,-3.01356,-93.42,3.01356,1,2920.14
2024-03-15T19:48:00.000000000Z,9903.03644,6983.42644,-3.01356,-93.95,3.01356,1,2919.61
2024-03-15T19:49:00.000000000Z,9902.52644,6983.42644,-3.01356,-94.46,3.01356,1,2919.1
2024-03-15T19:50:00.000000000Z,9902.01644,6983.42644,-3.01356,-94.97,3.01356,1,2918.59
2024-03-15T19:51:00.000000000Z,9901.50644,6983.42644,-3.01356,-95.48,3.01356,1,2918.08
2024-03-15T19:52:00.000000000Z,9901.01644,6983.42644,-3.01356,-95.97,3.01356,1,2917.59
2024-03-15T19:53:00.000000000Z,9900.52644,6983.42644,-3.01356,-96.46,3.01356,1,2917.1
2024-03-15T19:54:00.000000000Z,9900.03644,6983.42644,-3.01356,-96.95,3.01356,1,2916.61
2024-03-15T19:55:00.000000000Z,9899.55644,6983.42644,-3.01356,-97.43,3.01356,1,2916.13
2024-03-15T19:56:00.000000000Z,9899.08644,6983.42644,-3.01356,-97.9,3.01356,1,2915.66
2024-03-15T19:57:00.000000000Z,9898.62644,6983.42644,-3.01356,-98.36,3.01356,1,2915.2
2024-03-15T19:58:00.000000000Z,9898.16644,6983.42644,-3.01356,-98.82,3.01356,1,2914.74
2024-03-15T19:59:00.000000000Z,9897.70644,6983.42644,-3.01356,-99.28,3.01356,1,2914.28
2024-03-15T20:00:00.000000000Z,9897.26644,6983.42644,-3.01356,-99.72,3.01356,1,2913.84
2024-03-15T20:01:00.000000000Z,9896.82644,6983.42644,-3.01356,-100.16,3.01356,1,2913.4
2024-03-15T20:02:00.000000000Z,9896.38644,6983.42644,-3.01356,-100.6,3.01356,1,2912.96
2024-03-15T20:03:00.000000000Z,9895.96644,6983.42644,-3.01356,-101.02,3.01356,1,2912.54
2024-03-15T20:04:00.000000000Z,9895.54644,6983.42644,-3.01356,-101.44,3.01356,1,2912.12
2024-03-15T20:05:00.000000000Z,9895.13644,6983.42644,-3.01356,-101.85,3.01356,1,2911.71
2024-03-15T20:06:00.000000000Z,9894.72644,6983.42644,-3.01356,-102.26,3.01356,1,2911.3
2024-03-15T20:07:00.000000000Z,9894.32644,6983.42644,-3.01356,-102.66,3.01356,1,2910.9
2024-03-15T20:08:00.000000000Z,9893.93644,6983.42644,-3.01356,-103.05,3.01356,1,2910.51
2024-03-15T20:09:00.000000000Z,9893.54644,6983.42644,-3.01356,-103.44,3.01356,1,2910.12
2024-03-15T20:10:00.000000000Z,9893.16644,6983.42644,-3.01356,-103.82,3.01356,1,2909.74
2024-03-15T20:11:00.000000000Z,9892.79644,6983.42644,-3.01356,-104.19,3.01356,1,2909.37
2024-03-15T20:12:00.000000000Z,9892.42644,6983.42644,-3.01356,-104.56,3.01356,1,2909
2024-03-15T20:13:00.000000000Z,9892.07644,6983.42644,-3.01356,-104.91,3.01356,1,2908.65
2024-03-15T20:14:00.000000000Z,9891.71644,6983.42644,-3.01356,-105.27,3.01356,1,2908.29
2024-03-15T20:15:00.000000000Z,9891.37644,6983.42644,-3.01356,-105.61,3.01356,1,2907.95
2024-03-15T20:16:00.000000000Z,9891.03644,6983.42644,-3.01356,-105.95,3.01356,1,2907.61
2024-03-15T20:17:00.000000000Z,9890.70644,6983.42644,-3.01356,-106.28,3.01356,1,2907.28
2024-03-15T20:18:00.000000000Z,9890.38644,6983.42644,-3.01356,-106.6,3.01356,1,2906.96
2024-03-15T20:19:00.000000000Z,9890.06644,6983.42644,-3.01356,-106.92,3.01356,1,2906.64
2024-03-15T20:20:00.000000000Z,9889.75644,6983.42644,-3.01356,-107.23,3.01356,1,2906.33
2024-03-15T20:21:00.000000000Z,9889.45644,6983.42644,-3.01356,-107.53,3.01356,1,2906.03
2024-03-15T20:22:00.000000000Z,9889.16644,6983.42644,-3.01356,-107.82,3.01356,1,2905.74
2024-03-15T20:23:00.000000000Z,9888.87644,6983.42644,-3.01356,-108.11,3.01356,1,2905.45
2024-03-15T20:24:00.000000000Z,9888.59644,6983.42644,-3.01356,-108.39,3.01356,1,2905.17
2024-03-15T20:25:00.000000000Z,9888.31644,6983.42644,-3.01356,-108.67,3.01356,1,2904.89
2024-03-15T20:26:00.000000000Z,9888.05644,6983.42644,-3.01356,-108.93,3.01356,1,2904.63
2024-03-15T20:27:00.000000000Z,9887.79644,6983.42644,-3.01356,-109.19,3.01356,1,2904.37
2024-03-15T20:28:00.000000000Z,9887.54644,6983.42644,-3.01356,-109.44,3.01356,1,2904.12
2024-03-15T20:29:00.000000000Z,9887.29644,6983.42644,-3.01356,-109.69,3.01356,1,2903.87
2024-03-15T20:30:00.000000000Z,9887.06644,6983.42644,-3.01356,-109.92,3.01356,1,2903.64
2024-03-15T20:31:00.000000000Z,9886.83644,6983.42644,-3.01356,-110.15,3.01356,1,2903.41
2024-03-15T20:32:00.000000000Z,9886.61644,6983.42644,-3.01356,-110.37,3.01356,1,2903.19
2024-03-15T20:33:00.000000000Z,9886.39644,6983.42644,-3.01356,-110.59,3.01356,1,2902.97
2024-03-15T20:34:00.000000000Z,9886.18644,6983.42644,-3.01356,-110.8,3.01356,1,2902.76
2024-03-15T20:35:00.000000000Z,9885.98644,6983.42644,-3.01356,-111,3.01356,1,2902.56
2024-03-15T20:36:00.000000000Z,9885.79644,6983.42644,-3.01356,-111.19,3.01356,1,2902.37
2024-03-15T20:37:00.000000000Z,9885.61644,6983.42644,-3.01356,-111.37,3.01356,1,2902.19
2024-03-15T20:38:00.000000000Z,9885.43644,6983.42644,-3.01356,-111.55,3.01356,1,2902.01
2024-03-15T20:39:00.000000000Z,9885.26644,6983.42644,-3.01356,-111.72,3.01356,1,2901.84
2024-03-15T20:40:00.000000000Z,9885.09644,6983.42644,-3.01356,-111.89,3.01356,1,2901.67
2024-03-15T20:41:00.000000000Z,9884.94644,6983.42644,-3.01356,-112.04,3.01356,1,2901.52
2024-03-15T20:42:00.000000000Z,9884.79644,6983.42644,-3.01356,-112.19,3.01356,1,2901.37
2024-03-15T20:43:00.000000000Z,9884.65644,6983.42644,-3.01356,-112.33,3.01356,1,2901.23
2024-03-15T20:44:00.000000000Z,9884.52644,6983.42644,-3.01356,-112.46,3.01356,1,2901.1
2024-03-15T20:45:00.000000000Z,9884.39644,6983.42644,-3.01356,-112.59,3.01356,1,2900.97
2024-03-15T20:46:00.000000000Z,9884.28644,6983.42644,-3.01356,-112.7,3.01356,1,2900.86
2024-03-15T20:47:00.000000000Z,9884.17644,6983.42644,-3.01356,-112.81,3.01356,1,2900.75
2024-03-15T20:48:00.000000000Z,9884.06644,6983.42644,-3.01356,-112.92,3.01356,1,2900.64
2024-03-15T20:49:00.000000000Z,9883.97644,6983.42644,-3.01356,-113.01,3.01356,1,2900.55
2024-03-15T20:50:00.000000000Z,9883.88644,6983.42644,-3.01356,-113.1,3.01356,1,2900.46
2024-03-15T20:51:00.000000000Z,9883.80644,6983.42644,-3.01356,-113.18,3.01356,1,2900.38
2024-03-15T20:52:00.000000000Z,9883.73644,6983.42644,-3.01356,-113.25,3.01356,1,2900.31
2024-03-15T20:53:00.000000000Z,9883.66644,6983.42644,-3.01356,-113.32,3.01356,1,2900.24
2024-03-15T20:54:00.000000000Z,9883.61644,6983.42644,-3.01356,-113.37,3.01356,1,2900.19
2024-03-15T20:55:00.000000000Z,9883.56644,6983.42644,-3.01356,-113.42,3.01356,1,2900.14
2024-03-15T20:56:00.000000000Z,9883.52644,6983.42644,-3.01356,-113.46,3.01356,1,2900.1
2024-03-15T20:57:00.000000000Z,9883.48644,6983.42644,-3.01356,-113.5,3.01356,1,2900.06
2024-03-15T20:58:00.000000000Z,9883.45644,6983.42644,-3.01356,-113.53,3.01356,1,2900.03
2024-03-15T20:59:00.000000000Z,9883.44644,6983.42644,-3.01356,-113.54,3.01356,1,2900.02
2024-03-15T21:00:00.000000000Z,9883.42644,6983.42644,-3.01356,-113.56,3.01356,1,2900
2024-03-15T21:01:00.000000000Z,9883.42644,6983.42644,-3.01356,-113.56,3.01356,1,2900
2024-03-15T21:02:00.000000000Z,9883.42644,6983.42644,-3.01356,-113.56,3.01356,1,2900
2024-03-15T21:03:00.000000000Z,9883.44644,6983.42644,-3.01356,-113.54,3.01356,1,2900.02
2024-03-15T21:04:00.000000000Z,9883.45644,6983.42644,-3.01356,-113.53,3.01356,1,2900.03
2024-03-15T21:05:00.000000000Z,9883.48644,6983.42644,-3.01356,-113.5,3.01356,1,2900.06
2024-03-15T21:06:00.000000000Z,9883.52644,6983.42644,-3.01356,-113.46,3.01356,1,2900.1
2024-03-15T21:07:00.000000000Z,9883.56644,6983.42644,-3.01356,-113.42,3.01356,1,2900.14
2024-03-15T21:08:00.000000000Z,9883.61644,6983.42644,-3.01356,-113.37,3.01356,1,2900.19
2024-03-15T21:09:00.000000000Z,9883.66644,6983.42644,-3.01356,-113.32,3.01356,1,2900.24
2024-03-15T21:10:00.000000000Z,9883.73644,6983.42644,-3.01356,-113.25,3.01356,1,2900.31
2024-03-15T21:11:00.000000000Z,9883.80644,6983.42644,-3.01356,-113.18,3.01356,1,2900.38
2024-03-15T21:12:00.000000000Z,9883.88644,6983.42644,-3.01356,-113.1,3.01356,1,2900.46
2024-03-15T21:13:00.000000000Z,9883.97644,6983.42644,-3.01356,-113.01,3.01356,1,2900.55
2024-03-15T21:14:00.000000000Z,9884.06644,6983.42644,-3.01356,-112.92,3.01356,1,2900.64
2024-03-15T21:15:00.000000000Z,9884.17644,6983.42644,-3.01356,-112.81,3.01356,1,2900.75
2024-03-15T21:16:00.000000000Z,9884.28644,6983.42644,-3.01356,-112.7,3.01356,1,2900.86
2024-03-15T21:17:00.000000000Z,9884.39644,6983.42644,-3.01356,-112.59,3.01356,1,2900.97
2024-03-15T21:18:00.000000000Z,9884.52644,6983.42644,-3.01356,-112.46,3.01356,1,2901.1
2024-03-15T21:19:00.000000000Z,9884.65644,6983.42644,-3.01356,-112.33,3.01356,1,2901.23
2024-03-15T21:20:00.000000000Z,9884.79644,6983.42644,-3.01356,-112.19,3.01356,1,2901.37
2024-03-15T21:21:00.000000000Z,9884.94644,6983.42644,-3.01356,-112.04,3.01356,1,2901.52
2024-03-15T21:22:00.000000000Z,9885.09644,6983.42644,-3.01356,-111.89,3.01356,1,2901.67
2024-03-15T21:23:00.000000000Z,9885.26644,6983.42644,-3.01356,-111.72,3.01356,1,2901.84
2024-03-15T21:24:00.000000000Z,9885.43644,6983.42644,-3.01356,-111.55,3.01356,1,2902.01
2024-03-15T21:25:00.000000000Z,9885.61644,6983.42644,-3.01356,-111.37,3.01356,1,2902.19
2024-03-15T21:26:00.000000000Z,9885.79644,6983.42644,-3.01356,-111.19,3.01356,1,2902.37
2024-03-15T21:27:00.000000000Z,9885.98644,6983.42644,-3.01356,-111,3.01356,1,2902.56
2024-03-15T21:28:00.000000000Z,9886.18644,6983.42644,-3.01356,-110.8,3.01356,1,2902.76
2024-03-15T21:29:00.000000000Z,9886.39644,6983.42644,-3.01356,-110.59,3.01356,1,2902.97
2024-03-15T21:30:00.000000000Z,9886.61644,6983.42644,-3.01356,-110.37,3.01356,1,2903.19
2024-03-15T21:31:00.000000000Z,9886.83644,6983.42644,-3.01356,-110.15,3.01356,1,2903.41
2024-03-15T21:32:00.000000000Z,9887.06644,6983.42644,-3.01356,-109.92,3.01356,1,2903.64
2024-03-15T21:33:00.000000000Z,9887.29644,6983.42644,-3.01356,-109.69,3.01356,1,2903.87
2024-03-15T21:34:00.000000000Z,9887.54644,6983.42644,-3.01356,-109.44,3.01356,1,2904.12
2024-03-15T21:35:00.000000000Z,9887.79644,6983.42644,-3.01356,-109.19,3.01356,1,2904.37
2024-03-15T21:36:00.000000000Z,9888.05644,6983.42644,-3.01356,-108.93,3.01356,1,2904.63
2024-03-15T21:37:00.000000000Z,9888.31644,6983.42644,-3.01356,-108.67,3.01356,1,2904.89
2024-03-15T21:38:00.000000000Z,9888.59644,6983.42644,-3.01356,-108.39,3.01356,1,2905.17
2024-03-15T21:39:00.000000000Z,9888.87644,6983.42644,-3.01356,-108.11,3.01356,1,2905.45
2024-03-15T21:40:00.000000000Z,9889.16644,6983.42644,-3.01356,-107.82,3.01356,1,2905.74
2024-03-15T21:41:00.000000000Z,9889.45644,6983.42644,-3.01356,-107.53,3.01356,1,2906.03
2024-03-15T21:42:00.000000000Z,9889.75644,6983.42644,-3.01356,-107.23,3.01356,1,2906.33
2024-03-15T21:43:00.000000000Z,9890.06644,6983.42644,-3.01356,-106.92,3.01356,1,2906.64
2024-03-15T21:44:00.000000000Z,9890.38644,6983.42644,-3.01356,-106.6,3.01356,1,2906.96
2024-03-15T21:45:00.000000000Z,9890.70644,6983.42644,-3.01356,-106.28,3.01356,1,2907.28
2024-03-15T21:46:00.000000000Z,9891.03644,6983.42644,-3.01356,-105.95,3.01356,1,2907.61
2024-03-15T21:47:00.000000000Z,9891.37644,6983.42644,-3.01356,-105.61,3.01356,1,2907.95
2024-03-15T21:48:00.000000000Z,9891.71644,6983.42644,-3.01356,-105.27,3.01356,1,2908.29
2024-03-15T21:49:00.000000000Z,9892.07644,6983.42644,-3.01356,-104.91,3.01356,1,2908.65
2024-03-15T21:50:00.000000000Z,9892.42644,6983.42644,-3.01356,-104.56,3.01356,1,2909
2024-03-15T21:51:00.000000000Z,9892.79644,6983.42644,-3.01356,-104.19,3.01356,1,2909.37
2024-03-15T21:52:00.000000000Z,9893.16644,6983.42644,-3.01356,-103.82,3.01356,1,2909.74
2024-03-15T21:53:00.000000000Z,9893.54644,6983.42644,-3.01356,-103.44,3.01356,1,2910.12
2024-03-15T21:54:00.000000000Z,9893.93644,6983.42644,-3.01356,-103.05,3.01356,1,2910.51
2024-03-15T21:55:00.000000000Z,9894.32644,6983.42644,-3.01356,-102.66,3.01356,1,2910.9
2024-03-15T21:56:00.000000000Z,9894.72644,6983.42644,-3.01356,-102.26,3.01356,1,2911.3
2024-03-15T21:57:00.000000000Z,9895.13644,6983.42644,-3.01356,-101.85,3.01356,1,2911.71
2024-03-15T21:58:00.000000000Z,9895.54644,6983.42644,-3.01356,-101.44,3.01356,1,2912.12
2024-03-15T21:59:00.000000000Z,9895.96644,6983.42644,-3.01356,-101.02,3.01356,1,2912.54
2024-03-15T22:00:00.000000000Z,9896.38644,6983.42644,-3.01356,-100.6,3.01356,1,2912.96
2024-03-15T22:01:00.000000000Z,9896.82644,6983.42644,-3.01356,-100.16,3.01356,1,2913.4
2024-03-15T22:02:00.000000000Z,9897.26644,6983.42644,-3.01356,-99.72,3.01356,1,2913.84
2024-03-15T22:03:00.000000000Z,9897.70644,6983.42644,-3.01356,-99.28,3.01356,1,2914.28
2024-03-15T22:04:00.000000000Z,9898.16644,6983.42644,-3.01356,-98.82,3.01356,1,2914.74
2024-03-15T22:05:00.000000000Z,9898.62644,6983.42644,-3.01356,-98.36,3.01356,1,2915.2
2024-03-15T22:06:00.000000000Z,9899.08644,6983.42644,-3.01356,-97.9,3.01356,1,2915.66
2024-03-15T22:07:00.000000000Z,9899.55644,6983.42644,-3.01356,-97.43,3.01356,1,2916.13
2024-03-15T22:08:00.000000000Z,9900.03644,6983.42644,-3.01356,-96.95,3.01356,1,2916.61
2024-03-15T22:09:00.000000000Z,9900.52644,6983.42644,-3.01356,-96.46,3.01356,1,2917.1
2024-03-15T22:10:00.000000000Z,9901.01644,6983.42644,-3.01356,-95.97,3.01356,1,2917.59
2024-03-15T22:11:00.000000000Z,9901.50644,6983.42644,-3.01356,-95.48,3.01356,1,2918.08
2024-03-15T22:12:00.000000000Z,9902.01644,6983.42644,-3.01356,-94.97,3.01356,1,2918.59
2024-03-15T22:13:00.000000000Z,9902.52644,6983.42644,-3.01356,-94.46,3.01356,1,2919.1
2024-03-15T22:14:00.000000000Z,9903.03644,6983.42644,-3.01356,-93.95,3.01356,1,2919.61
2024-03-15T22:15:00.000000000Z,9903.56644,6983.42644,-3.01356,-93.42,3.01356,1,2920.14
2024-03-15T22:16:00.000000000Z,9904.08644,6983.42644,-3.01356,-92.9,3.01356,1,2920.66
2024-03-15T22:17:00.000000000Z,9904.62644,6983.42644,-3.01356,-92.36,3.01356,1,2921.2
2024-03-15T22:18:00.000000000Z,9905.16644,6983.42644,-3.01356,-91.82,3.01356,1,2921.74
2024-03-15T22:19:00.000000000Z,9905.71644,6983.42644,-3.01356,-91.27,3.01356,1,2922.29
2024-03-15T22:20:00.000000000Z,9906.26644,6983.42644,-3.01356,-90.72,3.01356,1,2922.84
2024-03-15T22:21:00.000000000Z,9906.82644,6983.42644,-3.01356,-90.16,3.01356,1,2923.4
2024-03-15T22:22:00.000000000Z,9907.38644,6983.42644,-3.01356,-89.6,3.01356,1,2923.96
2024-03-15T22:23:00.000000000Z,9907.95644,6983.42644,-3.01356,-89.03,3.01356,1,2924.53
2024-03-15T22:24:00.000000000Z,9908.52644,6983.42644,-3.01356,-88.46,3.01356,1,2925.1
2024-03-15T22:25:00.000000000Z,9909.11644,6983.42644,-3.01356,-87.87,3.01356,1,2925.69
2024-03-15T22:26:00.000000000Z,9909.69644,6983.42644,-3.01356,-87.29,3.01356,1,2926.27
2024-03-15T22:27:00.000000000Z,9910.28644,6983.42644,-3.01356,-86.7,3.01356,1,2926.86
2024-03-15T22:28:00.000000000Z,9910.88644,6983.42644,-3.01356,-86.1,3.01356,1,2927.46
2024-03-15T22:29:00.000000000Z,9911.49644,6983.42644,-3.01356,-85.49,3.01356,1,2928.07
2024-03-15T22:30:00.000000000Z,9912.09644,6983.42644,-3.01356,-84.89,3.01356,1,2928.67
2024-03-15T22:31:00.000000000Z,9912.71644,6983.42644,-3.01356,-84.27,3.01356,1,2929.29
2024-03-15T22:32:00.000000000Z,9913.33644,6983.42644,-3.01356,-83.65,3.01356,1,2929.91
2024-03-15T22:33:00.000000000Z,9913.95644,6983.42644,-3.01356,-83.03,3.01356,1,2930.53
2024-03-15T22:34:00.000000000Z,9914.58644,6983.42644,-3.01356,-82.4,3.01356,1,2931.16
2024-03-15T22:35:00.000000000Z,9915.22644,6983.42644,-3.01356,-81.76,3.01356,1,2931.8
2024-03-15T22:36:00.000000000Z,9915.86644,6983.42644,-3.01356,-81.12,3.01356,1,2932.44
2024-03-15T22:37:00.000000000Z,9916.51644,6983.42644,-3.01356,-80.47,3.01356,1,2933.09
2024-03-15T22:38:00.000000000Z,9917.16644,6983.42644,-3.01356,-79.82,3.01356,1,2933.74
2024-03-15T22:39:00.000000000Z,9917.81644,6983.42644,-3.01356,-79.17,3.01356,1,2934.39
2024-03-15T22:40:00.000000000Z,9918.48644,6983.42644,-3.01356,-78.5,3.01356,1,2935.06
2024-03-15T22:41:00.000000000Z,9919.14644,6983.42644,-3.01356,-77.84,3.01356,1,2935.72
2024-03-15T22:42:00.000000000Z,9919.81644,6983.42644,-3.01356,-77.17,3.01356,1,2936.39
2024-03-15T22:43:00.000000000Z,9920.49644,6983.42644,-3.01356,-76.49,3.01356,1,2937.07
2024-03-15T22:44:00.000000000Z,9921.17644,6983.42644,-3.01356,-75.81,3.01356,1,2937.75
2024-03-15T22:45:00.000000000Z,9921.85644,6983.42644,-3.01356,-75.13,3.01356,1,2938.43
2024-03-15T22:46:00.000000000Z,9922.54644,6983.42644,-3.01356,-74.44,3.01356,1,2939.12
2024-03-15T22:47:00.000000000Z,9923.24644,6983.42644,-3.01356,-73.74,3.01356,1,2939.82
2024-03-15T22:48:00.000000000Z,9923.94644,6983.42644,-3.01356,-73.04,3.01356,1,2940.52
2024-03-15T22:49:00.000000000Z,9924.64644,6983.42644,-3.01356,-72.34,3.01356,1,2941.22
2024-03-15T22:50:00.000000000Z,9925.35644,6983.42644,-3.01356,-71.63,3.01356,1,2941.93
2024-03-15T22:51:00.000000000Z,9926.06644,6983.42644,-3.01356,-70.92,3.01356,1,2942.64
2024-03-15T22:52:00.000000000Z,9926.78644,6983.42644,-3.01356,-70.2,3.01356,1,2943.36
2024-03-15T22:53:00.000000000Z,9927.50644,6983.42644,-3.01356,-69.48,3.01356,1,2944.08
2024-03-15T22:54:00.000000000Z,9928.23644,6983.42644,-3.01356,-68.75,3.01356,1,2944.81
2024-03-15T22:55:00.000000000Z,9928.96644,6983.42644,-3.01356,-68.02,3.01356,1,2945.54
2024-03-15T22:56:00.000000000Z,9929.69644,6983.42644,-3.01356,-67.29,3.01356,1,2946.27
2024-03-15T22:57:00.000000000Z,9930.43644,6983.42644,-3.01356,-66.55,3.01356,1,2947.01
2024-03-15T22:58:00.000000000Z,9931.17644,6983.42644,-3.01356,-65.81,3.01356,1,2947.75
2024-03-15T22:59:00.000000000Z,9931.92644,6983.42644,-3.01356,-65.06,3.01356,1,2948.5
2024-03-15T23:00:00.000000000Z,9932.67644,6983.42644,-3.01356,-64.31,3.01356,1,2949.25
2024-03-15T23:01:00.000000000Z,9933.42644,6983.42644,-3.01356,-63.56,3.01356,1,2950
2024-03-15T23:02:00.000000000Z,9934.18644,6983.42644,-3.01356,-62.8,3.01356,1,2950.76
2024-03-15T23:03:00.000000000Z,9934.94644,6983.42644,-3.01356,-62.04,3.01356,1,2951.52
2024-03-15T23:04:00.000000000Z,9935.70644,6983.42644,-3.01356,-61.28,3.01356,1,2952.28
2024-03-15T23:05:00.000000000Z,9936.47644,6983.42644,-3.01356,-60.51,3.01356,1,2953.05
2024-03-15T23:06:00.000000000Z,9937.25644,6983.42644,-3.01356,-59.73,3.01356,1,2953.83
2024-03-15T23:07:00.000000000Z,9938.02644,6983.42644,-3.01356,-58.96,3.01356,1,2954.6
2024-03-15T23:08:00.000000000Z,9938.80644,6983.42644,-3.01356,-58.18,3.01356,1,2955.38
2024-03-15T23:09:00.000000000Z,9939.58644,6983.42644,-3.01356,-57.4,3.01356,1,2956.16
2024-03-15T23:10:00.000000000Z,9940.37644,6983.42644,-3.01356,-56.61,3.01356,1,2956.95
2024-03-15T23:11:00.000000000Z,9941.16644,6983.42644,-3.01356,-55.82,3.01356,1,2957.74
2024-03-15T23:12:00.000000000Z,9941.95644,6983.42644,-3.01356,-55.03,3.01356,1,2958.53
2024-03-15T23:13:00.000000000Z,9942.75644,6983.42644,-3.01356,-54.23,3.01356,1,2959.33
2024-03-15T23:14:00.000000000Z,9943.55644,6983.42644,-3.01356,-53.43,3.01356,1,2960.13
2024-03-15T23:15:00.000000000Z,9944.35644,6983.42644,-3.01356,-52.63,3.01356,1,2960.93
2024-03-15T23:16:00.000000000Z,9945.15644,6983.42644,-3.01356,-51.83,3.01356,1,2961.73
2024-03-15T23:17:00.000000000Z,9945.96644,6983.42644,-3.01356,-51.02,3.01356,1,2962.54
2024-03-15T23:18:00.000000000Z,9946.77644,6983.42644,-3.01356,-50.21,3.01356,1,2963.35
2024-03-15T23:19:00.000000000Z,9947.58644,6983.42644,-3.01356,-49.4,3.01356,1,2964.16
2024-03-15T23:20:00.000000000Z,9948.40644,6983.42644,-3.01356,-48.58,3.01356,1,2964.98
2024-03-15T23:21:00.000000000Z,9949.22644,6983.42644,-3.01356,-47.76,3.01356,1,2965.8
2024-03-15T23:22:00.000000000Z,9950.04644,6983.42644,-3.01356,-46.94,3.01356,1,2966.62
2024-03-15T23:23:00.000000000Z,9950.86644,6983.42644,-3.01356,-46.12,3.01356,1,2967.44
2024-03-15T23:24:00.000000000Z,9951.69644,6983.42644,-3.01356,-45.29,3.01356,1,2968.27
2024-03-15T23:25:00.000000000Z,9952.52644,6983.42644,-3.01356,-44.46,3.01356,1,2969.1
2024-03-15T23:26:00.000000000Z,9953.35644,6983.42644,-3.01356,-43.63,3.01356,1,2969.93
2024-03-15T23:27:00.000000000Z,9954.18644,6983.42644,-3.01356,-42.8,3.01356,1,2970.76
2024-03-15T23:28:00.000000000Z,9955.02644,6983.42644,-3.01356,-41.96,3.01356,1,2971.6
2024-03-15T23:29:00.000000000Z,9955.86644,6983.42644,-3.01356,-41.12,3.01356,1,2972.44
2024-03-15T23:30:00.000000000Z,9956.70644,6983.42644,-3.01356,-40.28,3.01356,1,2973.28
2024-03-15T23:31:00.000000000Z,9957.54644,6983.42644,-3.01356,-39.44,3.01356,1,2974.12
2024-03-15T23:32:00.000000000Z,9958.38644,6983.42644,-3.01356,-38.6,3.01356,1,2974.96
2024-03-15T23:33:00.000000000Z,9959.23644,6983.42644,-3.01356,-37.75,3.01356,1,2975.81
2024-03-15T23:34:00.000000000Z,9960.08644,6983.42644,-3.01356,-36.9,3.01356,1,2976.66
2024-03-15T23:35:00.000000000Z,9960.92644,6983.42644,-3.01356,-36.06,3.01356,1,2977.5
2024-03-15T23:36:00.000000000Z,9961.78644,6983.42644,-3.01356,-35.2,3.01356,1,2978.36
2024-03-15T23:37:00.000000000Z,9962.63644,6983.42644,-3.01356,-34.35,3.01356,1,2979.21
2024-03-15T23:38:00.000000000Z,9963.48644,6983.42644,-3.01356,-33.5,3.01356,1,2980.06
2024-03-15T23:39:00.000000000Z,9964.34644,6983.42644,-3.01356,-32.64,3.01356,1,2980.92
2024-03-15T23:40:00.000000000Z,9965.20644,6983.42644,-3.01356,-31.78,3.01356,1,2981.78
2024-03-15T23:41:00.000000000Z,9966.06644,6983.42644,-3.01356,-30.92,3.01356,1,2982.64
2024-03-15T23:42:00.000000000Z,9966.92644,6983.42644,-3.01356,-30.06,3.01356,1,2983.5
2024-03-15T23:43:00.000000000Z,9967.78644,6983.42644,-3.01356,-29.2,3.01356,1,2984.36
2024-03-15T23:44:00.000000000Z,9968.64644,6983.42644,-3.01356,-28.34,3.01356,1,2985.22
2024-03-15T23:45:00.000000000Z,9969.50644,6983.42644,-3.01356,-27.48,3.01356,1,2986.08
2024-03-15T23:46:00.000000000Z,9970.37644,6983.42644,-3.01356,-26.61,3.01356,1,2986.95
2024-03-15T23:47:00.000000000Z,9971.23644,6983.42644,-3.01356,-25.75,3.01356,1,2987.81
2024-03-15T23:48:00.000000000Z,9972.10644,6983.42644,-3.01356,-24.88,3.01356,1,2988.68
2024-03-15T23:49:00.000000000Z,9972.97644,6983.42644,-3.01356,-24.01,3.01356,1,2989.55
2024-03-15T23:50:00.000000000Z,9973.84644,6983.42644,-3.01356,-23.14,3.01356,1,2990.42
2024-03-15T23:51:00.000000000Z,9974.70644,6983.42644,-3.01356,-22.28,3.01356,1,2991.28
2024-03-15T23:52:00.000000000Z,9975.57644,6983.42644,-3.01356,-21.41,3.01356,1,2992.15
2024-03-15T23:53:00.000000000Z,9976.44644,6983.42644,-3.01356,-20.54,3.01356,1,2993.02
2024-03-15T23:54:00.000000000Z,9977.32644,6983.42644,-3.01356,-19.66,3.01356,1,2993.9
2024-03-15T23:55:00.000000000Z,9978.19644,6983.42644,-3.01356,-18.79,3.01356,1,2994.77
2024-03-15T23:56:00.000000000Z,9979.06644,6983.42644,-3.01356,-17.92,3.01356,1,2995.64
2024-03-15T23:57:00.000000000Z,9979.93644,6983.42644,-3.01356,-17.05,3.01356,1,2996.51
2024-03-15T23:58:00.000000000Z,9980.80644,6983.42644,-3.01356,-16.18,3.01356,1,2997.38
2024-03-15T23:59:00.000000000Z,9981.67644,6983.42644,-3.01356,-15.31,3.01356,1,2998.25
2024-03-16T00:00:00.000000000Z,9982.55644,6983.42644,-3.01356,-14.43,3.01356,1,2999.13
2024-03-16T00:01:00.000000000Z,9983.42644,6983.42644,-3.01356,-13.56,3.01356,1,3000
2024-03-16T00:02:00.000000000Z,9984.29644,6983.42644,-3.01356,-12.69,3.01356,1,3000.87
2024-03-16T00:03:00.000000000Z,9985.17644,6983.42644,-3.01356,-11.81,3.01356,1,3001.75
2024-03-16T00:04:00.000000000Z,9986.04644,6983.42644,-3.01356,-10.94,3.01356,1,3002.62
2024-03-16T00:05:00.000000000Z,9986.91644,6983.42644,-3.01356,-10.07,3.01356,1,3003.49
2024-03-16T00:06:00.000000000Z,9987.78644,6983.42644,-3.01356,-9.2,3.01356,1,3004.36
2024-03-16T00:07:00.000000000Z,9988.65644,6983.42644,-3.01356,-8.33,3.01356,1,3005.23
2024-03-16T00:08:00.000000000Z,9989.52644,6983.42644,-3.01356,-7.46,3.01356,1,3006.1
2024-03-16T00:09:00.000000000Z,9990.40644,6983.42644,-3.01356,-6.58,3.01356,1,3006.98
2024-03-16T00:10:00.000000000Z,9991.27644,6983.42644,-3.01356,-5.71,3.01356,1,3007.85
2024-03-16T00:11:00.000000000Z,9992.14644,6983.42644,-3.01356,-4.84,3.01356,1,3008.72
2024-03-16T00:12:00.000000000Z,9993.00644,6983.42644,-3.01356,-3.98,3.01356,1,3009.58
2024-03-16T00:13:00.000000000Z,9993.87644,6983.42644,-3.01356,-3.11,3.01356,1,3010.45
2024-03-16T00:14:00.000000000Z,9994.74644,6983.42644,-3.01356,-2.24,3.01356,1,3011.32
2024-03-16T00:15:00.000000000Z,9995.61644,6983.42644,-3.01356,-1.37,3.01356,1,3012.19
2024-03-16T00:16:00.000000000Z,9996.47644,6983.42644,-3.01356,-0.51,3.01356,1,3013.05
2024-03-16T00:17:00.000000000Z,9997.34644,6983.42644,-3.01356,0.36,3.01356,1,3013.92
2024-03-16T00:18:00.000000000Z,9998.20644,6983.42644,-3.01356,1.22,3.01356,1,3014.78
2024-03-16T00:19:00.000000000Z,9999.06644,6983.42644,-3.01356,2.08,3.01356,1,3015.64
2024-03-16T00:20:00.000000000Z,9999.92644,6983.42644,-3.01356,2.94,3.01356,1,3016.5
2024-03-16T00:21:00.000000000Z,10000.78644,6983.42644,-3.01356,3.8,3.01356,1,3017.36
2024-03-16T00:22:00.000000000Z,10001.64644,6983.42644,-3.01356,4.66,3.01356,1,3018.22
2024-03-16T00:23:00.000000000Z,10002.50644,6983.42644,-3.01356,5.52,3.01356,1,3019.08
2024-03-16T00:24:00.000000000Z,10003.36644,6983.42644,-3.01356,6.38,3.01356,1,3019.94
2024-03-16T00:25:00.000000000Z,10004.21644,6983.42644,-3.01356,7.23,3.01356,1,3020.79
2024-03-16T00:26:00.000000000Z,10005.06644,6983.42644,-3.01356,8.08,3.01356,1,3021.64
2024-03-16T00:27:00.000000000Z,10005.92644,6983.42644,-3.01356,8.94,3.01356,1,3022.5
2024-03-16T00:28:00.000000000Z,10006.76644,6983.42644,-3.01356,9.78,3.01356,1,3023.34
2024-03-16T00:29:00.000000000Z,10007.61644,6983.42644,-3.01356,10.63,3.01356,1,3024.19
2024-03-16T00:30:00.000000000Z,10008.46644,6983.42644,-3.01356,11.48,3.01356,1,3025.04
2024-03-16T00:31:00.000000000Z,10009.30644,6983.42644,-3.01356,12.32,3.01356,1,3025.88
2024-03-16T00:32:00.000000000Z,10010.14644,6983.42644,-3.01356,13.16,3.01356,1,3026.72
2024-03-16T00:33:00.000000000Z,10010.98644,6983.42644,-3.01356,14,3.01356,1,3027.56
2024-03-16T00:34:00.000000000Z,10011.82644,6983.42644,-3.01356,14.84,3.01356,1,3028.4
2024-03-16T00:35:00.000000000Z,10012.66644,6983.42644,-3.01356,15.68,3.01356,1,3029.24
2024-03-16T00:36:00.000000000Z,10013.49644,6983.42644,-3.01356,16.51,3.01356,1,3030.07
2024-03-16T00:37:00.000000000Z,10014.32644,6983.42644,-3.01356,17.34,3.01356,1,3030.9
2024-03-16T00:38:00.000000000Z,10015.15644,6983.42644,-3.01356,18.17,3.01356,1,3031.73
2024-03-16T00:39:00.000000000Z,10015.98644,6983.42644,-3.01356,19,3.01356,1,3032.56
2024-03-16T00:40:00.000000000Z,10016.80644,6983.42644,-3.01356,19.82,3.01356,1,3033.38
2024-03-16T00:41:00.000000000Z,10017.62644,6983.42644,-3.01356,20.64,3.01356,1,3034.2
2024-03-16T00:42:00.000000000Z,10018.44644,6983.42644,-3.01356,21.46,3.01356,1,3035.02
2024-03-16T00:43:00.000000000Z,10019.26644,6983.42644,-3.01356,22.28,3.01356,1,3035.84
2024-03-16T00:44:00.000000000Z,10020.07644,6983.42644,-3.01356,23.09,3.01356,1,3036.65
2024-03-16T00:45:00.000000000Z,10020.88644,6983.42644,-3.01356,23.9,3.01356,1,3037.46
2024-03-16T00:46:00.000000000Z,10021.69644,6983.42644,-3.01356,24.71,3.01356,1,3038.27
2024-03-16T00:47:00.000000000Z,10022.49644,6983.42644,-3.01356,25.51,3.01356,1,3039.07
2024-03-16T00:48:00.000000000Z,10023.29644,6983.42644,-3.01356,26.31,3.01356,1,3039.87
2024-03-16T00:49:00.000000000Z,10024.09644,6983.42644,-3.01356,27.11,3.01356,1,3040.67
2024-03-16T00:50:00.000000000Z,10024.89644,6983.42644,-3.01356,27.91,3.01356,1,3041.47
2024-03-16T00:51:00.000000000Z,10025.68644,6983.42644,-3.01356,28.7,3.01356,1,3042.26
2024-03-16T00:52:00.000000000Z,10026.47644,6983.42644,-3.01356,29.49,3.01356,1,3043.05
2024-03-16T00:53:00.000000000Z,10027.26644,6983.42644,-3.01356,30.28,3.01356,1,3043.84
2024-03-16T00:54:00.000000000Z,10028.04644,6983.42644,-3.01356,31.06,3.01356,1,3044.62
2024-03-16T00:55:00.000000000Z,10028.82644,6983.42644,-3.01356,31.84,3.01356,1,3045.4
2024-03-16T00:56:00.000000000Z,10029.59644,6983.42644,-3.01356,32.61,3.01356,1,3046.17
2024-03-16T00:57:00.000000000Z,10030.37644,6983.42644,-3.01356,33.39,3.01356,1,3046.95
2024-03-16T00:58:00.000000000Z,10031.14644,6983.42644,-3.01356,34.16,3.01356,1,3047.72
2024-03-16T00:59:00.000000000Z,10031.90644,6983.42644,-3.01356,34.92,3.01356,1,3048.48
2024-03-16T01:00:00.000000000Z,10032.66644,6983.42644,-3.01356,35.68,3.01356,1,3049.24
2024-03-16T01:01:00.000000000Z,10033.42644,6983.42644,-3.01356,36.44,3.01356,1,3050
2024-03-16T01:02:00.000000000Z,10034.17644,6983.42644,-3.01356,37.19,3.01356,1,3050.75
2024-03-16T01:03:00.000000000Z,10034.92644,6983.42644,-3.01356,37.94,3.01356,1,3051.5
2024-03-16T01:04:00.000000000Z,10035.67644,6983.42644,-3.01356,38.69,3.01356,1,3052.25
2024-03-16T01:05:00.000000000Z,10036.41644,6983.42644,-3.01356,39.43,3.01356,1,3052.99
2024-03-16T01:06:00.000000000Z,10037.15644,6983.42644,-3.01356,40.17,3.01356,1,3053.73
2024-03-16T01:07:00.000000000Z,10037.88644,6983.42644,-3.01356,40.9,3.01356,1,3054.46
2024-03-16T01:08:00.000000000Z,10038.61644,6983.42644,-3.01356,41.63,3.01356,1,3055.19
2024-03-16T01:09:00.000000000Z,10039.34644,6983.42644,-3.01356,42.36,3.01356,1,3055.92
2024-03-16T01:10:00.000000000Z,10040.06644,6983.42644,-3.01356,43.08,3.01356,1,3056.64
2024-03-16T01:11:00.000000000Z,10040.78644,6983.42644,-3.01356,43.8,3.01356,1,3057.36
2024-03-16T01:12:00.000000000Z,10041.49644,6983.42644,-3.01356,44.51,3.01356,1,3058.07
2024-03-16T01:13:00.000000000Z,10042.20644,6983.42644,-3.01356,45.22,3.01356,1,3058.78
2024-03-16T01:14:00.000000000Z,10042.90644,6983.42644,-3.01356,45.92,3.01356,1,3059.48
2024-03-16T01:15:00.000000000Z,10043.60644,6983.42644,-3.01356,46.62,3.01356,1,3060.18
2024-03-16T01:16:00.000000000Z,10044.30644,6983.42644,-3.01356,47.32,3.01356,1,3060.88
2024-03-16T01:17:00.000000000Z,10044.99644,6983.42644,-3.01356,48.01,3.01356,1,3061.57
2024-03-16T01:18:00.000000000Z,10045.67644,6983.42644,-3.01356,48.69,3.01356,1,3062.25
2024-03-16T01:19:00.000000000Z,10046.35644,6983.42644,-3.01356,49.37,3.01356,1,3062.93
2024-03-16T01:20:00.000000000Z,10047.03644,6983.42644,-3.01356,50.05,3.01356,1,3063.61
2024-03-16T01:21:00.000000000Z,10047.70644,6983.42644,-3.01356,50.72,3.01356,1,3064.28
2024-03-16T01:22:00.000000000Z,10048.36644,6983.42644,-3.01356,51.38,3.01356,1,3064.94
2024-03-16T01:23:00.000000000Z,10049.03644,6983.42644,-3.01356,52.05,3.01356,1,3065.61
2024-03-16T01:24:00.000000000Z,10049.68644,6983.42644,-3.01356,52.7,3.01356,1,3066.26
2024-03-16T01:25:00.000000000Z,10050.33644,6983.42644,-3.01356,53.35,3.01356,1,3066.91
2024-03-16T01:26:00.000000000Z,10050.98644,6983.42644,-3.01356,54,3.01356,1,3067.56
2024-03-16T01:27:00.000000000Z,10051.62644,6983.42644,-3.01356,54.64,3.01356,1,3068.2
2024-03-16T01:28:00.000000000Z,10052.26644,6983.42644,-3.01356,55.28,3.01356,1,3068.84
2024-03-16T01:29:00.000000000Z,10052.89644,6983.42644,-3.01356,55.91,3.01356,1,3069.47
2024-03-16T01:30:00.000000000Z,10053.51644,6983.42644,-3.01356,56.53,3.01356,1,3070.09
2024-03-16T01:31:00.000000000Z,10054.13644,6983.42644,-3.01356,57.15,3.01356,1,3070.71
2024-03-16T01:32:00.000000000Z,10054.75644,6983.42644,-3.01356,57.77,3.01356,1,3071.33
2024-03-16T01:33:00.000000000Z,10055.35644,6983.42644,-3.01356,58.37,3.01356,1,3071.93
2024-03-16T01:34:00.000000000Z,10055.96644,6983.42644,-3.01356,58.98,3.01356,1,3072.54
2024-03-16T01:35:00.000000000Z,10056.56644,6983.42644,-3.01356,59.58,3.01356,1,3073.14
2024-03-16T01:36:00.000000000Z,10057.15644,6983.42644,-3.01356,60.17,3.01356,1,3073.73
2024-03-16T01:37:00.000000000Z,10057.73644,6983.42644,-3.01356,60.75,3.01356,1,3074.31
2024-03-16T01:38:00.000000000Z,10058.32644,6983.42644,-3.01356,61.34,3.01356,1,3074.9
2024-03-16T01:39:00.000000000Z,10058.89644,6983.42644,-3.01356,61.91,3.01356,1,3075.47
2024-03-16T01:40:00.000000000Z,10059.46644,6983.42644,-3.01356,62.48,3.01356,1,3076.04
2024-03-16T01:41:00.000000000Z,10060.02644,6983.42644,-3.01356,63.04,3.01356,1,3076.6
2024-03-16T01:42:00.000000000Z,10060.58644,6983.42644,-3.01356,63.6,3.01356,1,3077.16
2024-03-16T01:43:00.000000000Z,10061.13644,6983.42644,-3.01356,64.15,3.01356,1,3077.71
2024-03-16T01:44:00.000000000Z,10061.68644,6983.42644,-3.01356,64.7,3.01356,1,3078.26
2024-03-16T01:45:00.000000000Z,10062.22644,6983.42644,-3.01356,65.24,3.01356,1,3078.8
2024-03-16T01:46:00.000000000Z,10062.76644,6983.42644,-3.01356,65.78,3.01356,1,3079.34
2024-03-16T01:47:00.000000000Z,10063.28644,6983.42644,-3.01356,66.3,3.01356,1,3079.86
2024-03-16T01:48:00.000000000Z,10063.81644,6983.42644,-3.01356,66.83,3.01356,1,3080.39
2024-03-16T01:49:00.000000000Z,10064.32644,6983.42644,-3.01356,67.34,3.01356,1,3080.9
2024-03-16T01:50:00.000000000Z,10064.83644,6983.42644,-3.01356,67.85,3.01356,1,3081.41
2024-03-16T01:51:00.000000000Z,10065.34644,6983.42644,-3.01356,68.36,3.01356,1,3081.92
2024-03-16T01:52:00.000000000Z,10065.83644,6983.42644,-3.01356,68.85,3.01356,1,3082.41
2024-03-16T01:53:00.000000000Z,10066.32644,6983.42644,-3.01356,69.34,3.01356,1,3082.9
2024-03-16T01:54:00.000000000Z,10066.81644,6983.42644,-3.01356,69.83,3.01356,1,3083.39
2024-03-16T01:55:00.000000000Z,10067.29644,6983.42644,-3.01356,70.31,3.01356,1,3083.87
2024-03-16T01:56:00.000000000Z,10067.76644,6983.42644,-3.01356,70.78,3.01356,1,3084.34
2024-03-16T01:57:00.000000000Z,10068.22644,6983.42644,-3.01356,71.24,3.01356,1,3084.8
2024-03-16T01:58:00.000000000Z,10068.68644,6983.42644,-3.01356,71.7,3.01356,1,3085.26
2024-03-16T01:59:00.000000000Z,10069.14644,6983.42644,-3.01356,72.16,3.01356,1,3085.72
2024-03-16T02:00:00.000000000Z,10069.58644,6983.42644,-3.01356,72.6,3.01356,1,3086.16
2024-03-16T02:01:00.000000000Z,10070.02644,6983.42644,-3.01356,73.04,3.01356,1,3086.6
2024-03-16T02:02:00.000000000Z,10070.46644,6983.42644,-3.01356,73.48,3.01356,1,3087.04
2024-03-16T02:03:00.000000000Z,10070.88644,6983.42644,-3.01356,73.9,3.01356,1,3087.46
2024-03-16T02:04:00.000000000Z,10071.30644,6983.42644,-3.01356,74.32,3.01356,1,3087.88
2024-03-16T02:05:00.000000000Z,10071.71644,6983.42644,-3.01356,74.73,3.01356,1,3088.29
2024-03-16T02:06:00.000000000Z,10072.12644,6983.42644,-3.01356,75.14,3.01356,1,3088.7
2024-03-16T02:07:00.000000000Z,10072.52644,6983.42644,-3.01356,75.54,3.01356,1,3089.1
2024-03-16T02:08:00.000000000Z,10072.91644,6983.42644,-3.01356,75.93,3.01356,1,3089.49
2024-03-16T02:09:00.000000000Z,10073.30644,6983.42644,-3.01356,76.32,3.01356,1,3089.88
2024-03-16T02:10:00.000000000Z,10073.68644,6983.42644,-3.01356,76.7,3.01356,1,3090.26
2024-03-16T02:11:00.000000000Z,10074.05644,6983.42644,-3.01356,77.07,3.01356,1,3090.63
2024-03-16T02:12:00.000000000Z,10074.42644,6983.42644,-3.01356,77.44,3.01356,1,3091
2024-03-16T02:13:00.000000000Z,10074.77644,6983.42644,-3.01356,77.79,3.01356,1,3091.35
2024-03-16T02:14:00.000000000Z,10075.13644,6983.42644,-3.01356,78.15,3.01356,1,3091.71
2024-03-16T02:15:00.000000000Z,10075.47644,6983.42644,-3.01356,78.49,3.01356,1,3092.05
2024-03-16T02:16:00.000000000Z,10075.81644,6983.42644,-3.01356,78.83,3.01356,1,3092.39
2024-03-16T02:17:00.000000000Z,10076.14644,6983.42644,-3.01356,79.16,3.01356,1,3092.72
2024-03-16T02:18:00.000000000Z,10076.46644,6983.42644,-3.01356,79.48,3.01356,1,3093.04
2024-03-16T02:19:00.000000000Z,10076.78644,6983.42644,-3.01356,79.8,3.01356,1,3093.36
2024-03-16T02:20:00.000000000Z,10077.09644,6983.42644,-3.01356,80.11,3.01356,1,3093.67
2024-03-16T02:21:00.000000000Z,10077.39644,6983.42644,-3.01356,80.41,3.01356,1,3093.97
2024-03-16T02:22:00.000000000Z,10077.68644,6983.42644,-3.01356,80.7,3.01356,1,3094.26
2024-03-16T02:23:00.000000000Z,10077.97644,6983.42644,-3.01356,80.99,3.01356,1,3094.55
2024-03-16T02:24:00.000000000Z,10078.25644,6983.42644,-3.01356,81.27,3.01356,1,3094.83
2024-03-16T02:25:00.000000000Z,10078.53644,6983.42644,-3.01356,81.55,3.01356,1,3095.11
2024-03-16T02:26:00.000000000Z,10078.79644,6983.42644,-3.01356,81.81,3.01356,1,3095.37
2024-03-16T02:27:00.000000000Z,10079.05644,6983.42644,-3.01356,82.07,3.01356,1,3095.63
2024-03-16T02:28:00.000000000Z,10079.30644,6983.42644,-3.01356,82.32,3.01356,1,3095.88
2024-03-16T02:29:00.000000000Z,10079.55644,6983.42644,-3.01356,82.57,3.01356,1,3096.13
2024-03-16T02:30:00.000000000Z,10079.78644,6983.42644,-3.01356,82.8,3.01356,1,3096.36
2024-03-16T02:31:00.000000000Z,10080.01644,6983.42644,-3.01356,83.03,3.01356,1,3096.59
2024-03-16T02:32:00.000000000Z,10080.23644,6983.42644,-3.01356,83.25,3.01356,1,3096.81
2024-03-16T02:33:00.000000000Z,10080.45644,6983.42644,-3.01356,83.47,3.01356,1,3097.03
2024-03-16T02:34:00.000000000Z,10080.66644,6983.42644,-3.01356,83.68,3.01356,1,3097.24
2024-03-16T02:35:00.000000000Z,10080.86644,6983.42644,-3.01356,83.88,3.01356,1,3097.44
2024-03-16T02:36:00.000000000Z,10081.05644,6983.42644,-3.01356,84.07,3.01356,1,3097.63
2024-03-16T02:37:00.000000000Z,10081.23644,6983.42644,-3.01356,84.25,3.01356,1,3097.81
2024-03-16T02:38:00.000000000Z,10081.41644,6983.42644,-3.01356,84.43,3.01356,1,3097.99
2024-03-16T02:39:00.000000000Z,10081.58644,6983.42644,-3.01356,84.6,3.01356,1,3098.16
2024-03-16T02:40:00.000000000Z,10081.75644,6983.42644,-3.01356,84.77,3.01356,1,3098.33
2024-03-16T02:41:00.000000000Z,10081.90644,6983.42644,-3.01356,84.92,3.01356,1,3098.48
2024-03-16T02:42:00.000000000Z,10082.05644,6983.42644,-3.01356,85.07,3.01356,1,3098.63
2024-03-16T02:43:00.000000000Z,10082.19644,6983.42644,-3.01356,85.21,3.01356,1,3098.77
2024-03-16T02:44:00.000000000Z,10082.32644,6983.42644,-3.01356,85.34,3.01356,1,3098.9
2024-03-16T02:45:00.000000000Z,10082.45644,6983.42644,-3.01356,85.47,3.01356,1,3099.03
2024-03-16T02:46:00.000000000Z,10082.56644,6983.42644,-3.01356,85.58,3.01356,1,3099.14
2024-03-16T02:47:00.000000000Z,10082.67644,6983.42644,-3.01356,85.69,3.01356,1,3099.25
2024-03-16T02:48:00.000000000Z,10082.78644,6983.42644,-3.01356,85.8,3.01356,1,3099.36
2024-03-16T02:49:00.000000000Z,10082.87644,6983.42644,-3.01356,85.89,3.01356,1,3099.45
2024-03-16T02:50:00.000000000Z,10082.96644,6983.42644,-3.01356,85.98,3.01356,1,3099.54
2024-03-16T02:51:00.000000000Z,10083.04644,6983.42644,-3.01356,86.06,3.01356,1,3099.62
2024-03-16T02:52:00.000000000Z,10083.11644,6983.42644,-3.01356,86.13,3.01356,1,3099.69
2024-03-16T02:53:00.000000000Z,10083.18644,6983.42644,-3.01356,86.2,3.01356,1,3099.76
2024-03-16T02:54:00.000000000Z,10083.23644,6983.42644,-3.01356,86.25,3.01356,1,3099.81
2024-03-16T02:55:00.000000000Z,10083.28644,6983.42644,-3.01356,86.3,3.01356,1,3099.86
2024-03-16T02:56:00.000000000Z,10083.32644,6983.42644,-3.01356,86.34,3.01356,1,3099.9
2024-03-16T02:57:00.000000000Z,10083.36644,6983.42644,-3.01356,86.38,3.01356,1,3099.94
2024-03-16T02:58:00.000000000Z,10083.39644,6983.42644,-3.01356,86.41,3.01356,1,3099.97
2024-03-16T02:59:00.000000000Z,10083.40644,6983.42644,-3.01356,86.42,3.01356,1,3099.98
2024-03-16T03:00:00.000000000Z,10083.42644,6983.42644,-3.01356,86.44,3.01356,1,3100
2024-03-16T03:01:00.000000000Z,10083.42644,6983.42644,-3.01356,86.44,3.01356,1,3100
2024-03-16T03:02:00.000000000Z,10083.42644,6983.42644,-3.01356,86.44,3.01356,1,3100
2024-03-16T03:03:00.000000000Z,10083.40644,6983.42644,-3.01356,86.42,3.01356,1,3099.98
2024-03-16T03:04:00.000000000Z,10083.39644,6983.42644,-3.01356,86.41,3.01356,1,3099.97
2024-03-16T03:05:00.000000000Z,10083.36644,6983.42644,-3.01356,86.38,3.01356,1,3099.94
2024-03-16T03:06:00.000000000Z,10083.32644,6983.42644,-3.01356,86.34,3.01356,1,3099.9
2024-03-16T03:07:00.000000000Z,10083.28644,6983.42644,-3.01356,86.3,3.01356,1,3099.86
2024-03-16T03:08:00.000000000Z,10083.23644,6983.42644,-3.01356,86.25,3.01356,1,3099.81
2024-03-16T03:09:00.000000000Z,10083.18644,6983.42644,-3.01356,86.2,3.01356,1,3099.76
2024-03-16T03:10:00.000000000Z,10083.11644,6983.42644,-3.01356,86.13,3.01356,1,3099.69
2024-03-16T03:11:00.000000000Z,10083.04644,6983.42644,-3.01356,86.06,3.01356,1,3099.62
2024-03-16T03:12:00.000000000Z,10082.96644,6983.42644,-3.01356,85.98,3.01356,1,3099.54
2024-03-16T03:13:00.000000000Z,10082.87644,6983.42644,-3.01356,85.89,3.01356,1,3099.45
2024-03-16T03:14:00.000000000Z,10082.78644,6983.42644,-3.01356,85.8,3.01356,1,3099.36
2024-03-16T03:15:00.000000000Z,10082.67644,6983.42644,-3.01356,85.69,3.01356,1,3099.25
2024-03-16T03:16:00.000000000Z,10082.56644,6983.42644,-3.01356,85.58,3.01356,1,3099.14
2024-03-16T03:17:00.000000000Z,10082.45644,6983.42644,-3.01356,85.47,3.01356,1,3099.03
2024-03-16T03:18:00.000000000Z,10082.32644,6983.42644,-3.01356,85.34,3.01356,1,3098.9
2024-03-16T03:19:00.000000000Z,10082.19644,6983.42644,-3.01356,85.21,3.01356,1,3098.77
2024-03-16T03:20:00.000000000Z,10082.05644,6983.42644,-3.01356,85.07,3.01356,1,3098.63
2024-03-16T03:21:00.000000000Z,10081.90644,6983.42644,-3.01356,84.92,3.01356,1,3098.48
2024-03-16T03:22:00.000000000Z,10081.75644,6983.42644,-3.01356,84.77,3.01356,1,3098.33
2024-03-16T03:23:00.000000000Z,10081.58644,6983.42644,-3.01356,84.6,3.01356,1,3098.16
2024-03-16T03:24:00.000000000Z,10081.41644,6983.42644,-3.01356,84.43,3.01356,1,3097.99
2024-03-16T03:25:00.000000000Z,10081.23644,6983.42644,-3.01356,84.25,3.01356,1,3097.81
2024-03-16T03:26:00.000000000Z,10081.05644,6983.42644,-3.01356,84.07,3.01356,1,3097.63
2024-03-16T03:27:00.000000000Z,10080.86644,6983.42644,-3.01356,83.88,3.01356,1,3097.44
2024-03-16T03:28:00.000000000Z,10080.66644,6983.42644,-3.01356,83.68,3.01356,1,3097.24
2024-03-16T03:29:00.000000000Z,10080.45644,6983.42644,-3.01356,83.47,3.01356,1,3097.03
2024-03-16T03:30:00.000000000Z,10080.23644,6983.42644,-3.01356,83.25,3.01356,1,3096.81
2024-03-16T03:31:00.000000000Z,10080.01644,6983.42644,-3.01356,83.03,3.01356,1,3096.59
2024-03-16T03:32:00.000000000Z,10079.78644,6983.42644,-3.01356,82.8,3.01356,1,3096.36
2024-03-16T03:33:00.000000000Z,10079.55644,6983.42644,-3.01356,82.57,3.01356,1,3096.13
2024-03-16T03:34:00.000000000Z,10079.30644,6983.42644,-3.01356,82.32,3.01356,1,3095.88
2024-03-16T03:35:00.000000000Z,10079.05644,6983.42644,-3.01356,82.07,3.01356,1,3095.63
2024-03-16T03:36:00.000000000Z,10078.79644,6983.42644,-3.01356,81.81,3.01356,1,3095.37
2024-03-16T03:37:00.000000000Z,10078.53644,6983.42644,-3.01356,81.55,3.01356,1,3095.11
2024-03-16T03:38:00.000000000Z,10078.25644,6983.42644,-3.01356,81.27,3.01356,1,3094.83
2024-03-16T03:39:00.000000000Z,10077.97644,6983.42644,-3.01356,80.99,3.01356,1,3094.55
2024-03-16T03:40:00.000000000Z,10077.68644,6983.42644,-3.01356,80.7,3.01356,1,3094.26
2024-03-16T03:41:00.000000000Z,10077.39644,6983.42644,-3.01356,80.41,3.01356,1,3093.97
2024-03-16T03:42:00.000000000Z,10077.09644,6983.42644,-3.01356,80.11,3.01356,1,3093.67
2024-03-16T03:43:00.000000000Z,10076.78644,6983.42644,-3.01356,79.8,3.01356,1,3093.36
2024-03-16T03:44:00.000000000Z,10076.46644,6983.42644,-3.01356,79.48,3.01356,1,3093.04
2024-03-16T03:45:00.000000000Z,10076.14644,6983.42644,-3.01356,79.16,3.01356,1,3092.72
2024-03-16T03:46:00.000000000Z,10075.81644,6983.42644,-3.01356,78.83,3.01356,1,3092.39
2024-03-16T03:47:00.000000000Z,10075.47644,6983.42644,-3.01356,78.49,3.01356,1,3092.05
2024-03-16T03:48:00.000000000Z,10075.13644,6983.42644,-3.01356,78.15,3.01356,1,3091.71
2024-03-16T03:49:00.000000000Z,10074.77644,6983.42644,-3.01356,77.79,3.01356,1,3091.35
2024-03-16T03:50:00.000000000Z,10074.42644,6983.42644,-3.01356,77.44,3.01356,1,3091
2024-03-16T03:51:00.000000000Z,10074.05644,6983.42644,-3.01356,77.07,3.01356,1,3090.63
2024-03-16T03:52:00.000000000Z,10073.68644,6983.42644,-3.01356,76.7,3.01356,1,3090.26
2024-03-16T03:53:00.000000000Z,10073.30644,6983.42644,-3.01356,76.32,3.01356,1,3089.88
2024-03-16T03:54:00.000000000Z,10072.91644,6983.42644,-3.01356,75.93,3.01356,1,3089.49
2024-03-16T03:55:00.000000000Z,10072.52644,6983.42644,-3.01356,75.54,3.01356,1,3089.1
2024-03-16T03:56:00.000000000Z,10072.12644,6983.42644,-3.01356,75.14,3.01356,1,3088.7
2024-03-16T03:57:00.000000000Z,10071.71644,6983.42644,-3.01356,74.73,3.01356,1,3088.29
2024-03-16T03:58:00.000000000Z,10071.30644,6983.42644,-3.01356,74.32,3.01356,1,3087.88
2024-03-16T03:59:00.000000000Z,10070.88644,6983.42644,-3.01356,73.9,3.01356,1,3087.46
2024-03-16T04:00:00.000000000Z,10070.46644,6983.42644,-3.01356,73.48,3.01356,1,3087.04
2024-03-16T04:01:00.000000000Z,10070.02644,6983.42644,-3.01356,73.04,3.01356,1,3086.6
2024-03-16T04:02:00.000000000Z,10069.58644,6983.42644,-3.01356,72.6,3.01356,1,3086.16
2024-03-16T04:03:00.000000000Z,10069.14644,6983.42644,-3.01356,72.16,3.01356,1,3085.72
2024-03-16T04:04:00.000000000Z,10068.68644,6983.42644,-3.01356,71.7,3.01356,1,3085.26
2024-03-16T04:05:00.000000000Z,10068.22644,6983.42644,-3.01356,71.24,3.01356,1,3084.8
2024-03-16T04:06:00.000000000Z,10067.76644,6983.42644,-3.01356,70.78,3.01356,1,3084.34
2024-03-16T04:07:00.000000000Z,10067.29644,6983.42644,-3.01356,70.31,3.01356,1,3083.87
2024-03-16T04:08:00.000000000Z,10066.81644,6983.42644,-3.01356,69.83,3.01356,1,3083.39
2024-03-16T04:09:00.000000000Z,10066.32644,6983.42644,-3.01356,69.34,3.01356,1,3082.9
2024-03-16T04:10:00.000000000Z,10065.83644,6983.42644,-3.01356,68.85,3.01356,1,3082.41
2024-03-16T04:11:00.000000000Z,10065.34644,6983.42644,-3.01356,68.36,3.01356,1,3081.92
2024-03-16T04:12:00.000000000Z,10064.83644,6983.42644,-3.01356,67.85,3.01356,1,3081.41
2024-03-16T04:13:00.000000000Z,10064.32644,6983.42644,-3.01356,67.34,3.01356,1,3080.9
2024-03-16T04:14:00.000000000Z,10063.81644,6983.42644,-3.01356,66.83,3.01356,1,3080.39
2024-03-16T04:15:00.000000000Z,10063.28644,6983.42644,-3.01356,66.3,3.01356,1,3079.86
2024-03-16T04:16:00.000000000Z,10062.76644,6983.42644,-3.01356,65.78,3.01356,1,3079.34
2024-03-16T04:17:00.000000000Z,10062.22644,6983.42644,-3.01356,65.24,3.01356,1,3078.8
2024-03-16T04:18:00.000000000Z,10061.68644,6983.42644,-3.01356,64.7,3.01356,1,3078.26
2024-03-16T04:19:00.000000000Z,10061.13644,6983.42644,-3.01356,64.15,3.01356,1,3077.71
2024-03-16T04:20:00.000000000Z,10060.58644,6983.42644,-3.01356,63.6,3.01356,1,3077.16
2024-03-16T04:21:00.000000000Z,10060.02644,6983.42644,-3.01356,63.04,3.01356,1,3076.6
2024-03-16T04:22:00.000000000Z,10059.46644,6983.42644,-3.01356,62.48,3.01356,1,3076.04
2024-03-16T04:23:00.000000000Z,10058.89644,6983.42644,-3.01356,61.91,3.01356,1,3075.47
2024-03-16T04:24:00.000000000Z,10058.32644,6983.42644,-3.01356,61.34,3.01356,1,3074.9
2024-03-16T04:25:00.000000000Z,10057.73644,6983.42644,-3.01356,60.75,3.01356,1,3074.31
2024-03-16T04:26:00.000000000Z,10057.15644,6983.42644,-3.01356,60.17,3.01356,1,3073.73
2024-03-16T04:27:00.000000000Z,10056.56644,6983.42644,-3.01356,59.58,3.01356,1,3073.14
2024-03-16T04:28:00.000000000Z,10055.96644,6983.42644,-3.01356,58.98,3.01356,1,3072.54
2024-03-16T04:29:00.000000000Z,10055.35644,6983.42644,-3.01356,58.37,3.01356,1,3071.93
2024-03-16T04:30:00.000000000Z,10054.75644,6983.42644,-3.01356,57.77,3.01356,1,3071.33
2024-03-16T04:31:00.000000000Z,10054.13644,6983.42644,-3.01356,57.15,3.01356,1,3070.71
2024-03-16T04:32:00.000000000Z,10053.51644,6983.42644,-3.01356,56.53,3.01356,1,3070.09
2024-03-16T04:33:00.000000000Z,10052.89644,6983.42644,-3.01356,55.91,3.01356,1,3069.47
2024-03-16T04:34:00.000000000Z,10052.26644,6983.42644,-3.01356,55.28,3.01356,1,3068.84
2024-03-16T04:35:00.000000000Z,10051.62644,6983.42644,-3.01356,54.64,3.01356,1,3068.2
2024-03-16T04:36:00.000000000Z,10050.98644,6983.42644,-3.01356,54,3.01356,1,3067.56
2024-03-16T04:37:00.000000000Z,10050.33644,6983.42644,-3.01356,53.35,3.01356,1,3066.91
2024-03-16T04:38:00.000000000Z,10049.68644,6983.42644,-3.01356,52.7,3.01356,1,3066.26
2024-03-16T04:39:00.000000000Z,10049.03644,6983.42644,-3.01356,52.05,3.01356,1,3065.61
2024-03-16T04:40:00.000000000Z,10048.36644,6983.42644,-3.01356,51.38,3.01356,1,3064.94
2024-03-16T04:41:00.000000000Z,10047.70644,6983.42644,-3.01356,50.72,3.01356,1,3064.28
2024-03-16T04:42:00.000000000Z,10047.03644,6983.42644,-3.01356,50.05,3.01356,1,3063.61
2024-03-16T04:43:00.000000000Z,10046.35644,6983.42644,-3.01356,49.37,3.01356,1,3062.93
2024-03-16T04:44:00.000000000Z,10045.67644,6983.42644,-3.01356,48.69,3.01356,1,3062.25
2024-03-16T04:45:00.000000000Z,10044.99644,6983.42644,-3.01356,48.01,3.01356,1,3061.57
2024-03-16T04:46:00.000000000Z,10044.30644,6983.42644,-3.01356,47.32,3.01356,1,3060.88
2024-03-16T04:47:00.000000000Z,10043.60644,6983.42644,-3.01356,46.62,3.01356,1,3060.18
2024-03-16T04:48:00.000000000Z,10042.90644,6983.42644,-3.01356,45.92,3.01356,1,3059.48
2024-03-16T04:49:00.000000000Z,10042.20644,6983.42644,-3.01356,45.22,3.01356,1,3058.78
2024-03-16T04:50:00.000000000Z,10041.49644,6983.42644,-3.01356,44.51,3.01356,1,3058.07
2024-03-16T04:51:00.000000000Z,10040.78644,6983.42644,-3.01356,43.8,3.01356,1,3057.36
2024-03-16T04:52:00.000000000Z,10040.06644,6983.42644,-3.01356,43.08,3.01356,1,3056.64
2024-03-16T04:53:00.000000000Z,10039.34644,6983.42644,-3.01356,42.36,3.01356,1,3055.92
2024-03-16T04:54:00.000000000Z,10038.61644,6983.42644,-3.01356,41.63,3.01356,1,3055.19
2024-03-16T04:55:00.000000000Z,10037.88644,6983.42644,-3.01356,40.9,3.01356,1,3054.46
2024-03-16T04:56:00.000000000Z,10037.15644,6983.42644,-3.01356,40.17,3.01356,1,3053.73
2024-03-16T04:57:00.000000000Z,10036.41644,6983.42644,-3.01356,39.43,3.01356,1,3052.99
2024-03-16T04:58:00.000000000Z,10035.67644,6983.42644,-3.01356,38.69,3.01356,1,3052.25
2024-03-16T04:59:00.000000000Z,10034.92644,6983.42644,-3.01356,37.94,3.01356,1,3051.5
2024-03-16T05:00:00.000000000Z,10034.17644,6983.42644,-3.01356,37.19,3.01356,1,3050.75
2024-03-16T05:01:00.000000000Z,10033.42644,6983.42644,-3.01356,36.44,3.01356,1,3050
2024-03-16T05:02:00.000000000Z,10032.66644,6983.42644,-3.01356,35.68,3.01356,1,3049.24
2024-03-16T05:03:00.000000000Z,10031.90644,6983.42644,-3.01356,34.92,3.01356,1,3048.48
2024-03-16T05:04:00.000000000Z,10031.14644,6983.42644,-3.01356,34.16,3.01356,1,3047.72
2024-03-16T05:05:00.000000000Z,10030.37644,6983.42644,-3.01356,33.39,3.01356,1,3046.95
2024-03-16T05:06:00.000000000Z,10029.59644,6983.42644,-3.01356,32.61,3.01356,1,3046.17
2024-03-16T05:07:00.000000000Z,10028.82644,6983.42644,-3.01356,31.84,3.01356,1,3045.4
2024-03-16T05:08:00.000000000Z,10028.04644,6983.42644,-3.01356,31.06,3.01356,1,3044.62
2024-03-16T05:09:00.000000000Z,10027.26644,6983.42644,-3.01356,30.28,3.01356,1,3043.84
2024-03-16T05:10:00.000000000Z,10026.47644,6983.42644,-3.01356,29.49,3.01356,1,3043.05
2024-03-16T05:11:00.000000000Z,10025.68644,6983.42644,-3.01356,28.7,3.01356,1,3042.26
2024-03-16T05:12:00.000000000Z,10024.89644,6983.42644,-3.01356,27.91,3.01356,1,3041.47
2024-03-16T05:13:00.000000000Z,10024.09644,6983.42644,-3.01356,27.11,3.01356,1,3040.67
2024-03-16T05:14:00.000000000Z,10023.29644,6983.42644,-3.01356,26.31,3.01356,1,3039.87
2024-03-16T05:15:00.000000000Z,10022.49644,6983.42644,-3.01356,25.51,3.01356,1,3039.07
2024-03-16T05:16:00.000000000Z,10021.69644,6983.42644,-3.01356,24.71,3.01356,1,3038.27
2024-03-16T05:17:00.000000000Z,10020.88644,6983.42644,-3.01356,23.9,3.01356,1,3037.46
2024-03-16T05:18:00.000000000Z,10020.07644,6983.42644,-3.01356,23.09,3.01356,1,3036.65
2024-03-16T05:19:00.000000000Z,10019.26644,6983.42644,-3.01356,22.28,3.01356,1,3035.84
2024-03-16T05:20:00.000000000Z,10018.44644,6983.42644,-3.01356,21.46,3.01356,1,3035.02
2024-03-16T05:21:00.000000000Z,10017.62644,6983.42644,-3.01356,20.64,3.01356,1,3034.2
2024-03-16T05:22:00.000000000Z,10016.80644,6983.42644,-3.01356,19.82,3.01356,1,3033.38
2024-03-16T05:23:00.000000000Z,10015.98644,6983.42644,-3.01356,19,3.01356,1,3032.56
2024-03-16T05:24:00.000000000Z,10015.15644,6983.42644,-3.01356,18.17,3.01356,1,3031.73
2024-03-16T05:25:00.000000000Z,10014.32644,6983.42644,-3.01356,17.34,3.01356,1,3030.9
2024-03-16T05:26:00.000000000Z,10013.49644,6983.42644,-3.01356,16.51,3.01356,1,3030.07
2024-03-16T05:27:00.000000000Z,10012.66644,6983.42644,-3.01356,15.68,3.01356,1,3029.24
2024-03-16T05:28:00.000000000Z,10011.82644,6983.42644,-3.01356,14.84,3.01356,1,3028.4
2024-03-16T05:29:00.000000000Z,10010.98644,6983.42644,-3.01356,14,3.01356,1,3027.56
2024-03-16T05:30:00.000000000Z,10010.14644,6983.42644,-3.01356,13.16,3.01356,1,3026.72
2024-03-16T05:31:00.000000000Z,10009.30644,6983.42644,-3.01356,12.32,3.01356,1,3025.88
2024-03-16T05:32:00.000000000Z,10008.46644,6983.42644,-3.01356,11.48,3.01356,1,3025.04
2024-03-16T05:33:00.000000000Z,10007.61644,6983.42644,-3.01356,10.63,3.01356,1,3024.19
2024-03-16T05:34:00.000000000Z,10006.76644,6983.42644,-3.01356,9.78,3.01356,1,3023.34
2024-03-16T05:35:00.000000000Z,10005.92644,6983.42644,-3.01356,8.94,3.01356,1,3022.5
2024-03-16T05:36:00.000000000Z,10005.06644,6983.42644,-3.01356,8.08,3.01356,1,3021.64
2024-03-16T05:37:00.000000000Z,10004.21644,6983.42644,-3.01356,7.23,3.01356,1,3020.79
2024-03-16T05:38:00.000000000Z,10003.36644,6983.42644,-3.01356,6.38,3.01356,1,3019.94
2024-03-16T05:39:00.000000000Z,10002.50644,6983.42644,-3.01356,5.52,3.01356,1,3019.08
2024-03-16T05:40:00.000000000Z,10001.64644,6983.42644,-3.01356,4.66,3.01356,1,3018.22
2024-03-16T05:41:00.000000000Z,10000.78644,6983.42644,-3.01356,3.8,3.01356,1,3017.36
2024-03-16T05:42:00.000000000Z,9999.92644,6983.42644,-3.01356,2.94,3.01356,1,3016.5
2024-03-16T05:43:00.000000000Z,9999.06644,6983.42644,-3.01356,2.08,3.01356,1,3015.64
2024-03-16T05:44:00.000000000Z,9998.20644,6983.42644,-3.01356,1.22,3.01356,1,3014.78
2024-03-16T05:45:00.000000000Z,9997.34644,6983.42644,-3.01356,0.36,3.01356,1,3013.92
2024-03-16T05:46:00.000000000Z,9996.47644,6983.42644,-3.01356,-0.51,3.01356,1,3013.05
2024-03-16T05:47:00.000000000Z,9995.61644,6983.42644,-3.01356,-1.37,3.01356,1,3012.19
2024-03-16T05:48:00.000000000Z,9994.74644,6983.42644,-3.01356,-2.24,3.01356,1,3011.32
2024-03-16T05:49:00.000000000Z,9993.87644,6983.42644,-3.01356,-3.11,3.01356,1,3010.45
2024-03-16T05:50:00.000000000Z,9993.00644,6983.42644,-3.01356,-3.98,3.01356,1,3009.58
2024-03-16T05:51:00.000000000Z,9992.14644,6983.42644,-3.01356,-4.84,3.01356,1,3008.72
2024-03-16T05:52:00.000000000Z,9991.27644,6983.42644,-3.01356,-5.71,3.01356,1,3007.85
2024-03-16T05:53:00.000000000Z,9990.40644,6983.42644,-3.01356,-6.58,3.01356,1,3006.98
2024-03-16T05:54:00.000000000Z,9989.52644,6983.42644,-3.01356,-7.46,3.01356,1,3006.1
2024-03-16T05:55:00.000000000Z,9988.65644,6983.42644,-3.01356,-8.33,3.01356,1,3005.23
2024-03-16T05:56:00.000000000Z,9987.78644,6983.42644,-3.01356,-9.2,3.01356,1,3004.36
2024-03-16T05:57:00.000000000Z,9986.91644,6983.42644,-3.01356,-10.07,3.01356,1,3003.49
2024-03-16T05:58:00.000000000Z,9986.04644,6983.42644,-3.01356,-10.94,3.01356,1,3002.62
2024-03-16T05:59:00.000000000Z,9985.17644,6983.42644,-3.01356,-11.81,3.01356,1,3001.75
2024-03-16T06:00:00.000000000Z,9984.29644,6983.42644,-3.01356,-12.69,3.01356,1,3000.87
2024-03-16T06:01:00.000000000Z,9983.42644,6983.42644,-3.01356,-13.56,3.01356,1,3000
2024-03-16T06:02:00.000000000Z,9982.55644,6983.42644,-3.01356,-14.43,3.01356,1,2999.13
2024-03-16T06:03:00.000000000Z,9981.67644,6983.42644,-3.01356,-15.31,3.01356,1,2998.25
2024-03-16T06:04:00.000000000Z,9980.80644,6983.42644,-3.01356,-16.18,3.01356,1,2997.38
2024-03-16T06:05:00.000000000Z,9979.93644,6983.42644,-3.01356,-17.05,3.01356,1,2996.51
2024-03-16T06:06:00.000000000Z,9979.06644,6983.42644,-3.01356,-17.92,3.01356,1,2995.64
2024-03-16T06:07:00.000000000Z,9978.19644,6983.42644,-3.01356,-18.79,3.01356,1,2994.77
2024-03-16T06:08:00.000000000Z,9977.32644,6983.42644,-3.01356,-19.66,3.01356,1,2993.9
2024-03-16T06:09:00.000000000Z,9976.44644,6983.42644,-3.01356,-20.54,3.01356,1,2993.02
2024-03-16T06:10:00.000000000Z,9975.57644,6983.42644,-3.01356,-21.41,3.01356,1,2992.15
2024-03-16T06:11:00.000000000Z,9974.70644,6983.42644,-3.01356,-22.28,3.01356,1,2991.28
2024-03-16T06:12:00.000000000Z,9973.84644,6983.42644,-3.01356,-23.14,3.01356,1,2990.42
2024-03-16T06:13:00.000000000Z,9972.97644,6983.42644,-3.01356,-24.01,3.01356,1,2989.55
2024-03-16T06:14:00.000000000Z,9972.10644,6983.42644,-3.01356,-24.88,3.01356,1,2988.68
2024-03-16T06:15:00.000000000Z,9971.23644,6983.42644,-3.01356,-25.75,3.01356,1,2987.81
2024-03-16T06:16:00.000000000Z,9970.37644,6983.42644,-3.01356,-26.61,3.01356,1,2986.95
2024-03-16T06:17:00.000000000Z,9969.50644,6983.42644,-3.01356,-27.48,3.01356,1,2986.08
2024-03-16T06:18:00.000000000Z,9968.64644,6983.42644,-3.01356,-28.34,3.01356,1,2985.22
2024-03-16T06:19:00.000000000Z,9967.78644,6983.42644,-3.01356,-29.2,3.01356,1,2984.36
2024-03-16T06:20:00.000000000Z,9966.92644,6983.42644,-3.01356,-30.06,3.01356,1,2983.5
2024-03-16T06:21:00.000000000Z,9966.06644,6983.42644,-3.01356,-30.92,3.01356,1,2982.64
2024-03-16T06:22:00.000000000Z,9965.20644,6983.42644,-3.01356,-31.78,3.01356,1,2981.78
2024-03-16T06:23:00.000000000Z,9964.34644,6983.42644,-3.01356,-32.64,3.01356,1,2980.92
2024-03-16T06:24:00.000000000Z,9963.48644,6983.42644,-3.01356,-33.5,3.01356,1,2980.06
2024-03-16T06:25:00.000000000Z,9962.63644,6983.42644,-3.01356,-34.35,3.01356,1,2979.21
2024-03-16T06:26:00.000000000Z,9961.78644,6983.42644,-3.01356,-35.2,3.01356,1,2978.36
2024-03-16T06:27:00.000000000Z,9960.92644,6983.42644,-3.01356,-36.06,3.01356,1,2977.5
2024-03-16T06:28:00.000000000Z,9960.08644,6983.42644,-3.01356,-36.9,3.01356,1,2976.66
2024-03-16T06:29:00.000000000Z,9959.23644,6983.42644,-3.01356,-37.75,3.01356,1,2975.81
2024-03-16T06:30:00.000000000Z,9958.38644,6983.42644,-3.01356,-38.6,3.01356,1,2974.96
2024-03-16T06:31:00.000000000Z,9957.54644,6983.42644,-3.01356,-39.44,3.01356,1,2974.12
2024-03-16T06:32:00.000000000Z,9956.70644,6983.42644,-3.01356,-40.28,3.01356,1,2973.28
2024-03-16T06:33:00.000000000Z,9955.86644,6983.42644,-3.01356,-41.12,3.01356,1,2972.44
2024-03-16T06:34:00.000000000Z,9955.02644,6983.42644,-3.01356,-41.96,3.01356,1,2971.6
2024-03-16T06:35:00.000000000Z,9954.18644,6983.42644,-3.01356,-42.8,3.01356,1,2970.76
2024-03-16T06:36:00.000000000Z,9953.35644,6983.42644,-3.01356,-43.63,3.01356,1,2969.93
2024-03-16T06:37:00.000000000Z,9952.52644,6983.42644,-3.01356,-44.46,3.01356,1,2969.1
2024-03-16T06:38:00.000000000Z,9951.69644,6983.42644,-3.01356,-45.29,3.01356,1,2968.27
2024-03-16T06:39:00.000000000Z,9950.86644,6983.42644,-3.01356,-46.12,3.01356,1,2967.44
2024-03-16T06:40:00.000000000Z,9950.04644,6983.42644,-3.01356,-46.94,3.01356,1,2966.62
2024-03-16T06:41:00.000000000Z,9949.22644,6983.42644,-3.01356,-47.76,3.01356,1,2965.8
2024-03-16T06:42:00.000000000Z,9948.40644,6983.42644,-3.01356,-48.58,3.01356,1,2964.98
2024-03-16T06:43:00.000000000Z,9947.58644,6983.42644,-3.01356,-49.4,3.01356,1,2964.16
2024-03-16T06:44:00.000000000Z,9946.77644,6983.42644,-3.01356,-50.21,3.01356,1,2963.35
2024-03-16T06:45:00.000000000Z,9945.96644,6983.42644,-3.01356,-51.02,3.01356,1,2962.54
2024-03-16T06:46:00.000000000Z,9945.15644,6983.42644,-3.01356,-51.83,3.01356,1,2961.73
2024-03-16T06:47:00.000000000Z,9944.35644,6983.42644,-3.01356,-52.63,3.01356,1,2960.93
2024-03-16T06:48:00.000000000Z,9943.55644,6983.42644,-3.01356,-53.43,3.01356,1,2960.13
2024-03-16T06:49:00.000000000Z,9942.75644,6983.42644,-3.01356,-54.23,3.01356,1,2959.33
2024-03-16T06:50:00.000000000Z,9941.95644,6983.42644,-3.01356,-55.03,3.01356,1,2958.53
2024-03-16T06:51:00.000000000Z,9941.16644,6983.42644,-3.01356,-55.82,3.01356,1,2957.74
2024-03-16T06:52:00.000000000Z,9940.37644,6983.42644,-3.01356,-56.61,3.01356,1,2956.95
2024-03-16T06:53:00.000000000Z,9939.58644,6983.42644,-3.01356,-57.4,3.01356,1,2956.16
2024-03-16T06:54:00.000000000Z,9938.80644,6983.42644,-3.01356,-58.18,3.01356,1,2955.38
2024-03-16T06:55:00.000000000Z,9938.02644,6983.42644,-3.01356,-58.96,3.01356,1,2954.6
2024-03-16T06:56:00.000000000Z,9937.25644,6983.42644,-3.01356,-59.73,3.01356,1,2953.83
2024-03-16T06:57:00.000000000Z,9936.47644,6983.42644,-3.01356,-60.51,3.01356,1,2953.05
2024-03-16T06:58:00.000000000Z,9935.70644,6983.42644,-3.01356,-61.28,3.01356,1,2952.28
2024-03-16T06:59:00.000000000Z,9934.94644,6983.42644,-3.01356,-62.04,3.01356,1,2951.52
2024-03-16T07:00:00.000000000Z,9934.18644,6983.42644,-3.01356,-62.8,3.01356,1,2950.76
2024-03-16T07:01:00.000000000Z,9933.42644,6983.42644,-3.01356,-63.56,3.01356,1,2950
2024-03-16T07:02:00.000000000Z,9932.67644,6983.42644,-3.01356,-64.31,3.01356,1,2949.25
2024-03-16T07:03:00.000000000Z,9931.92644,6983.42644,-3.01356,-65.06,3.01356,1,2948.5
2024-03-16T07:04:00.000000000Z,9931.17644,6983.42644,-3.01356,-65.81,3.01356,1,2947.75
2024-03-16T07:05:00.000000000Z,9930.43644,6983.42644,-3.01356,-66.55,3.01356,1,2947.01
2024-03-16T07:06:00.000000000Z,9929.69644,6983.42644,-3.01356,-67.29,3.01356,1,2946.27
2024-03-16T07:07:00.000000000Z,9928.96644,6983.42644,-3.01356,-68.02,3.01356,1,2945.54
2024-03-16T07:08:00.000000000Z,9928.23644,6983.42644,-3.01356,-68.75,3.01356,1,2944.81
2024-03-16T07:09:00.000000000Z,9927.50644,6983.42644,-3.01356,-69.48,3.01356,1,2944.08
2024-03-16T07:10:00.000000000Z,9926.78644,6983.42644,-3.01356,-70.2,3.01356,1,2943.36
2024-03-16T07:11:00.000000000Z,9926.06644,6983.42644,-3.01356,-70.92,3.01356,1,2942.64
2024-03-16T07:12:00.000000000Z,9925.35644,6983.42644,-3.01356,-71.63,3.01356,1,2941.93
2024-03-16T07:13:00.000000000Z,9924.64644,6983.42644,-3.01356,-72.34,3.01356,1,2941.22
2024-03-16T07:14:00.000000000Z,9923.94644,6983.42644,-3.01356,-73.04,3.01356,1,2940.52
2024-03-16T07:15:00.000000000Z,9923.24644,6983.42644,-3.01356,-73.74,3.01356,1,2939.82
2024-03-16T07:16:00.000000000Z,9922.54644,6983.42644,-3.01356,-74.44,3.01356,1,2939.12
2024-03-16T07:17:00.000000000Z,9921.85644,6983.42644,-3.01356,-75.13,3.01356,1,2938.43
2024-03-16T07:18:00.000000000Z,9921.17644,6983.42644,-3.01356,-75.81,3.01356,1,2937.75
2024-03-16T07:19:00.000000000Z,9920.49644,6983.42644,-3.01356,-76.49,3.01356,1,2937.07
2024-03-16T07:20:00.000000000Z,9919.81644,6983.42644,-3.01356,-77.17,3.01356,1,2936.39
2024-03-16T07:21:00.000000000Z,9919.14644,6983.42644,-3.01356,-77.84,3.01356,1,2935.72
2024-03-16T07:22:00.000000000Z,9918.48644,6983.42644,-3.01356,-78.5,3.01356,1,2935.06
2024-03-16T07:23:00.000000000Z,9917.81644,6983.42644,-3.01356,-79.17,3.01356,1,2934.39
2024-03-16T07:24:00.000000000Z,9917.16644,6983.42644,-3.01356,-79.82,3.01356,1,2933.74
2024-03-16T07:25:00.000000000Z,9916.51644,6983.42644,-3.01356,-80.47,3.01356,1,2933.09
2024-03-16T07:26:00.000000000Z,9915.86644,6983.42644,-3.01356,-81.12,3.01356,1,2932.44
2024-03-16T07:27:00.000000000Z,9915.22644,6983.42644,-3.01356,-81.76,3.01356,1,2931.8
2024-03-16T07:28:00.000000000Z,9914.58644,6983.42644,-3.01356,-82.4,3.01356,1,2931.16
2024-03-16T07:29:00.000000000Z,9913.95644,6983.42644,-3.01356,-83.03,3.01356,1,2930.53
2024-03-16T07:30:00.000000000Z,9913.33644,6983.42644,-3.01356,-83.65,3.01356,1,2929.91
2024-03-16T07:31:00.000000000Z,9912.71644,6983.42644,-3.01356,-84.27,3.01356,1,2929.29
2024-03-16T07:32:00.000000000Z,9912.09644,6983.42644,-3.01356,-84.89,3.01356,1,2928.67
2024-03-16T07:33:00.000000000Z,9911.49644,6983.42644,-3.01356,-85.49,3.01356,1,2928.07
2024-03-16T07:34:00.000000000Z,9910.88644,6983.42644,-3.01356,-86.1,3.01356,1,2927.46
2024-03-16T07:35:00.000000000Z,9910.28644,6983.42644,-3.01356,-86.7,3.01356,1,2926.86
2024-03-16T07:36:00.000000000Z,9909.69644,6983.42644,-3.01356,-87.29,3.01356,1,2926.27
2024-03-16T07:37:00.000000000Z,9909.11644,6983.42644,-3.01356,-87.87,3.01356,1,2925.69
2024-03-16T07:38:00.000000000Z,9908.52644,6983.42644,-3.01356,-88.46,3.01356,1,2925.1
2024-03-16T07:39:00.000000000Z,9907.95644,6983.42644,-3.01356,-89.03,3.01356,1,2924.53
2024-03-16T07:40:00.000000000Z,9907.38644,6983.42644,-3.01356,-89.6,3.01356,1,2923.96
2024-03-16T07:41:00.000000000Z,9906.82644,6983.42644,-3.01356,-90.16,3.01356,1,2923.4
2024-03-16T07:42:00.000000000Z,9906.26644,6983.42644,-3.01356,-90.72,3.01356,1,2922.84
2024-03-16T07:43:00.000000000Z,9905.71644,6983.42644,-3.01356,-91.27,3.01356,1,2922.29
2024-03-16T07:44:00.000000000Z,9905.16644,6983.42644,-3.01356,-91.82,3.01356,1,2921.74
2024-03-16T07:45:00.000000000Z,9904.62644,6983.42644,-3.01356,-92.36,3.01356,1,2921.2
2024-03-16T07:46:00.000000000Z,9904.08644,6983.42644,-3.01356,-92.9,3.01356,1,2920.66
2024-03-16T07:47:00.000000000Z,9903.56644,6983.42644,-3.01356,-93.42,3.01356,1,2920.14
2024-03-16T07:48:00.000000000Z,9903.03644,6983.42644,-3.01356,-93.95,3.01356,1,2919.61
2024-03-16T07:49:00.000000000Z,9902.52644,6983.42644,-3.01356,-94.46,3.01356,1,2919.1
2024-03-16T07:50:00.000000000Z,9902.01644,6983.42644,-3.01356,-94.97,3.01356,1,2918.59
2024-03-16T07:51:00.000000000Z,9901.50644,6983.42644,-3.01356,-95.48,3.01356,1,2918.08
2024-03-16T07:52:00.000000000Z,9901.01644,6983.42644,-3.01356,-95.97,3.01356,1,2917.59
2024-03-16T07:53:00.000000000Z,9900.52644,6983.42644,-3.01356,-96.46,3.01356,1,2917.1
2024-03-16T07:54:00.000000000Z,9900.03644,6983.42644,-3.01356,-96.95,3.01356,1,2916.61
2024-03-16T07:55:00.000000000Z,9899.55644,6983.42644,-3.01356,-97.43,3.01356,1,2916.13
2024-03-16T07:56:00.000000000Z,9899.08644,6983.42644,-3.01356,-97.9,3.01356,1,2915.66
2024-03-16T07:57:00.000000000Z,9898.62644,6983.42644,-3.01356,-98.36,3.01356,1,2915.2
2024-03-16T07:58:00.000000000Z,9898.16644,6983.42644,-3.01356,-98.82,3.01356,1,2914.74
2024-03-16T07:59:00.000000000Z,9897.70644,6983.42644,-3.01356,-99.28,3.01356,1,2914.28
2024-03-16T08:00:00.000000000Z,9897.26644,6983.42644,-3.01356,-99.72,3.01356,1,2913.84
2024-03-16T08:01:00.000000000Z,9896.82644,6983.42644,-3.01356,-100.16,3.01356,1,2913.4
2024-03-16T08:02:00.000000000Z,9896.38644,6983.42644,-3.01356,-100.6,3.01356,1,2912.96
2024-03-16T08:03:00.000000000Z,9895.96644,6983.42644,-3.01356,-101.02,3.01356,1,2912.54
2024-03-16T08:04:00.000000000Z,9895.54644,6983.42644,-3.01356,-101.44,3.01356,1,2912.12
2024-03-16T08:05:00.000000000Z,9895.13644,6983.42644,-3.01356,-101.85,3.01356,1,2911.71
2024-03-16T08:06:00.000000000Z,9894.72644,6983.42644,-3.01356,-102.26,3.01356,1,2911.3
2024-03-16T08:07:00.000000000Z,9894.32644,6983.42644,-3.01356,-102.66,3.01356,1,2910.9
2024-03-16T08:08:00.000000000Z,9893.93644,6983.42644,-3.01356,-103.05,3.01356,1,2910.51
2024-03-16T08:09:00.000000000Z,9893.54644,6983.42644,-3.01356,-103.44,3.01356,1,2910.12
2024-03-16T08:10:00.000000000Z,9893.16644,6983.42644,-3.01356,-103.82,3.01356,1,2909.74
2024-03-16T08:11:00.000000000Z,9892.79644,6983.42644,-3.01356,-104.19,3.01356,1,2909.37
2024-03-16T08:12:00.000000000Z,9892.42644,6983.42644,-3.01356,-104.56,3.01356,1,2909
2024-03-16T08:13:00.000000000Z,9892.07644,6983.42644,-3.01356,-104.91,3.01356,1,2908.65
2024-03-16T08:14:00.000000000Z,9891.71644,6983.42644,-3.01356,-105.27,3.01356,1,2908.29
2024-03-16T08:15:00.000000000Z,9891.37644,6983.42644,-3.01356,-105.61,3.01356,1,2907.95
2024-03-16T08:16:00.000000000Z,9891.03644,6983.42644,-3.01356,-105.95,3.01356,1,2907.61
2024-03-16T08:17:00.000000000Z,9890.70644,6983.42644,-3.01356,-106.28,3.01356,1,2907.28
2024-03-16T08:18:00.000000000Z,9890.38644,6983.42644,-3.01356,-106.6,3.01356,1,2906.96
2024-03-16T08:19:00.000000000Z,9890.06644,6983.42644,-3.01356,-106.92,3.01356,1,2906.64
2024-03-16T08:20:00.000000000Z,9889.75644,6983.42644,-3.01356,-107.23,3.01356,1,2906.33
2024-03-16T08:21:00.000000000Z,9889.45644,6983.42644,-3.01356,-107.53,3.01356,1,2906.03
2024-03-16T08:22:00.000000000Z,9889.16644,6983.42644,-3.01356,-107.82,3.01356,1,2905.74
2024-03-16T08:23:00.000000000Z,9888.87644,6983.42644,-3.01356,-108.11,3.01356,1,2905.45
2024-03-16T08:24:00.000000000Z,9888.59644,6983.42644,-3.01356,-108.39,3.01356,1,2905.17
2024-03-16T08:25:00.000000000Z,9888.31644,6983.42644,-3.01356,-108.67,3.01356,1,2904.89
2024-03-16T08:26:00.000000000Z,9888.05644,6983.42644,-3.01356,-108.93,3.01356,1,2904.63
2024-03-16T08:27:00.000000000Z,9887.79644,6983.42644,-3.01356,-109.19,3.01356,1,2904.37
2024-03-16T08:28:00.000000000Z,9887.54644,6983.42644,-3.01356,-109.44,3.01356,1,2904.12
2024-03-16T08:29:00.000000000Z,9887.29644,6983.42644,-3.01356,-109.69,3.01356,1,2903.87
2024-03-16T08:30:00.000000000Z,9887.06644,6983.42644,-3.01356,-109.92,3.01356,1,2903.64
2024-03-16T08:31:00.000000000Z,9886.83644,6983.42644,-3.01356,-110.15,3.01356,1,2903.41
2024-03-16T08:32:00.000000000Z,9886.61644,6983.42644,-3.01356,-110.37,3.01356,1,2903.19
2024-03-16T08:33:00.000000000Z,9886.39644,6983.42644,-3.01356,-110.59,3.01356,1,2902.97
2024-03-16T08:34:00.000000000Z,9886.18644,6983.42644,-3.01356,-110.8,3.01356,1,2902.76
2024-03-16T08:35:00.000000000Z,9885.98644,6983.42644,-3.01356,-111,3.01356,1,2902.56
2024-03-16T08:36:00.000000000Z,9885.79644,6983.42644,-3.01356,-111.19,3.01356,1,2902.37
2024-03-16T08:37:00.000000000Z,9885.61644,6983.42644,-3.01356,-111.37,3.01356,1,2902.19
2024-03-16T08:38:00.000000000Z,9885.43644,6983.42644,-3.01356,-111.55,3.01356,1,2902.01
2024-03-16T08:39:00.000000000Z,9885.26644,6983.42644,-3.01356,-111.72,3.01356,1,2901.84
2024-03-16T08:40:00.000000000Z,9885.09644,6983.42644,-3.01356,-111.89,3.01356,1,2901.67
2024-03-16T08:41:00.000000000Z,9884.94644,6983.42644,-3.01356,-112.04,3.01356,1,2901.52
2024-03-16T08:42:00.000000000Z,9884.79644,6983.42644,-3.01356,-112.19,3.01356,1,2901.37
2024-03-16T08:43:00.000000000Z,9884.65644,6983.42644,-3.01356,-112.33,3.01356,1,2901.23
2024-03-16T08:44:00.000000000Z,9884.52644,6983.42644,-3.01356,-112.46,3.01356,1,2901.1
2024-03-16T08:45:00.000000000Z,9884.39644,6983.42644,-3.01356,-112.59,3.01356,1,2900.97
2024-03-16T08:46:00.000000000Z,9884.28644,6983.42644,-3.01356,-112.7,3.01356,1,2900.86
2024-03-16T08:47:00.000000000Z,9884.17644,6983.42644,-3.01356,-112.81,3.01356,1,2900.75
2024-03-16T08:48:00.000000000Z,9884.06644,6983.42644,-3.01356,-112.92,3.01356,1,2900.64
2024-03-16T08:49:00.000000000Z,9883.97644,6983.42644,-3.01356,-113.01,3.01356,1,2900.55
2024-03-16T08:50:00.000000000Z,9883.88644,6983.42644,-3.01356,-113.1,3.01356,1,2900.46
2024-03-16T08:51:00.000000000Z,9883.80644,6983.42644,-3.01356,-113.18,3.01356,1,2900.38
2024-03-16T08:52:00.000000000Z,9883.73644,6983.42644,-3.01356,-113.25,3.01356,1,2900.31
2024-03-16T08:53:00.000000000Z,9883.66644,6983.42644,-3.01356,-113.32,3.01356,1,2900.24
2024-03-16T08:54:00.000000000Z,9883.61644,6983.42644,-3.01356,-113.37,3.01356,1,2900.19
2024-03-16T08:55:00.000000000Z,9883.56644,6983.42644,-3.01356,-113.42,3.01356,1,2900.14
2024-03-16T08:56:00.000000000Z,9883.52644,6983.42644,-3.01356,-113.46,3.01356,1,2900.1
2024-03-16T08:57:00.000000000Z,9883.48644,6983.42644,-3.01356,-113.5,3.01356,1,2900.06
2024-03-16T08:58:00.000000000Z,9883.45644,6983.42644,-3.01356,-113.53,3.01356,1,2900.03
2024-03-16T08:59:00.000000000Z,9883.44644,6983.42644,-3.01356,-113.54,3.01356,1,2900.02
2024-03-16T09:00:00.000000000Z,9883.42644,6983.42644,-3.01356,-113.56,3.01356,1,2900
2024-03-16T09:01:00.000000000Z,9883.42644,6983.42644,-3.01356,-113.56,3.01356,1,2900
2024-03-16T09:02:00.000000000Z,9883.42644,6983.42644,-3.01356,-113.56,3.01356,1,2900
2024-03-16T09:03:00.000000000Z,9883.44644,6983.42644,-3.01356,-113.54,3.01356,1,2900.02
2024-03-16T09:04:00.000000000Z,9883.45644,6983.42644,-3.01356,-113.53,3.01356,1,2900.03
2024-03-16T09:05:00.000000000Z,9883.48644,6983.42644,-3.01356,-113.5,3.01356,1,2900.06
2024-03-16T09:06:00.000000000Z,9883.52644,6983.42644,-3.01356,-113.46,3.01356,1,2900.1
2024-03-16T09:07:00.000000000Z,9883.56644,6983.42644,-3.01356,-113.42,3.01356,1,2900.14
2024-03-16T09:08:00.000000000Z,9883.61644,6983.42644,-3.01356,-113.37,3.01356,1,2900.19
2024-03-16T09:09:00.000000000Z,9883.66644,6983.42644,-3.01356,-113.32,3.01356,1,2900.24
2024-03-16T09:10:00.000000000Z,9883.73644,6983.42644,-3.01356,-113.25,3.01356,1,2900.31
2024-03-16T09:11:00.000000000Z,9883.80644,6983.42644,-3.01356,-113.18,3.01356,1,2900.38
2024-03-16T09:12:00.000000000Z,9883.88644,6983.42644,-3.01356,-113.1,3.01356,1,2900.46
2024-03-16T09:13:00.000000000Z,9883.97644,6983.42644,-3.01356,-113.01,3.01356,1,2900.55
2024-03-16T09:14:00.000000000Z,9884.06644,6983.42644,-3.01356,-112.92,3.01356,1,2900.64
2024-03-16T09:15:00.000000000Z,9884.17644,6983.42644,-3.01356,-112.81,3.01356,1,2900.75
2024-03-16T09:16:00.000000000Z,9884.28644,6983.42644,-3.01356,-112.7,3.01356,1,2900.86
2024-03-16T09:17:00.000000000Z,9884.39644,6983.42644,-3.01356,-112.59,3.01356,1,2900.97
2024-03-16T09:18:00.000000000Z,9884.52644,6983.42644,-3.01356,-112.46,3.01356,1,2901.1
2024-03-16T09:19:00.000000000Z,9884.65644,6983.42644,-3.01356,-112.33,3.01356,1,2901.23
2024-03-16T09:20:00.000000000Z,9884.79644,6983.42644,-3.01356,-112.19,3.01356,1,2901.37
2024-03-16T09:21:00.000000000Z,9884.94644,6983.42644,-3.01356,-112.04,3.01356,1,2901.52
2024-03-16T09:22:00.000000000Z,9885.09644,6983.42644,-3.01356,-111.89,3.01356,1,2901.67
2024-03-16T09:23:00.000000000Z,9885.26644,6983.42644,-3.01356,-111.72,3.01356,1,2901.84
2024-03-16T09:24:00.000000000Z,9885.43644,6983.42644,-3.01356,-111.55,3.01356,1,2902.01
2024-03-16T09:25:00.000000000Z,9885.61644,6983.42644,-3.01356,-111.37,3.01356,1,2902.19
2024-03-16T09:26:00.000000000Z,9885.79644,6983.42644,-3.01356,-111.19,3.01356,1,2902.37
2024-03-16T09:27:00.000000000Z,9885.98644,6983.42644,-3.01356,-111,3.01356,1,2902.56
2024-03-16T09:28:00.000000000Z,9886.18644,6983.42644,-3.01356,-110.8,3.01356,1,2902.76
2024-03-16T09:29:00.000000000Z,9886.39644,6983.42644,-3.01356,-110.59,3.01356,1,2902.97
2024-03-16T09:30:00.000000000Z,9886.61644,6983.42644,-3.01356,-110.37,3.01356,1,2903.19
2024-03-16T09:31:00.000000000Z,9886.83644,6983.42644,-3.01356,-110.15,3.01356,1,2903.41
2024-03-16T09:32:00.000000000Z,9887.06644,6983.42644,-3.01356,-109.92,3.01356,1,2903.64
2024-03-16T09:33:00.000000000Z,9887.29644,6983.42644,-3.01356,-109.69,3.01356,1,2903.87
2024-03-16T09:34:00.000000000Z,9887.54644,6983.42644,-3.01356,-109.44,3.01356,1,2904.12
2024-03-16T09:35:00.000000000Z,9887.79644,6983.42644,-3.01356,-109.19,3.01356,1,2904.37
2024-03-16T09:36:00.000000000Z,9888.05644,6983.42644,-3.01356,-108.93,3.01356,1,2904.63
2024-03-16T09:37:00.000000000Z,9888.31644,6983.42644,-3.01356,-108.67,3.01356,1,2904.89
2024-03-16T09:38:00.000000000Z,9888.59644,6983.42644,-3.01356,-108.39,3.01356,1,2905.17
2024-03-16T09:39:00.000000000Z,9888.87644,6983.42644,-3.01356,-108.11,3.01356,1,2905.45
2024-03-16T09:40:00.000000000Z,9889.16644,6983.42644,-3.01356,-107.82,3.01356,1,2905.74
2024-03-16T09:41:00.000000000Z,9889.45644,6983.42644,-3.01356,-107.53,3.01356,1,2906.03
2024-03-16T09:42:00.000000000Z,9889.75644,6983.42644,-3.01356,-107.23,3.01356,1,2906.33
2024-03-16T09:43:00.000000000Z,9890.06644,6983.42644,-3.01356,-106.92,3.01356,1,2906.64
2024-03-16T09:44:00.000000000Z,9890.38644,6983.42644,-3.01356,-106.6,3.01356,1,2906.96
2024-03-16T09:45:00.000000000Z,9890.70644,6983.42644,-3.01356,-106.28,3.01356,1,2907.28
2024-03-16T09:46:00.000000000Z,9891.03644,6983.42644,-3.01356,-105.95,3.01356,1,2907.61
2024-03-16T09:47:00.000000000Z,9891.37644,6983.42644,-3.01356,-105.61,3.01356,1,2907.95
2024-03-16T09:48:00.000000000Z,9891.71644,6983.42644,-3.01356,-105.27,3.01356,1,2908.29
2024-03-16T09:49:00.000000000Z,9892.07644,6983.42644,-3.01356,-104.91,3.01356,1,2908.65
2024-03-16T09:50:00.000000000Z,9892.42644,6983.42644,-3.01356,-104.56,3.01356,1,2909
2024-03-16T09:51:00.000000000Z,9892.79644,6983.42644,-3.01356,-104.19,3.01356,1,2909.37
2024-03-16T09:52:00.000000000Z,9893.16644,6983.42644,-3.01356,-103.82,3.01356,1,2909.74
2024-03-16T09:53:00.000000000Z,9893.54644,6983.42644,-3.01356,-103.44,3.01356,1,2910.12
2024-03-16T09:54:00.000000000Z,9893.93644,6983.42644,-3.01356,-103.05,3.01356,1,2910.51
2024-03-16T09:55:00.000000000Z,9894.32644,6983.42644,-3.01356,-102.66,3.01356,1,2910.9
2024-03-16T09:56:00.000000000Z,9894.72644,6983.42644,-3.01356,-102.26,3.01356,1,2911.3
2024-03-16T09:57:00.000000000Z,9895.13644,6983.42644,-3.01356,-101.85,3.01356,1,2911.71
2024-03-16T09:58:00.000000000Z,9895.54644,6983.42644,-3.01356,-101.44,3.01356,1,2912.12
2024-03-16T09:59:00.000000000Z,9895.96644,6983.42644,-3.01356,-101.02,3.01356,1,2912.54
2024-03-16T10:00:00.000000000Z,9896.38644,6983.42644,-3.01356,-100.6,3.01356,1,2912.96
2024-03-16T10:01:00.000000000Z,9896.82644,6983.42644,-3.01356,-100.16,3.01356,1,2913.4
2024-03-16T10:02:00.000000000Z,9897.26644,6983.42644,-3.01356,-99.72,3.01356,1,2913.84
2024-03-16T10:03:00.000000000Z,9897.70644,6983.42644,-3.01356,-99.28,3.01356,1,2914.28
2024-03-16T10:04:00.000000000Z,9898.16644,6983.42644,-3.01356,-98.82,3.01356,1,2914.74
2024-03-16T10:05:00.000000000Z,9898.62644,6983.42644,-3.01356,-98.36,3.01356,1,2915.2
2024-03-16T10:06:00.000000000Z,9899.08644,6983.42644,-3.01356,-97.9,3.01356,1,2915.66
2024-03-16T10:07:00.000000000Z,9899.55644,6983.42644,-3.01356,-97.43,3.01356,1,2916.13
2024-03-16T10:08:00.000000000Z,9900.03644,6983.42644,-3.01356,-96.95,3.01356,1,2916.61
2024-03-16T10:09:00.000000000Z,9900.52644,6983.42644,-3.01356,-96.46,3.01356,1,2917.1
2024-03-16T10:10:00.000000000Z,9901.01644,6983.42644,-3.01356,-95.97,3.01356,1,2917.59
2024-03-16T10:11:00.000000000Z,9901.50644,6983.42644,-3.01356,-95.48,3.01356,1,2918.08
2024-03-16T10:12:00.000000000Z,9902.01644,6983.42644,-3.01356,-94.97,3.01356,1,2918.59
2024-03-16T10:13:00.000000000Z,9902.52644,6983.42644,-3.01356,-94.46,3.01356,1,2919.1
2024-03-16T10:14:00.000000000Z,9903.03644,6983.42644,-3.01356,-93.95,3.01356,1,2919.61
2024-03-16T10:15:00.000000000Z,9903.56644,6983.42644,-3.01356,-93.42,3.01356,1,2920.14
2024-03-16T10:16:00.000000000Z,9904.08644,6983.42644,-3.01356,-92.9,3.01356,1,2920.66
2024-03-16T10:17:00.000000000Z,9904.62644,6983.42644,-3.01356,-92.36,3.01356,1,2921.2
2024-03-16T10:18:00.000000000Z,9905.16644,6983.42644,-3.01356,-91.82,3.01356,1,2921.74
2024-03-16T10:19:00.000000000Z,9905.71644,6983.42644,-3.01356,-91.27,3.01356,1,2922.29
2024-03-16T10:20:00.000000000Z,9906.26644,6983.42644,-3.01356,-90.72,3.01356,1,2922.84
2024-03-16T10:21:00.000000000Z,9906.82644,6983.42644,-3.01356,-90.16,3.01356,1,2923.4
2024-03-16T10:22:00.000000000Z,9907.38644,6983.42644,-3.01356,-89.6,3.01356,1,2923.96
2024-03-16T10:23:00.000000000Z,9907.95644,6983.42644,-3.01356,-89.03,3.01356,1,2924.53
2024-03-16T10:24:00.000000000Z,9908.52644,6983.42644,-3.01356,-88.46,3.01356,1,2925.1
2024-03-16T10:25:00.000000000Z,9909.11644,6983.42644,-3.01356,-87.87,3.01356,1,2925.69
2024-03-16T10:26:00.000000000Z,9909.69644,6983.42644,-3.01356,-87.29,3.01356,1,2926.27
2024-03-16T10:27:00.000000000Z,9910.28644,6983.42644,-3.01356,-86.7,3.01356,1,2926.86
2024-03-16T10:28:00.000000000Z,9910.88644,6983.42644,-3.01356,-86.1,3.01356,1,2927.46
2024-03-16T10:29:00.000000000Z,9911.49644,6983.42644,-3.01356,-85.49,3.01356,1,2928.07
2024-03-16T10:30:00.000000000Z,9912.09644,6983.42644,-3.01356,-84.89,3.01356,1,2928.67
2024-03-16T10:31:00.000000000Z,9912.71644,6983.42644,-3.01356,-84.27,3.01356,1,2929.29
2024-03-16T10:32:00.000000000Z,9913.33644,6983.42644,-3.01356,-83.65,3.01356,1,2929.91
2024-03-16T10:33:00.000000000Z,9913.95644,6983.42644,-3.01356,-83.03,3.01356,1,2930.53
2024-03-16T10:34:00.000000000Z,9914.58644,6983.42644,-3.01356,-82.4,3.01356,1,2931.16
2024-03-16T10:35:00.000000000Z,9915.22644,6983.42644,-3.01356,-81.76,3.01356,1,2931.8
2024-03-16T10:36:00.000000000Z,9915.86644,6983.42644,-3.01356,-81.12,3.01356,1,2932.44
2024-03-16T10:37:00.000000000Z,9916.51644,6983.42644,-3.01356,-80.47,3.01356,1,2933.09
2024-03-16T10:38:00.000000000Z,9917.16644,6983.42644,-3.01356,-79.82,3.01356,1,2933.74
2024-03-16T10:39:00.000000000Z,9917.81644,6983.42644,-3.01356,-79.17,3.01356,1,2934.39
2024-03-16T10:40:00.000000000Z,9918.48644,6983.42644,-3.01356,-78.5,3.01356,1,2935.06
2024-03-16T10:41:00.000000000Z,9919.14644,6983.42644,-3.01356,-77.84,3.01356,1,2935.72
2024-03-16T10:42:00.000000000Z,9919.81644,6983.42644,-3.01356,-77.17,3.01356,1,2936.39
2024-03-16T10:43:00.000000000Z,9920.49644,6983.42644,-3.01356,-76.49,3.01356,1,2937.07
2024-03-16T10:44:00.000000000Z,9921.17644,6983.42644,-3.01356,-75.81,3.01356,1,2937.75
2024-03-16T10:45:00.000000000Z,9921.85644,6983.42644,-3.01356,-75.13,3.01356,1,2938.43
2024-03-16T10:46:00.000000000Z,9922.54644,6983.42644,-3.01356,-74.44,3.01356,1,2939.12
2024-03-16T10:47:00.000000000Z,9923.24644,6983.42644,-3.01356,-73.74,3.01356,1,2939.82
2024-03-16T10:48:00.000000000Z,9923.94644,6983.42644,-3.01356,-73.04,3.01356,1,2940.52
2024-03-16T10:49:00.000000000Z,9924.64644,6983.42644,-3.01356,-72.34,3.01356,1,2941.22
2024-03-16T10:50:00.000000000Z,9925.35644,6983.42644,-3.01356,-71.63,3.01356,1,2941.93
2024-03-16T10:51:00.000000000Z,9926.06644,6983.42644,-3.01356,-70.92,3.01356,1,2942.64
2024-03-16T10:52:00.000000000Z,9926.78644,6983.42644,-3.01356,-70.2,3.01356,1,2943.36
2024-03-16T10:53:00.000000000Z,9927.50644,6983.42644,-3.01356,-69.48,3.01356,1,2944.08
2024-03-16T10:54:00.000000000Z,9928.23644,6983.42644,-3.01356,-68.75,3.01356,1,2944.81
2024-03-16T10:55:00.000000000Z,9928.96644,6983.42644,-3.01356,-68.02,3.01356,1,2945.54
2024-03-16T10:56:00.000000000Z,9929.69644,6983.42644,-3.01356,-67.29,3.01356,1,2946.27
2024-03-16T10:57:00.000000000Z,9930.43644,6983.42644,-3.01356,-66.55,3.01356,1,2947.01
2024-03-16T10:58:00.000000000Z,9931.17644,6983.42644,-3.01356,-65.81,3.01356,1,2947.75
2024-03-16T10:59:00.000000000Z,9931.92644,6983.42644,-3.01356,-65.06,3.01356,1,2948.5
2024-03-16T11:00:00.000000000Z,9932.67644,6983.42644,-3.01356,-64.31,3.01356,1,2949.25
2024-03-16T11:01:00.000000000Z,9933.42644,6983.42644,-3.01356,-63.56,3.01356,1,2950
2024-03-16T11:02:00.000000000Z,9934.18644,6983.42644,-3.01356,-62.8,3.01356,1,2950.76
2024-03-16T11:03:00.000000000Z,9934.94644,6983.42644,-3.01356,-62.04,3.01356,1,2951.52
2024-03-16T11:04:00.000000000Z,9935.70644,6983.42644,-3.01356,-61.28,3.01356,1,2952.28
2024-03-16T11:05:00.000000000Z,9936.47644,6983.42644,-3.01356,-60.51,3.01356,1,2953.05
2024-03-16T11:06:00.000000000Z,9937.25644,6983.42644,-3.01356,-59.73,3.01356,1,2953.83
2024-03-16T11:07:00.000000000Z,9938.02644,6983.42644,-3.01356,-58.96,3.01356,1,2954.6
2024-03-16T11:08:00.000000000Z,9938.80644,6983.42644,-3.01356,-58.18,3.01356,1,2955.38
2024-03-16T11:09:00.000000000Z,9939.58644,6983.42644,-3.01356,-57.4,3.01356,1,2956.16
2024-03-16T11:10:00.000000000Z,9940.37644,6983.42644,-3.01356,-56.61,3.01356,1,2956.95
2024-03-16T11:11:00.000000000Z,9941.16644,6983.42644,-3.01356,-55.82,3.01356,1,2957.74
2024-03-16T11:12:00.000000000Z,9941.95644,6983.42644,-3.01356,-55.03,3.01356,1,2958.53
2024-03-16T11:13:00.000000000Z,9942.75644,6983.42644,-3.01356,-54.23,3.01356,1,2959.33
2024-03-16T11:14:00.000000000Z,9943.55644,6983.42644,-3.01356,-53.43,3.01356,1,2960.13
2024-03-16T11:15:00.000000000Z,9944.35644,6983.42644,-3.01356,-52.63,3.01356,1,2960.93
2024-03-16T11:16:00.000000000Z,9945.15644,6983.42644,-3.01356,-51.83,3.01356,1,2961.73
2024-03-16T11:17:00.000000000Z,9945.96644,6983.42644,-3.01356,-51.02,3.01356,1,2962.54
2024-03-16T11:18:00.000000000Z,9946.77644,6983.42644,-3.01356,-50.21,3.01356,1,2963.35
2024-03-16T11:19:00.000000000Z,9947.58644,6983.42644,-3.01356,-49.4,3.01356,1,2964.16
2024-03-16T11:20:00.000000000Z,9948.40644,6983.42644,-3.01356,-48.58,3.01356,1,2964.98
2024-03-16T11:21:00.000000000Z,9949.22644,6983.42644,-3.01356,-47.76,3.01356,1,2965.8
2024-03-16T11:22:00.000000000Z,9950.04644,6983.42644,-3.01356,-46.94,3.01356,1,2966.62
2024-03-16T11:23:00.000000000Z,9950.86644,6983.42644,-3.01356,-46.12,3.01356,1,2967.44
2024-03-16T11:24:00.000000000Z,9951.69644,6983.42644,-3.01356,-45.29,3.01356,1,2968.27
2024-03-16T11:25:00.000000000Z,9952.52644,6983.42644,-3.01356,-44.46,3.01356,1,2969.1
2024-03-16T11:26:00.000000000Z,9953.35644,6983.42644,-3.01356,-43.63,3.01356,1,2969.93
2024-03-16T11:27:00.000000000Z,9954.18644,6983.42644,-3.01356,-42.8,3.01356,1,2970.76
2024-03-16T11:28:00.000000000Z,9955.02644,6983.42644,-3.01356,-41.96,3.01356,1,2971.6
2024-03-16T11:29:00.000000000Z,9955.86644,6983.42644,-3.01356,-41.12,3.01356,1,2972.44
2024-03-16T11:30:00.000000000Z,9956.70644,6983.42644,-3.01356,-40.28,3.01356,1,2973.28
2024-03-16T11:31:00.000000000Z,9957.54644,6983.42644,-3.01356,-39.44,3.01356,1,2974.12
2024-03-16T11:32:00.000000000Z,9958.38644,6983.42644,-3.01356,-38.6,3.01356,1,2974.96
2024-03-16T11:33:00.000000000Z,9959.23644,6983.42644,-3.01356,-37.75,3.01356,1,2975.81
2024-03-16T11:34:00.000000000Z,9960.08644,6983.42644,-3.01356,-36.9,3.01356,1,2976.66
2024-03-16T11:35:00.000000000Z,9960.92644,6983.42644,-3.01356,-36.06,3.01356,1,2977.5
2024-03-16T11:36:00.000000000Z,9961.78644,6983.42644,-3.01356,-35.2,3.01356,1,2978.36
2024-03-16T11:37:00.000000000Z,9962.63644,6983.42644,-3.01356,-34.35,3.01356,1,2979.21
2024-03-16T11:38:00.000000000Z,9963.48644,6983.42644,-3.01356,-33.5,3.01356,1,2980.06
2024-03-16T11:39:00.000000000Z,9964.34644,6983.42644,-3.01356,-32.64,3.01356,1,2980.92
2024-03-16T11:40:00.000000000Z,9965.20644,6983.42644,-3.01356,-31.78,3.01356,1,2981.78
2024-03-16T11:41:00.000000000Z,9966.06644,6983.42644,-3.01356,-30.92,3.01356,1,2982.64
2024-03-16T11:42:00.000000000Z,9966.92644,6983.42644,-3.01356,-30.06,3.01356,1,2983.5
2024-03-16T11:43:00.000000000Z,9967.78644,6983.42644,-3.01356,-29.2,3.01356,1,2984.36
2024-03-16T11:44:00.000000000Z,9968.64644,6983.42644,-3.01356,-28.34,3.01356,1,2985.22
2024-03-16T11:45:00.000000000Z,9969.50644,6983.42644,-3.01356,-27.48,3.01356,1,2986.08
2024-03-16T11:46:00.000000000Z,9970.37644,6983.42644,-3.01356,-26.61,3.01356,1,2986.95
2024-03-16T11:47:00.000000000Z,9971.23644,6983.42644,-3.01356,-25.75,3.01356,1,2987.81
2024-03-16T11:48:00.000000000Z,9972.10644,6983.42644,-3.01356,-24.88,3.01356,1,2988.68
2024-03-16T11:49:00.000000000Z,9972.97644,6983.42644,-3.01356,-24.01,3.01356,1,2989.55
2024-03-16T11:50:00.000000000Z,9973.84644,6983.42644,-3.01356,-23.14,3.01356,1,2990.42
2024-03-16T11:51:00.000000000Z,9974.70644,6983.42644,-3.01356,-22.28,3.01356,1,2991.28
2024-03-16T11:52:00.000000000Z,9975.57644,6983.42644,-3.01356,-21.41,3.01356,1,2992.15
2024-03-16T11:53:00.000000000Z,9976.44644,6983.42644,-3.01356,-20.54,3.01356,1,2993.02
2024-03-16T11:54:00.000000000Z,9977.32644,6983.42644,-3.01356,-19.66,3.01356,1,2993.9
2024-03-16T11:55:00.000000000Z,9978.19644,6983.42644,-3.01356,-18.79,3.01356,1,2994.77
2024-03-16T11:56:00.000000000Z,9979.06644,6983.42644,-3.01356,-17.92,3.01356,1,2995.64
2024-03-16T11:57:00.000000000Z,9979.93644,6983.42644,-3.01356,-17.05,3.01356,1,2996.51
2024-03-16T11:58:00.000000000Z,9980.80644,6983.42644,-3.01356,-16.18,3.01356,1,2997.38
2024-03-16T11:59:00.000000000Z,9981.67644,6983.42644,-3.01356,-15.31,3.01356,1,2998.25
2024-03-16T12:00:00.000000000Z,9982.55644,6983.42644,-3.01356,-14.43,3.01356,1,2999.13
2024-03-16T12:01:00.000000000Z,9983.42644,6983.42644,-3.01356,-13.56,3.01356,1,3000
2024-03-16T12:02:00.000000000Z,9984.29644,6983.42644,-3.01356,-12.69,3.01356,1,3000.87
2024-03-16T12:03:00.000000000Z,9985.17644,6983.42644,-3.01356,-11.81,3.01356,1,3001.75
2024-03-16T12:04:00.000000000Z,9986.04644,6983.42644,-3.01356,-10.94,3.01356,1,3002.62
2024-03-16T12:05:00.000000000Z,9986.91644,6983.42644,-3.01356,-10.07,3.01356,1,3003.49
2024-03-16T12:06:00.000000000Z,9987.78644,6983.42644,-3.01356,-9.2,3.01356,1,3004.36
2024-03-16T12:07:00.000000000Z,9988.65644,6983.42644,-3.01356,-8.33,3.01356,1,3005.23
2024-03-16T12:08:00.000000000Z,9989.52644,6983.42644,-3.01356,-7.46,3.01356,1,3006.1
2024-03-16T12:09:00.000000000Z,9990.40644,6983.42644,-3.01356,-6.58,3.01356,1,3006.98
2024-03-16T12:10:00.000000000Z,9991.27644,6983.42644,-3.01356,-5.71,3.01356,1,3007.85
2024-03-16T12:11:00.000000000Z,9992.14644,6983.42644,-3.01356,-4.84,3.01356,1,3008.72
2024-03-16T12:12:00.000000000Z,9993.00644,6983.42644,-3.01356,-3.98,3.01356,1,3009.58
2024-03-16T12:13:00.000000000Z,9993.87644,6983.42644,-3.01356,-3.11,3.01356,1,3010.45
2024-03-16T12:14:00.000000000Z,9994.74644,6983.42644,-3.01356,-2.24,3.01356,1,3011.32
2024-03-16T12:15:00.000000000Z,9995.61644,6983.42644,-3.01356,-1.37,3.01356,1,3012.19
2024-03-16T12:16:00.000000000Z,9996.47644,6983.42644,-3.01356,-0.51,3.01356,1,3013.05
2024-03-16T12:17:00.000000000Z,9997.34644,6983.42644,-3.01356,0.36,3.01356,1,3013.92
2024-03-16T12:18:00.000000000Z,9998.20644,6983.42644,-3.01356,1.22,3.01356,1,3014.78
2024-03-16T12:19:00.000000000Z,9999.06644,6983.42644,-3.01356,2.08,3.01356,1,3015.64
2024-03-16T12:20:00.000000000Z,9999.92644,6983.42644,-3.01356,2.94,3.01356,1,3016.5
2024-03-16T12:21:00.000000000Z,10000.78644,6983.42644,-3.01356,3.8,3.01356,1,3017.36
2024-03-16T12:22:00.000000000Z,10001.64644,6983.42644,-3.01356,4.66,3.01356,1,3018.22
2024-03-16T12:23:00.000000000Z,10002.50644,6983.42644,-3.01356,5.52,3.01356,1,3019.08
2024-03-16T12:24:00.000000000Z,10003.36644,6983.42644,-3.01356,6.38,3.01356,1,3019.94
2024-03-16T12:25:00.000000000Z,10004.21644,6983.42644,-3.01356,7.23,3.01356,1,3020.79
2024-03-16T12:26:00.000000000Z,10005.06644,6983.42644,-3.01356,8.08,3.01356,1,3021.64
2024-03-16T12:27:00.000000000Z,10005.92644,6983.42644,-3.01356,8.94,3.01356,1,3022.5
2024-03-16T12:28:00.000000000Z,10006.76644,6983.42644,-3.01356,9.78,3.01356,1,3023.34
2024-03-16T12:29:00.000000000Z,10007.61644,6983.42644,-3.01356,10.63,3.01356,1,3024.19
2024-03-16T12:30:00.000000000Z,10008.46644,6983.42644,-3.01356,11.48,3.01356,1,3025.04
2024-03-16T12:31:00.000000000Z,10009.30644,6983.42644,-3.01356,12.32,3.01356,1,3025.88
2024-03-16T12:32:00.000000000Z,10010.14644,6983.42644,-3.01356,13.16,3.01356,1,3026.72
2024-03-16T12:33:00.000000000Z,10010.98644,6983.42644,-3.01356,14,3.01356,1,3027.56
2024-03-16T12:34:00.000000000Z,10011.82644,6983.42644,-3.01356,14.84,3.01356,1,3028.4
2024-03-16T12:35:00.000000000Z,10012.66644,6983.42644,-3.01356,15.68,3.01356,1,3029.24
2024-03-16T12:36:00.000000000Z,10013.49644,6983.42644,-3.01356,16.51,3.01356,1,3030.07
2024-03-16T12:37:00.000000000Z,10014.32644,6983.42644,-3.01356,17.34,3.01356,1,3030.9
2024-03-16T12:38:00.000000000Z,10015.15644,6983.42644,-3.01356,18.17,3.01356,1,3031.73
2024-03-16T12:39:00.000000000Z,10015.98644,6983.42644,-3.01356,19,3.01356,1,3032.56
2024-03-16T12:40:00.000000000Z,10016.80644,6983.42644,-3.01356,19.82,3.01356,1,3033.38
2024-03-16T12:41:00.000000000Z,10017.62644,6983.42644,-3.01356,20.64,3.01356,1,3034.2
2024-03-16T12:42:00.000000000Z,10018.44644,6983.42644,-3.01356,21.46,3.01356,1,3035.02
2024-03-16T12:43:00.000000000Z,10019.26644,6983.42644,-3.01356,22.28,3.01356,1,3035.84
2024-03-16T12:44:00.000000000Z,10020.07644,6983.42644,-3.01356,23.09,3.01356,1,3036.65
2024-03-16T12:45:00.000000000Z,10020.88644,6983.42644,-3.01356,23.9,3.01356,1,3037.46
2024-03-16T12:46:00.000000000Z,10021.69644,6983.42644,-3.01356,24.71,3.01356,1,3038.27
2024-03-16T12:47:00.000000000Z,10022.49644,6983.42644,-3.01356,25.51,3.01356,1,3039.07
2024-03-16T12:48:00.000000000Z,10023.29644,6983.42644,-3.01356,26.31,3.01356,1,3039.87
2024-03-16T12:49:00.000000000Z,10024.09644,6983.42644,-3.01356,27.11,3.01356,1,3040.67
2024-03-16T12:50:00.000000000Z,10024.89644,6983.42644,-3.01356,27.91,3.01356,1,3041.47
2024-03-16T12:51:00.000000000Z,10025.68644,6983.42644,-3.01356,28.7,3.01356,1,3042.26
2024-03-16T12:52:00.000000000Z,10026.47644,6983.42644,-3.01356,29.49,3.01356,1,3043.05
2024-03-16T12:53:00.000000000Z,10027.26644,6983.42644,-3.01356,30.28,3.01356,1,3043.84
2024-03-16T12:54:00.000000000Z,10028.04644,6983.42644,-3.01356,31.06,3.01356,1,3044.62
2024-03-16T12:55:00.000000000Z,10028.82644,6983.42644,-3.01356,31.84,3.01356,1,3045.4
2024-03-16T12:56:00.000000000Z,10029.59644,6983.42644,-3.01356,32.61,3.01356,1,3046.17
2024-03-16T12:57:00.000000000Z,10030.37644,6983.42644,-3.01356,33.39,3.01356,1,3046.95
2024-03-16T12:58:00.000000000Z,10031.14644,6983.42644,-3.01356,34.16,3.01356,1,3047.72
2024-03-16T12:59:00.000000000Z,10031.90644,6983.42644,-3.01356,34.92,3.01356,1,3048.48
2024-03-16T13:00:00.000000000Z,10032.66644,6983.42644,-3.01356,35.68,3.01356,1,3049.24
2024-03-16T13:01:00.000000000Z,10033.42644,6983.42644,-3.01356,36.44,3.01356,1,3050
2024-03-16T13:02:00.000000000Z,10034.17644,6983.42644,-3.01356,37.19,3.01356,1,3050.75
2024-03-16T13:03:00.000000000Z,10034.92644,6983.42644,-3.01356,37.94,3.01356,1,3051.5
2024-03-16T13:04:00.000000000Z,10035.67644,6983.42644,-3.01356,38.69,3.01356,1,3052.25
2024-03-16T13:05:00.000000000Z,10036.41644,6983.42644,-3.01356,39.43,3.01356,1,3052.99
2024-03-16T13:06:00.000000000Z,10037.15644,6983.42644,-3.01356,40.17,3.01356,1,3053.73
2024-03-16T13:07:00.000000000Z,10037.88644,6983.42644,-3.01356,40.9,3.01356,1,3054.46
2024-03-16T13:08:00.000000000Z,10038.61644,6983.42644,-3.01356,41.63,3.01356,1,3055.19
2024-03-16T13:09:00.000000000Z,10039.34644,6983.42644,-3.01356,42.36,3.01356,1,3055.92
2024-03-16T13:10:00.000000000Z,10040.06644,6983.42644,-3.01356,43.08,3.01356,1,3056.64
2024-03-16T13:11:00.000000000Z,10040.78644,6983.42644,-3.01356,43.8,3.01356,1,3057.36
2024-03-16T13:12:00.000000000Z,10041.49644,6983.42644,-3.01356,44.51,3.01356,1,3058.07
2024-03-16T13:13:00.000000000Z,10042.20644,6983.42644,-3.01356,45.22,3.01356,1,3058.78
2024-03-16T13:14:00.000000000Z,10042.90644,6983.42644,-3.01356,45.92,3.01356,1,3059.48
2024-03-16T13:15:00.000000000Z,10043.60644,6983.42644,-3.01356,46.62,3.01356,1,3060.18
2024-03-16T13:16:00.000000000Z,10044.30644,6983.42644,-3.01356,47.32,3.01356,1,3060.88
2024-03-16T13:17:00.000000000Z,10044.99644,6983.42644,-3.01356,48.01,3.01356,1,3061.57
2024-03-16T13:18:00.000000000Z,10045.67644,6983.42644,-3.01356,48.69,3.01356,1,3062.25
2024-03-16T13:19:00.000000000Z,10046.35644,6983.42644,-3.01356,49.37,3.01356,1,3062.93
2024-03-16T13:20:00.000000000Z,10047.03644,6983.42644,-3.01356,50.05,3.01356,1,3063.61
2024-03-16T13:21:00.000000000Z,10047.70644,6983.42644,-3.01356,50.72,3.01356,1,3064.28
2024-03-16T13:22:00.000000000Z,10048.36644,6983.42644,-3.01356,51.38,3.01356,1,3064.94
2024-03-16T13:23:00.000000000Z,10049.03644,6983.42644,-3.01356,52.05,3.01356,1,3065.61
2024-03-16T13:24:00.000000000Z,10049.68644,6983.42644,-3.01356,52.7,3.01356,1,3066.26
2024-03-16T13:25:00.000000000Z,10050.33644,6983.42644,-3.01356,53.35,3.01356,1,3066.91
2024-03-16T13:26:00.000000000Z,10050.98644,6983.42644,-3.01356,54,3.01356,1,3067.56
2024-03-16T13:27:00.000000000Z,10051.62644,6983.42644,-3.01356,54.64,3.01356,1,3068.2
2024-03-16T13:28:00.000000000Z,10052.26644,6983.42644,-3.01356,55.28,3.01356,1,3068.84
2024-03-16T13:29:00.000000000Z,10052.89644,6983.42644,-3.01356,55.91,3.01356,1,3069.47
2024-03-16T13:30:00.000000000Z,10053.51644,6983.42644,-3.01356,56.53,3.01356,1,3070.09
2024-03-16T13:31:00.000000000Z,10054.13644,6983.42644,-3.01356,57.15,3.01356,1,3070.71
2024-03-16T13:32:00.000000000Z,10054.75644,6983.42644,-3.01356,57.77,3.01356,1,3071.33
2024-03-16T13:33:00.000000000Z,10055.35644,6983.42644,-3.01356,58.37,3.01356,1,3071.93
2024-03-16T13:34:00.000000000Z,10055.96644,6983.42644,-3.01356,58.98,3.01356,1,3072.54
2024-03-16T13:35:00.000000000Z,10056.56644,6983.42644,-3.01356,59.58,3.01356,1,3073.14
2024-03-16T13:36:00.000000000Z,10057.15644,6983.42644,-3.01356,60.17,3.01356,1,3073.73
2024-03-16T13:37:00.000000000Z,10057.73644,6983.42644,-3.01356,60.75,3.01356,1,3074.31
2024-03-16T13:38:00.000000000Z,10058.32644,6983.42644,-3.01356,61.34,3.01356,1,3074.9
2024-03-16T13:39:00.000000000Z,10058.89644,6983.42644,-3.01356,61.91,3.01356,1,3075.47
2024-03-16T13:40:00.000000000Z,10059.46644,6983.42644,-3.01356,62.48,3.01356,1,3076.04
2024-03-16T13:41:00.000000000Z,10060.02644,6983.42644,-3.01356,63.04,3.01356,1,3076.6
2024-03-16T13:42:00.000000000Z,10060.58644,6983.42644,-3.01356,63.6,3.01356,1,3077.16
2024-03-16T13:43:00.000000000Z,10061.13644,6983.42644,-3.01356,64.15,3.01356,1,3077.71
2024-03-16T13:44:00.000000000Z,10061.68644,6983.42644,-3.01356,64.7,3.01356,1,3078.26
2024-03-16T13:45:00.000000000Z,10062.22644,6983.42644,-3.01356,65.24,3.01356,1,3078.8
2024-03-16T13:46:00.000000000Z,10062.76644,6983.42644,-3.01356,65.78,3.01356,1,3079.34
2024-03-16T13:47:00.000000000Z,10063.28644,6983.42644,-3.01356,66.3,3.01356,1,3079.86
2024-03-16T13:48:00.000000000Z,10063.81644,6983.42644,-3.01356,66.83,3.01356,1,3080.39
2024-03-16T13:49:00.000000000Z,10064.32644,6983.42644,-3.01356,67.34,3.01356,1,3080.9
2024-03-16T13:50:00.000000000Z,10064.83644,6983.42644,-3.01356,67.85,3.01356,1,3081.41
2024-03-16T13:51:00.000000000Z,10065.34644,6983.42644,-3.01356,68.36,3.01356,1,3081.92
2024-03-16T13:52:00.000000000Z,10065.83644,6983.42644,-3.01356,68.85,3.01356,1,3082.41
2024-03-16T13:53:00.000000000Z,10066.32644,6983.42644,-3.01356,69.34,3.01356,1,3082.9
2024-03-16T13:54:00.000000000Z,10066.81644,6983.42644,-3.01356,69.83,3.01356,1,3083.39
2024-03-16T13:55:00.000000000Z,10067.29644,6983.42644,-3.01356,70.31,3.01356,1,3083.87
2024-03-16T13:56:00.000000000Z,10067.76644,6983.42644,-3.01356,70.78,3.01356,1,3084.34
2024-03-16T13:57:00.000000000Z,10068.22644,6983.42644,-3.01356,71.24,3.01356,1,3084.8
2024-03-16T13:58:00.000000000Z,10068.68644,6983.42644,-3.01356,71.7,3.01356,1,3085.26
2024-03-16T13:59:00.000000000Z,10069.14644,6983.42644,-3.01356,72.16,3.01356,1,3085.72
2024-03-16T14:00:00.000000000Z,10069.58644,6983.42644,-3.01356,72.6,3.01356,1,3086.16
2024-03-16T14:01:00.000000000Z,10070.02644,6983.42644,-3.01356,73.04,3.01356,1,3086.6
2024-03-16T14:02:00.000000000Z,10070.46644,6983.42644,-3.01356,73.48,3.01356,1,3087.04
2024-03-16T14:03:00.000000000Z,10070.88644,6983.42644,-3.01356,73.9,3.01356,1,3087.46
2024-03-16T14:04:00.000000000Z,10071.30644,6983.42644,-3.01356,74.32,3.01356,1,3087.88
2024-03-16T14:05:00.000000000Z,10071.71644,6983.42644,-3.01356,74.73,3.01356,1,3088.29
2024-03-16T14:06:00.000000000Z,10072.12644,6983.42644,-3.01356,75.14,3.01356,1,3088.7
2024-03-16T14:07:00.000000000Z,10072.52644,6983.42644,-3.01356,75.54,3.01356,1,3089.1
2024-03-16T14:08:00.000000000Z,10072.91644,6983.42644,-3.01356,75.93,3.01356,1,3089.49
2024-03-16T14:09:00.000000000Z,10073.30644,6983.42644,-3.01356,76.32,3.01356,1,3089.88
2024-03-16T14:10:00.000000000Z,10073.68644,6983.42644,-3.01356,76.7,3.01356,1,3090.26
2024-03-16T14:11:00.000000000Z,10074.05644,6983.42644,-3.01356,77.07,3.01356,1,3090.63
2024-03-16T14:12:00.000000000Z,10074.42644,6983.42644,-3.01356,77.44,3.01356,1,3091
2024-03-16T14:13:00.000000000Z,10074.77644,6983.42644,-3.01356,77.79,3.01356,1,3091.35
2024-03-16T14:14:00.000000000Z,10075.13644,6983.42644,-3.01356,78.15,3.01356,1,3091.71
2024-03-16T14:15:00.000000000Z,10075.47644,6983.42644,-3.01356,78.49,3.01356,1,3092.05
2024-03-16T14:16:00.000000000Z,10075.81644,6983.42644,-3.01356,78.83,3.01356,1,3092.39
2024-03-16T14:17:00.000000000Z,10076.14644,6983.42644,-3.01356,79.16,3.01356,1,3092.72
2024-03-16T14:18:00.000000000Z,10076.46644,6983.42644,-3.01356,79.48,3.01356,1,3093.04
2024-03-16T14:19:00.000000000Z,10076.78644,6983.42644,-3.01356,79.8,3.01356,1,3093.36
2024-03-16T14:20:00.000000000Z,10077.09644,6983.42644,-3.01356,80.11,3.01356,1,3093.67
2024-03-16T14:21:00.000000000Z,10077.39644,6983.42644,-3.01356,80.41,3.01356,1,3093.97
2024-03-16T14:22:00.000000000Z,10077.68644,6983.42644,-3.01356,80.7,3.01356,1,3094.26
2024-03-16T14:23:00.000000000Z,10077.97644,6983.42644,-3.01356,80.99,3.01356,1,3094.55
2024-03-16T14:24:00.000000000Z,10078.25644,6983.42644,-3.01356,81.27,3.01356,1,3094.83
2024-03-16T14:25:00.000000000Z,10078.53644,6983.42644,-3.01356,81.55,3.01356,1,3095.11
2024-03-16T14:26:00.000000000Z,10078.79644,6983.42644,-3.01356,81.81,3.01356,1,3095.37
2024-03-16T14:27:00.000000000Z,10079.05644,6983.42644,-3.01356,82.07,3.01356,1,3095.63
2024-03-16T14:28:00.000000000Z,10079.30644,6983.42644,-3.01356,82.32,3.01356,1,3095.88
2024-03-16T14:29:00.000000000Z,10079.55644,6983.42644,-3.01356,82.57,3.01356,1,3096.13
2024-03-16T14:30:00.000000000Z,10079.78644,6983.42644,-3.01356,82.8,3.01356,1,3096.36
2024-03-16T14:31:00.000000000Z,10080.01644,6983.42644,-3.01356,83.03,3.01356,1,3096.59
2024-03-16T14:32:00.000000000Z,10080.23644,6983.42644,-3.01356,83.25,3.01356,1,3096.81
2024-03-16T14:33:00.000000000Z,10080.45644,6983.42644,-3.01356,83.47,3.01356,1,3097.03
2024-03-16T14:34:00.000000000Z,10080.66644,6983.42644,-3.01356,83.68,3.01356,1,3097.24
2024-03-16T14:35:00.000000000Z,10080.86644,6983.42644,-3.01356,83.88,3.01356,1,3097.44
2024-03-16T14:36:00.000000000Z,10081.05644,6983.42644,-3.01356,84.07,3.01356,1,3097.63
2024-03-16T14:37:00.000000000Z,10081.23644,6983.42644,-3.01356,84.25,3.01356,1,3097.81
2024-03-16T14:38:00.000000000Z,10081.41644,6983.42644,-3.01356,84.43,3.01356,1,3097.99
2024-03-16T14:39:00.000000000Z,10081.58644,6983.42644,-3.01356,84.6,3.01356,1,3098.16
2024-03-16T14:40:00.000000000Z,10081.75644,6983.42644,-3.01356,84.77,3.01356,1,3098.33
2024-03-16T14:41:00.000000000Z,10081.90644,6983.42644,-3.01356,84.92,3.01356,1,3098.48
2024-03-16T14:42:00.000000000Z,10082.05644,6983.42644,-3.01356,85.07,3.01356,1,3098.63
2024-03-16T14:43:00.000000000Z,10082.19644,6983.42644,-3.01356,85.21,3.01356,1,3098.77
2024-03-16T14:44:00.000000000Z,10082.32644,6983.42644,-3.01356,85.34,3.01356,1,3098.9
2024-03-16T14:45:00.000000000Z,10082.45644,6983.42644,-3.01356,85.47,3.01356,1,3099.03
2024-03-16T14:46:00.000000000Z,10082.56644,6983.42644,-3.01356,85.58,3.01356,1,3099.14
2024-03-16T14:47:00.000000000Z,10082.67644,6983.42644,-3.01356,85.69,3.01356,1,3099.25
2024-03-16T14:48:00.000000000Z,10082.78644,6983.42644,-3.01356,85.8,3.01356,1,3099.36
2024-03-16T14:49:00.000000000Z,10082.87644,6983.42644,-3.01356,85.89,3.01356,1,3099.45
2024-03-16T14:50:00.000000000Z,10082.96644,6983.42644,-3.01356,85.98,3.01356,1,3099.54
2024-03-16T14:51:00.000000000Z,10083.04644,6983.42644,-3.01356,86.06,3.01356,1,3099.62
2024-03-16T14:52:00.000000000Z,10083.11644,6983.42644,-3.01356,86.13,3.01356,1,3099.69
2024-03-16T14:53:00.000000000Z,10083.18644,6983.42644,-3.01356,86.2,3.01356,1,3099.76
2024-03-16T14:54:00.000000000Z,10083.23644,6983.42644,-3.01356,86.25,3.01356,1,3099.81
2024-03-16T14:55:00.000000000Z,10083.28644,6983.42644,-3.01356,86.3,3.01356,1,3099.86
2024-03-16T14:56:00.000000000Z,10083.32644,6983.42644,-3.01356,86.34,3.01356,1,3099.9
2024-03-16T14:57:00.000000000Z,10083.36644,6983.42644,-3.01356,86.38,3.01356,1,3099.94
2024-03-16T14:58:00.000000000Z,10083.39644,6983.42644,-3.01356,86.41,3.01356,1,3099.97
2024-03-16T14:59:00.000000000Z,10083.40644,6983.42644,-3.01356,86.42,3.01356,1,3099.98
2024-03-16T15:00:00.000000000Z,10083.42644,6983.42644,-3.01356,86.44,3.01356,1,3100
2024-03-16T15:01:00.000000000Z,10083.42644,6983.42644,-3.01356,86.44,3.01356,1,3100
2024-03-16T15:02:00.000000000Z,10083.42644,6983.42644,-3.01356,86.44,3.01356,1,3100
2024-03-16T15:03:00.000000000Z,10083.40644,6983.42644,-3.01356,86.42,3.01356,1,3099.98
2024-03-16T15:04:00.000000000Z,10083.39644,6983.42644,-3.01356,86.41,3.01356,1,3099.97
2024-03-16T15:05:00.000000000Z,10083.36644,6983.42644,-3.01356,86.38,3.01356,1,3099.94
2024-03-16T15:06:00.000000000Z,10083.32644,6983.42644,-3.01356,86.34,3.01356,1,3099.9
2024-03-16T15:07:00.000000000Z,10083.28644,6983.42644,-3.01356,86.3,3.01356,1,3099.86
2024-03-16T15:08:00.000000000Z,10083.23644,6983.42644,-3.01356,86.25,3.01356,1,3099.81
2024-03-16T15:09:00.000000000Z,10083.18644,6983.42644,-3.01356,86.2,3.01356,1,3099.76
2024-03-16T15:10:00.000000000Z,10083.11644,6983.42644,-3.01356,86.13,3.01356,1,3099.69
2024-03-16T15:11:00.000000000Z,10083.04644,6983.42644,-3.01356,86.06,3.01356,1,3099.62
2024-03-16T15:12:00.000000000Z,10082.96644,6983.42644,-3.01356,85.98,3.01356,1,3099.54
2024-03-16T15:13:00.000000000Z,10082.87644,6983.42644,-3.01356,85.89,3.01356,1,3099.45
2024-03-16T15:14:00.000000000Z,10082.78644,6983.42644,-3.01356,85.8,3.01356,1,3099.36
2024-03-16T15:15:00.000000000Z,10082.67644,6983.42644,-3.01356,85.69,3.01356,1,3099.25
2024-03-16T15:16:00.000000000Z,10082.56644,6983.42644,-3.01356,85.58,3.01356,1,3099.14
2024-03-16T15:17:00.000000000Z,10082.45644,6983.42644,-3.01356,85.47,3.01356,1,3099.03
2024-03-16T15:18:00.000000000Z,10082.32644,6983.42644,-3.01356,85.34,3.01356,1,3098.9
2024-03-16T15:19:00.000000000Z,10082.19644,6983.42644,-3.01356,85.21,3.01356,1,3098.77
2024-03-16T15:20:00.000000000Z,10082.05644,6983.42644,-3.01356,85.07,3.01356,1,3098.63
2024-03-16T15:21:00.000000000Z,10081.90644,6983.42644,-3.01356,84.92,3.01356,1,3098.48
2024-03-16T15:22:00.000000000Z,10081.75644,6983.42644,-3.01356,84.77,3.01356,1,3098.33
2024-03-16T15:23:00.000000000Z,10081.58644,6983.42644,-3.01356,84.6,3.01356,1,3098.16
2024-03-16T15:24:00.000000000Z,10081.41644,6983.42644,-3.01356,84.43,3.01356,1,3097.99
2024-03-16T15:25:00.000000000Z,10081.23644,6983.42644,-3.01356,84.25,3.01356,1,3097.81
2024-03-16T15:26:00.000000000Z,10081.05644,6983.42644,-3.01356,84.07,3.01356,1,3097.63
2024-03-16T15:27:00.000000000Z,10080.86644,6983.42644,-3.01356,83.88,3.01356,1,3097.44
2024-03-16T15:28:00.000000000Z,10080.66644,6983.42644,-3.01356,83.68,3.01356,1,3097.24
2024-03-16T15:29:00.000000000Z,10080.45644,6983.42644,-3.01356,83.47,3.01356,1,3097.03
2024-03-16T15:30:00.000000000Z,10080.23644,6983.42644,-3.01356,83.25,3.01356,1,3096.81
2024-03-16T15:31:00.000000000Z,10080.01644,6983.42644,-3.01356,83.03,3.01356,1,3096.59
2024-03-16T15:32:00.000000000Z,10079.78644,6983.42644,-3.01356,82.8,3.01356,1,3096.36
2024-03-16T15:33:00.000000000Z,10079.55644,6983.42644,-3.01356,82.57,3.01356,1,3096.13
2024-03-16T15:34:00.000000000Z,10079.30644,6983.42644,-3.01356,82.32,3.01356,1,3095.88
2024-03-16T15:35:00.000000000Z,10079.05644,6983.42644,-3.01356,82.07,3.01356,1,3095.63
2024-03-16T15:36:00.000000000Z,10078.79644,6983.42644,-3.01356,81.81,3.01356,1,3095.37
2024-03-16T15:37:00.000000000Z,10078.53644,6983.42644,-3.01356,81.55,3.01356,1,3095.11
2024-03-16T15:38:00.000000000Z,10078.25644,6983.42644,-3.01356,81.27,3.01356,1,3094.83
2024-03-16T15:39:00.000000000Z,10077.97644,6983.42644,-3.01356,80.99,3.01356,1,3094.55
2024-03-16T15:40:00.000000000Z,10077.68644,6983.42644,-3.01356,80.7,3.01356,1,3094.26
2024-03-16T15:41:00.000000000Z,10077.39644,6983.42644,-3.01356,80.41,3.01356,1,3093.97
2024-03-16T15:42:00.000000000Z,10077.09644,6983.42644,-3.01356,80.11,3.01356,1,3093.67
2024-03-16T15:43:00.000000000Z,10076.78644,6983.42644,-3.01356,79.8,3.01356,1,3093.36
2024-03-16T15:44:00.000000000Z,10076.46644,6983.42644,-3.01356,79.48,3.01356,1,3093.04
2024-03-16T15:45:00.000000000Z,10076.14644,6983.42644,-3.01356,79.16,3.01356,1,3092.72
2024-03-16T15:46:00.000000000Z,10075.81644,6983.42644,-3.01356,78.83,3.01356,1,3092.39
2024-03-16T15:47:00.000000000Z,10075.47644,6983.42644,-3.01356,78.49,3.01356,1,3092.05
2024-03-16T15:48:00.000000000Z,10075.13644,6983.42644,-3.01356,78.15,3.01356,1,3091.71
2024-03-16T15:49:00.000000000Z,10074.77644,6983.42644,-3.01356,77.79,3.01356,1,3091.35
2024-03-16T15:50:00.000000000Z,10074.42644,6983.42644,-3.01356,77.44,3.01356,1,3091
2024-03-16T15:51:00.000000000Z,10074.05644,6983.42644,-3.01356,77.07,3.01356,1,3090.63
2024-03-16T15:52:00.000000000Z,10073.68644,6983.42644,-3.01356,76.7,3.01356,1,3090.26
2024-03-16T15:53:00.000000000Z,10073.30644,6983.42644,-3.01356,76.32,3.01356,1,3089.88
2024-03-16T15:54:00.000000000Z,10072.91644,6983.42644,-3.01356,75.93,3.01356,1,3089.49
2024-03-16T15:55:00.000000000Z,10072.52644,6983.42644,-3.01356,75.54,3.01356,1,3089.1
2024-03-16T15:56:00.000000000Z,10072.12644,6983.42644,-3.01356,75.14,3.01356,1,3088.7
2024-03-16T15:57:00.000000000Z,10071.71644,6983.42644,-3.01356,74.73,3.01356,1,3088.29
2024-03-16T15:58:00.000000000Z,10071.30644,6983.42644,-3.01356,74.32,3.01356,1,3087.88
2024-03-16T15:59:00.000000000Z,10070.88644,6983.42644,-3.01356,73.9,3.01356,1,3087.46
2024-03-16T16:00:00.000000000Z,10070.46644,6983.42644,-3.01356,73.48,3.01356,1,3087.04
2024-03-16T16:01:00.000000000Z,10070.02644,6983.42644,-3.01356,73.04,3.01356,1,3086.6
2024-03-16T16:02:00.000000000Z,10069.58644,6983.42644,-3.01356,72.6,3.01356,1,3086.16
2024-03-16T16:03:00.000000000Z,10069.14644,6983.42644,-3.01356,72.16,3.01356,1,3085.72
2024-03-16T16:04:00.000000000Z,10068.68644,6983.42644,-3.01356,71.7,3.01356,1,3085.26
2024-03-16T16:05:00.000000000Z,10068.22644,6983.42644,-3.01356,71.24,3.01356,1,3084.8
2024-03-16T16:06:00.000000000Z,10067.76644,6983.42644,-3.01356,70.78,3.01356,1,3084.34
2024-03-16T16:07:00.000000000Z,10067.29644,6983.42644,-3.01356,70.31,3.01356,1,3083.87
2024-03-16T16:08:00.000000000Z,10066.81644,6983.42644,-3.01356,69.83,3.01356,1,3083.39
2024-03-16T16:09:00.000000000Z,10066.32644,6983.42644,-3.01356,69.34,3.01356,1,3082.9
2024-03-16T16:10:00.000000000Z,10065.83644,6983.42644,-3.01356,68.85,3.01356,1,3082.41
2024-03-16T16:11:00.000000000Z,10065.34644,6983.42644,-3.01356,68.36,3.01356,1,3081.92
2024-03-16T16:12:00.000000000Z,10064.83644,6983.42644,-3.01356,67.85,3.01356,1,3081.41
2024-03-16T16:13:00.000000000Z,10064.32644,6983.42644,-3.01356,67.34,3.01356,1,3080.9
2024-03-16T16:14:00.000000000Z,10063.81644,6983.42644,-3.01356,66.83,3.01356,1,3080.39
2024-03-16T16:15:00.000000000Z,10063.28644,6983.42644,-3.01356,66.3,3.01356,1,3079.86
2024-03-16T16:16:00.000000000Z,10062.76644,6983.42644,-3.01356,65.78,3.01356,1,3079.34
2024-03-16T16:17:00.000000000Z,10062.22644,6983.42644,-3.01356,65.24,3.01356,1,3078.8
2024-03-16T16:18:00.000000000Z,10061.68644,6983.42644,-3.01356,64.7,3.01356,1,3078.26
2024-03-16T16:19:00.000000000Z,10061.13644,6983.42644,-3.01356,64.15,3.01356,1,3077.71
2024-03-16T16:20:00.000000000Z,10060.58644,6983.42644,-3.01356,63.6,3.01356,1,3077.16
2024-03-16T16:21:00.000000000Z,10060.02644,6983.42644,-3.01356,63.04,3.01356,1,3076.6
2024-03-16T16:22:00.000000000Z,10059.46644,6983.42644,-3.01356,62.48,3.01356,1,3076.04
2024-03-16T16:23:00.000000000Z,10058.89644,6983.42644,-3.01356,61.91,3.01356,1,3075.47
2024-03-16T16:24:00.000000000Z,10058.32644,6983.42644,-3.01356,61.34,3.01356,1,3074.9
2024-03-16T16:25:00.000000000Z,10057.73644,6983.42644,-3.01356,60.75,3.01356,1,3074.31
2024-03-16T16:26:00.000000000Z,10057.15644,6983.42644,-3.01356,60.17,3.01356,1,3073.73
2024-03-16T16:27:00.000000000Z,10056.56644,6983.42644,-3.01356,59.58,3.01356,1,3073.14
2024-03-16T16:28:00.000000000Z,10055.96644,6983.42644,-3.01356,58.98,3.01356,1,3072.54
2024-03-16T16:29:00.000000000Z,10055.35644,6983.42644,-3.01356,58.37,3.01356,1,3071.93
2024-03-16T16:30:00.000000000Z,10054.75644,6983.42644,-3.01356,57.77,3.01356,1,3071.33
2024-03-16T16:31:00.000000000Z,10054.13644,6983.42644,-3.01356,57.15,3.01356,1,3070.71
2024-03-16T16:32:00.000000000Z,10053.51644,6983.42644,-3.01356,56.53,3.01356,1,3070.09
2024-03-16T16:33:00.000000000Z,10052.89644,6983.42644,-3.01356,55.91,3.01356,1,3069.47
2024-03-16T16:34:00.000000000Z,10052.26644,6983.42644,-3.01356,55.28,3.01356,1,3068.84
2024-03-16T16:35:00.000000000Z,10051.62644,6983.42644,-3.01356,54.64,3.01356,1,3068.2
2024-03-16T16:36:00.000000000Z,10050.98644,6983.42644,-3.01356,54,3.01356,1,3067.56
2024-03-16T16:37:00.000000000Z,10050.33644,6983.42644,-3.01356,53.35,3.01356,1,3066.91
2024-03-16T16:38:00.000000000Z,10049.68644,6983.42644,-3.01356,52.7,3.01356,1,3066.26
2024-03-16T16:39:00.000000000Z,10049.03644,6983.42644,-3.01356,52.05,3.01356,1,3065.61
2024-03-16T16:40:00.000000000Z,10048.36644,6983.42644,-3.01356,51.38,3.01356,1,3064.94
2024-03-16T16:41:00.000000000Z,10047.70644,6983.42644,-3.01356,50.72,3.01356,1,3064.28
2024-03-16T16:42:00.000000000Z,10047.03644,6983.42644,-3.01356,50.05,3.01356,1,3063.61
2024-03-16T16:43:00.000000000Z,10046.35644,6983.42644,-3.01356,49.37,3.01356,1,3062.93
2024-03-16T16:44:00.000000000Z,10045.67644,6983.42644,-3.01356,48.69,3.01356,1,3062.25
2024-03-16T16:45:00.000000000Z,10044.99644,6983.42644,-3.01356,48.01,3.01356,1,3061.57
2024-03-16T16:46:00.000000000Z,10044.30644,6983.42644,-3.01356,47.32,3.01356,1,3060.88
2024-03-16T16:47:00.000000000Z,10043.60644,6983.42644,-3.01356,46.62,3.01356,1,3060.18
2024-03-16T16:48:00.000000000Z,10042.90644,6983.42644,-3.01356,45.92,3.01356,1,3059.48
2024-03-16T16:49:00.000000000Z,10042.20644,6983.42644,-3.01356,45.22,3.01356,1,3058.78
2024-03-16T16:50:00.000000000Z,10041.49644,6983.42644,-3.01356,44.51,3.01356,1,3058.07
2024-03-16T16:51:00.000000000Z,10040.78644,6983.42644,-3.01356,43.8,3.01356,1,3057.36
2024-03-16T16:52:00.000000000Z,10040.06644,6983.42644,-3.01356,43.08,3.01356,1,3056.64
2024-03-16T16:53:00.000000000Z,10039.34644,6983.42644,-3.01356,42.36,3.01356,1,3055.92
2024-03-16T16:54:00.000000000Z,10038.61644,6983.42644,-3.01356,41.63,3.01356,1,3055.19
2024-03-16T16:55:00.000000000Z,10037.88644,6983.42644,-3.01356,40.9,3.01356,1,3054.46
2024-03-16T16:56:00.000000000Z,10037.15644,6983.42644,-3.01356,40.17,3.01356,1,3053.73
2024-03-16T16:57:00.000000000Z,10036.41644,6983.42644,-3.01356,39.43,3.01356,1,3052.99
2024-03-16T16:58:00.000000000Z,10035.67644,6983.42644,-3.01356,38.69,3.01356,1,3052.25
2024-03-16T16:59:00.000000000Z,10034.92644,6983.42644,-3.01356,37.94,3.01356,1,3051.5
2024-03-16T17:00:00.000000000Z,10034.17644,6983.42644,-3.01356,37.19,3.01356,1,3050.75
2024-03-16T17:01:00.000000000Z,10033.42644,6983.42644,-3.01356,36.44,3.01356,1,3050
2024-03-16T17:02:00.000000000Z,10032.66644,6983.42644,-3.01356,35.68,3.01356,1,3049.24
2024-03-16T17:03:00.000000000Z,10031.90644,6983.42644,-3.01356,34.92,3.01356,1,3048.48
2024-03-16T17:04:00.000000000Z,10031.14644,6983.42644,-3.01356,34.16,3.01356,1,3047.72
2024-03-16T17:05:00.000000000Z,10030.37644,6983.42644,-3.01356,33.39,3.01356,1,3046.95
2024-03-16T17:06:00.000000000Z,10029.59644,6983.42644,-3.01356,32.61,3.01356,1,3046.17
2024-03-16T17:07:00.000000000Z,10028.82644,6983.42644,-3.01356,31.84,3.01356,1,3045.4
2024-03-16T17:08:00.000000000Z,10028.04644,6983.42644,-3.01356,31.06,3.01356,1,3044.62
2024-03-16T17:09:00.000000000Z,10027.26644,6983.42644,-3.01356,30.28,3.01356,1,3043.84
2024-03-16T17:10:00.000000000Z,10026.47644,6983.42644,-3.01356,29.49,3.01356,1,3043.05
2024-03-16T17:11:00.000000000Z,10025.68644,6983.42644,-3.01356,28.7,3.01356,1,3042.26
2024-03-16T17:12:00.000000000Z,10024.89644,6983.42644,-3.01356,27.91,3.01356,1,3041.47
2024-03-16T17:13:00.000000000Z,10024.09644,6983.42644,-3.01356,27.11,3.01356,1,3040.67
2024-03-16T17:14:00.000000000Z,10023.29644,6983.42644,-3.01356,26.31,3.01356,1,3039.87
2024-03-16T17:15:00.000000000Z,10022.49644,6983.42644,-3.01356,25.51,3.01356,1,3039.07
2024-03-16T17:16:00.000000000Z,10021.69644,6983.42644,-3.01356,24.71,3.01356,1,3038.27
2024-03-16T17:17:00.000000000Z,10020.88644,6983.42644,-3.01356,23.9,3.01356,1,3037.46
2024-03-16T17:18:00.000000000Z,10020.07644,6983.42644,-3.01356,23.09,3.01356,1,3036.65
2024-03-16T17:19:00.000000000Z,10019.26644,6983.42644,-3.01356,22.28,3.01356,1,3035.84
2024-03-16T17:20:00.000000000Z,10018.44644,6983.42644,-3.01356,21.46,3.01356,1,3035.02
2024-03-16T17:21:00.000000000Z,10017.62644,6983.42644,-3.01356,20.64,3.01356,1,3034.2
2024-03-16T17:22:00.000000000Z,10016.80644,6983.42644,-3.01356,19.82,3.01356,1,3033.38
2024-03-16T17:23:00.000000000Z,10015.98644,6983.42644,-3.01356,19,3.01356,1,3032.56
2024-03-16T17:24:00.000000000Z,10015.15644,6983.42644,-3.01356,18.17,3.01356,1,3031.73
2024-03-16T17:25:00.000000000Z,10014.32644,6983.42644,-3.01356,17.34,3.01356,1,3030.9
2024-03-16T17:26:00.000000000Z,10013.49644,6983.42644,-3.01356,16.51,3.01356,1,3030.07
2024-03-16T17:27:00.000000000Z,10012.66644,6983.42644,-3.01356,15.68,3.01356,1,3029.24
2024-03-16T17:28:00.000000000Z,10011.82644,6983.42644,-3.01356,14.84,3.01356,1,3028.4
2024-03-16T17:29:00.000000000Z,10010.98644,6983.42644,-3.01356,14,3.01356,1,3027.56
2024-03-16T17:30:00.000000000Z,10010.14644,6983.42644,-3.01356,13.16,3.01356,1,3026.72
2024-03-16T17:31:00.000000000Z,10009.30644,6983.42644,-3.01356,12.32,3.01356,1,3025.88
2024-03-16T17:32:00.000000000Z,10008.46644,6983.42644,-3.01356,11.48,3.01356,1,3025.04
2024-03-16T17:33:00.000000000Z,10007.61644,6983.42644,-3.01356,10.63,3.01356,1,3024.19
2024-03-16T17:34:00.000000000Z,10006.76644,6983.42644,-3.01356,9.78,3.01356,1,3023.34
2024-03-16T17:35:00.000000000Z,10005.92644,6983.42644,-3.01356,8.94,3.01356,1,3022.5
2024-03-16T17:36:00.000000000Z,10005.06644,6983.42644,-3.01356,8.08,3.01356,1,3021.64
2024-03-16T17:37:00.000000000Z,10004.21644,6983.42644,-3.01356,7.23,3.01356,1,3020.79
2024-03-16T17:38:00.000000000Z,10003.36644,6983.42644,-3.01356,6.38,3.01356,1,3019.94
2024-03-16T17:39:00.000000000Z,10002.50644,6983.42644,-3.01356,5.52,3.01356,1,3019.08
2024-03-16T17:40:00.000000000Z,10001.64644,6983.42644,-3.01356,4.66,3.01356,1,3018.22
2024-03-16T17:41:00.000000000Z,10000.78644,6983.42644,-3.01356,3.8,3.01356,1,3017.36
2024-03-16T17:42:00.000000000Z,9999.92644,6983.42644,-3.01356,2.94,3.01356,1,3016.5
2024-03-16T17:43:00.000000000Z,9999.06644,6983.42644,-3.01356,2.08,3.01356,1,3015.64
2024-03-16T17:44:00.000000000Z,9998.20644,6983.42644,-3.01356,1.22,3.01356,1,3014.78
2024-03-16T17:45:00.000000000Z,9997.34644,6983.42644,-3.01356,0.36,3.01356,1,3013.92
2024-03-16T17:46:00.000000000Z,9996.47644,6983.42644,-3.01356,-0.51,3.01356,1,3013.05
2024-03-16T17:47:00.000000000Z,9995.61644,6983.42644,-3.01356,-1.37,3.01356,1,3012.19
2024-03-16T17:48:00.000000000Z,9994.74644,6983.42644,-3.01356,-2.24,3.01356,1,3011.32
2024-03-16T17:49:00.000000000Z,9993.87644,6983.42644,-3.01356,-3.11,3.01356,1,3010.45
2024-03-16T17:50:00.000000000Z,9993.00644,6983.42644,-3.01356,-3.98,3.01356,1,3009.58
2024-03-16T17:51:00.000000000Z,9992.14644,6983.42644,-3.01356,-4.84,3.01356,1,3008.72
2024-03-16T17:52:00.000000000Z,9991.27644,6983.42644,-3.01356,-5.71,3.01356,1,3007.85
2024-03-16T17:53:00.000000000Z,9990.40644,6983.42644,-3.01356,-6.58,3.01356,1,3006.98
2024-03-16T17:54:00.000000000Z,9989.52644,6983.42644,-3.01356,-7.46,3.01356,1,3006.1
2024-03-16T17:55:00.000000000Z,9988.65644,6983.42644,-3.01356,-8.33,3.01356,1,3005.23
2024-03-16T17:56:00.000000000Z,9987.78644,6983.42644,-3.01356,-9.2,3.01356,1,3004.36
2024-03-16T17:57:00.000000000Z,9986.91644,6983.42644,-3.01356,-10.07,3.01356,1,3003.49
2024-03-16T17:58:00.000000000Z,9986.04644,6983.42644,-3.01356,-10.94,3.01356,1,3002.62
2024-03-16T17:59:00.000000000Z,9985.17644,6983.42644,-3.01356,-11.81,3.01356,1,3001.75
2024-03-16T18:00:00.000000000Z,9984.29644,6983.42644,-3.01356,-12.69,3.01356,1,3000.87
2024-03-16T18:01:00.000000000Z,9983.42644,6983.42644,-3.01356,-13.56,3.01356,1,3000
2024-03-16T18:02:00.000000000Z,9982.55644,6983.42644,-3.01356,-14.43,3.01356,1,2999.13
2024-03-16T18:03:00.000000000Z,9981.67644,6983.42644,-3.01356,-15.31,3.01356,1,2998.25
2024-03-16T18:04:00.000000000Z,9980.80644,6983.42644,-3.01356,-16.18,3.01356,1,2997.38
2024-03-16T18:05:00.000000000Z,9979.93644,6983.42644,-3.01356,-17.05,3.01356,1,2996.51
2024-03-16T18:06:00.000000000Z,9979.06644,6983.42644,-3.01356,-17.92,3.01356,1,2995.64
2024-03-16T18:07:00.000000000Z,9978.19644,6983.42644,-3.01356,-18.79,3.01356,1,2994.77
2024-03-16T18:08:00.000000000Z,9977.32644,6983.42644,-3.01356,-19.66,3.01356,1,2993.9
2024-03-16T18:09:00.000000000Z,9976.44644,6983.42644,-3.01356,-20.54,3.01356,1,2993.02
2024-03-16T18:10:00.000000000Z,9975.57644,6983.42644,-3.01356,-21.41,3.01356,1,2992.15
2024-03-16T18:11:00.000000000Z,9974.70644,6983.42644,-3.01356,-22.28,3.01356,1,2991.28
2024-03-16T18:12:00.000000000Z,9973.84644,6983.42644,-3.01356,-23.14,3.01356,1,2990.42
2024-03-16T18:13:00.000000000Z,9972.97644,6983.42644,-3.01356,-24.01,3.01356,1,2989.55
2024-03-16T18:14:00.000000000Z,9972.10644,6983.42644,-3.01356,-24.88,3.01356,1,2988.68
2024-03-16T18:15:00.000000000Z,9971.23644,6983.42644,-3.01356,-25.75,3.01356,1,2987.81
2024-03-16T18:16:00.000000000Z,9970.37644,6983.42644,-3.01356,-26.61,3.01356,1,2986.95
2024-03-16T18:17:00.000000000Z,9969.50644,6983.42644,-3.01356,-27.48,3.01356,1,2986.08
2024-03-16T18:18:00.000000000Z,9968.64644,6983.42644,-3.01356,-28.34,3.01356,1,2985.22
2024-03-16T18:19:00.000000000Z,9967.78644,6983.42644,-3.01356,-29.2,3.01356,1,2984.36
2024-03-16T18:20:00.000000000Z,9966.92644,6983.42644,-3.01356,-30.06,3.01356,1,2983.5
2024-03-16T18:21:00.000000000Z,9966.06644,6983.42644,-3.01356,-30.92,3.01356,1,2982.64
2024-03-16T18:22:00.000000000Z,9965.20644,6983.42644,-3.01356,-31.78,3.01356,1,2981.78
2024-03-16T18:23:00.000000000Z,9964.34644,6983.42644,-3.01356,-32.64,3.01356,1,2980.92
2024-03-16T18:24:00.000000000Z,9963.48644,6983.42644,-3.01356,-33.5,3.01356,1,2980.06
2024-03-16T18:25:00.000000000Z,9962.63644,6983.42644,-3.01356,-34.35,3.01356,1,2979.21
2024-03-16T18:26:00.000000000Z,9961.78644,6983.42644,-3.01356,-35.2,3.01356,1,2978.36
2024-03-16T18:27:00.000000000Z,9960.92644,6983.42644,-3.01356,-36.06,3.01356,1,2977.5
2024-03-16T18:28:00.000000000Z,9960.08644,6983.42644,-3.01356,-36.9,3.01356,1,2976.66
2024-03-16T18:29:00.000000000Z,9959.23644,6983.42644,-3.01356,-37.75,3.01356,1,2975.81
2024-03-16T18:30:00.000000000Z,9958.38644,6983.42644,-3.01356,-38.6,3.01356,1,2974.96
2024-03-16T18:31:00.000000000Z,9957.54644,6983.42644,-3.01356,-39.44,3.01356,1,2974.12
2024-03-16T18:32:00.000000000Z,9956.70644,6983.42644,-3.01356,-40.28,3.01356,1,2973.28
2024-03-16T18:33:00.000000000Z,9955.86644,6983.42644,-3.01356,-41.12,3.01356,1,2972.44
2024-03-16T18:34:00.000000000Z,9955.02644,6983.42644,-3.01356,-41.96,3.01356,1,2971.6
2024-03-16T18:35:00.000000000Z,9954.18644,6983.42644,-3.01356,-42.8,3.01356,1,2970.76
2024-03-16T18:36:00.000000000Z,9953.35644,6983.42644,-3.01356,-43.63,3.01356,1,2969.93
2024-03-16T18:37:00.000000000Z,9952.52644,6983.42644,-3.01356,-44.46,3.01356,1,2969.1
2024-03-16T18:38:00.000000000Z,9951.69644,6983.42644,-3.01356,-45.29,3.01356,1,2968.27
2024-03-16T18:39:00.000000000Z,9950.86644,6983.42644,-3.01356,-46.12,3.01356,1,2967.44
2024-03-16T18:40:00.000000000Z,9950.04644,6983.42644,-3.01356,-46.94,3.01356,1,2966.62
2024-03-16T18:41:00.000000000Z,9949.22644,6983.42644,-3.01356,-47.76,3.01356,1,2965.8
2024-03-16T18:42:00.000000000Z,9948.40644,6983.42644,-3.01356,-48.58,3.01356,1,2964.98
2024-03-16T18:43:00.000000000Z,9947.58644,6983.42644,-3.01356,-49.4,3.01356,1,2964.16
2024-03-16T18:44:00.000000000Z,9946.77644,6983.42644,-3.01356,-50.21,3.01356,1,2963.35
2024-03-16T18:45:00.000000000Z,9945.96644,6983.42644,-3.01356,-51.02,3.01356,1,2962.54
2024-03-16T18:46:00.000000000Z,9945.15644,6983.42644,-3.01356,-51.83,3.01356,1,2961.73
2024-03-16T18:47:00.000000000Z,9944.35644,6983.42644,-3.01356,-52.63,3.01356,1,2960.93
2024-03-16T18:48:00.000000000Z,9943.55644,6983.42644,-3.01356,-53.43,3.01356,1,2960.13
2024-03-16T18:49:00.000000000Z,9942.75644,6983.42644,-3.01356,-54.23,3.01356,1,2959.33
2024-03-16T18:50:00.000000000Z,9941.95644,6983.42644,-3.01356,-55.03,3.01356,1,2958.53
2024-03-16T18:51:00.000000000Z,9941.16644,6983.42644,-3.01356,-55.82,3.01356,1,2957.74
2024-03-16T18:52:00.000000000Z,9940.37644,6983.42644,-3.01356,-56.61,3.01356,1,2956.95
2024-03-16T18:53:00.000000000Z,9939.58644,6983.42644,-3.01356,-57.4,3.01356,1,2956.16
2024-03-16T18:54:00.000000000Z,9938.80644,6983.42644,-3.01356,-58.18,3.01356,1,2955.38
2024-03-16T18:55:00.000000000Z,9938.02644,6983.42644,-3.01356,-58.96,3.01356,1,2954.6
2024-03-16T18:56:00.000000000Z,9937.25644,6983.42644,-3.01356,-59.73,3.01356,1,2953.83
2024-03-16T18:57:00.000000000Z,9936.47644,6983.42644,-3.01356,-60.51,3.01356,1,2953.05
2024-03-16T18:58:00.000000000Z,9935.70644,6983.42644,-3.01356,-61.28,3.01356,1,2952.28
2024-03-16T18:59:00.000000000Z,9934.94644,6983.42644,-3.01356,-62.04,3.01356,1,2951.52
2024-03-16T19:00:00.000000000Z,9934.18644,6983.42644,-3.01356,-62.8,3.01356,1,2950.76
2024-03-16T19:01:00.000000000Z,9933.42644,6983.42644,-3.01356,-63.56,3.01356,1,2950
2024-03-16T19:02:00.000000000Z,9932.67644,6983.42644,-3.01356,-64.31,3.01356,1,2949.25
2024-03-16T19:03:00.000000000Z,9931.92644,6983.42644,-3.01356,-65.06,3.01356,1,2948.5
2024-03-16T19:04:00.000000000Z,9931.17644,6983.42644,-3.01356,-65.81,3.01356,1,2947.75
2024-03-16T19:05:00.000000000Z,9930.43644,6983.42644,-3.01356,-66.55,3.01356,1,2947.01
2024-03-16T19:06:00.000000000Z,9929.69644,6983.42644,-3.01356,-67.29,3.01356,1,2946.27
2024-03-16T19:07:00.000000000Z,9928.96644,6983.42644,-3.01356,-68.02,3.01356,1,2945.54
2024-03-16T19:08:00.000000000Z,9928.23644,6983.42644,-3.01356,-68.75,3.01356,1,2944.81
2024-03-16T19:09:00.000000000Z,9927.50644,6983.42644,-3.01356,-69.48,3.01356,1,2944.08
2024-03-16T19:10:00.000000000Z,9926.78644,6983.42644,-3.01356,-70.2,3.01356,1,2943.36
2024-03-16T19:11:00.000000000Z,9926.06644,6983.42644,-3.01356,-70.92,3.01356,1,2942.64
2024-03-16T19:12:00.000000000Z,9925.35644,6983.42644,-3.01356,-71.63,3.01356,1,2941.93
2024-03-16T19:13:00.000000000Z,9924.64644,6983.42644,-3.01356,-72.34,3.01356,1,2941.22
2024-03-16T19:14:00.000000000Z,9923.94644,6983.42644,-3.01356,-73.04,3.01356,1,2940.52
2024-03-16T19:15:00.000000000Z,9923.24644,6983.42644,-3.01356,-73.74,3.01356,1,2939.82
2024-03-16T19:16:00.000000000Z,9922.54644,6983.42644,-3.01356,-74.44,3.01356,1,2939.12
2024-03-16T19:17:00.000000000Z,9921.85644,6983.42644,-3.01356,-75.13,3.01356,1,2938.43
2024-03-16T19:18:00.000000000Z,9921.17644,6983.42644,-3.01356,-75.81,3.01356,1,2937.75
2024-03-16T19:19:00.000000000Z,9920.49644,6983.42644,-3.01356,-76.49,3.01356,1,2937.07
2024-03-16T19:20:00.000000000Z,9919.81644,6983.42644,-3.01356,-77.17,3.01356,1,2936.39
2024-03-16T19:21:00.000000000Z,9919.14644,6983.42644,-3.01356,-77.84,3.01356,1,2935.72
2024-03-16T19:22:00.000000000Z,9918.48644,6983.42644,-3.01356,-78.5,3.01356,1,2935.06
2024-03-16T19:23:00.000000000Z,9917.81644,6983.42644,-3.01356,-79.17,3.01356,1,2934.39
2024-03-16T19:24:00.000000000Z,9917.16644,6983.42644,-3.01356,-79.82,3.01356,1,2933.74
2024-03-16T19:25:00.000000000Z,9916.51644,6983.42644,-3.01356,-80.47,3.01356,1,2933.09
2024-03-16T19:26:00.000000000Z,9915.86644,6983.42644,-3.01356,-81.12,3.01356,1,2932.44
2024-03-16T19:27:00.000000000Z,9915.22644,6983.42644,-3.01356,-81.76,3.01356,1,2931.8
2024-03-16T19:28:00.000000000Z,9914.58644,6983.42644,-3.01356,-82.4,3.01356,1,2931.16
2024-03-16T19:29:00.000000000Z,9913.95644,6983.42644,-3.01356,-83.03,3.01356,1,2930.53
2024-03-16T19:30:00.000000000Z,9913.33644,6983.42644,-3.01356,-83.65,3.01356,1,2929.91
2024-03-16T19:31:00.000000000Z,9912.71644,6983.42644,-3.01356,-84.27,3.01356,1,2929.29
2024-03-16T19:32:00.000000000Z,9912.09644,6983.42644,-3.01356,-84.89,3.01356,1,2928.67
2024-03-16T19:33:00.000000000Z,9911.49644,6983.42644,-3.01356,-85.49,3.01356,1,2928.07
2024-03-16T19:34:00.000000000Z,9910.88644,6983.42644,-3.01356,-86.1,3.01356,1,2927.46
2024-03-16T19:35:00.000000000Z,9910.28644,6983.42644,-3.01356,-86.7,3.01356,1,2926.86
2024-03-16T19:36:00.000000000Z,9909.69644,6983.42644,-3.01356,-87.29,3.01356,1,2926.27
2024-03-16T19:37:00.000000000Z,9909.11644,6983.42644,-3.01356,-87.87,3.01356,1,2925.69
2024-03-16T19:38:00.000000000Z,9908.52644,6983.42644,-3.01356,-88.46,3.01356,1,2925.1
2024-03-16T19:39:00.000000000Z,9907.95644,6983.42644,-3.01356,-89.03,3.01356,1,2924.53
2024-03-16T19:40:00.000000000Z,9907.38644,6983.42644,-3.01356,-89.6,3.01356,1,2923.96
2024-03-16T19:41:00.000000000Z,9906.82644,6983.42644,-3.01356,-90.16,3.01356,1,2923.4
2024-03-16T19:42:00.000000000Z,9906.26644,6983.42644,-3.01356,-90.72,3.01356,1,2922.84
2024-03-16T19:43:00.000000000Z,9905.71644,6983.42644,-3.01356,-91.27,3.01356,1,2922.29
2024-03-16T19:44:00.000000000Z,9905.16644,6983.42644,-3.01356,-91.82,3.01356,1,2921.74
2024-03-16T19:45:00.000000000Z,9904.62644,6983.42644,-3.01356,-92.36,3.01356,1,2921.2
2024-03-16T19:46:00.000000000Z,9904.08644,6983.42644,-3.01356,-92.9,3.01356,1,2920.66
2024-03-16T19:47:00.000000000Z,9903.56644,6983.42644,-3.01356,-93.42,3.01356,1,2920.14
2024-03-16T19:48:00.000000000Z,9903.03644,6983.42644,-3.01356,-93.95,3.01356,1,2919.61
2024-03-16T19:49:00.000000000Z,9902.52644,6983.42644,-3.01356,-94.46,3.01356,1,2919.1
2024-03-16T19:50:00.000000000Z,9902.01644,6983.42644,-3.01356,-94.97,3.01356,1,2918.59
2024-03-16T19:51:00.000000000Z,9901.50644,6983.42644,-3.01356,-95.48,3.01356,1,2918.08
2024-03-16T19:52:00.000000000Z,9901.01644,6983.42644,-3.01356,-95.97,3.01356,1,2917.59
2024-03-16T19:53:00.000000000Z,9900.52644,6983.42644,-3.01356,-96.46,3.01356,1,2917.1
2024-03-16T19:54:00.000000000Z,9900.03644,6983.42644,-3.01356,-96.95,3.01356,1,2916.61
2024-03-16T19:55:00.000000000Z,9899.55644,6983.42644,-3.01356,-97.43,3.01356,1,2916.13
2024-03-16T19:56:00.000000000Z,9899.08644,6983.42644,-3.01356,-97.9,3.01356,1,2915.66
2024-03-16T19:57:00.000000000Z,9898.62644,6983.42644,-3.01356,-98.36,3.01356,1,2915.2
2024-03-16T19:58:00.000000000Z,9898.16644,6983.42644,-3.01356,-98.82,3.01356,1,2914.74
2024-03-16T19:59:00.000000000Z,9897.70644,6983.42644,-3.01356,-99.28,3.01356,1,2914.28
2024-03-16T20:00:00.000000000Z,9897.26644,6983.42644,-3.01356,-99.72,3.01356,1,2913.84
2024-03-16T20:01:00.000000000Z,9896.82644,6983.42644,-3.01356,-100.16,3.01356,1,2913.4
2024-03-16T20:02:00.000000000Z,9896.38644,6983.42644,-3.01356,-100.6,3.01356,1,2912.96
2024-03-16T20:03:00.000000000Z,9895.96644,6983.42644,-3.01356,-101.02,3.01356,1,2912.54
2024-03-16T20:04:00.000000000Z,9895.54644,6983.42644,-3.01356,-101.44,3.01356,1,2912.12
2024-03-16T20:05:00.000000000Z,9895.13644,6983.42644,-3.01356,-101.85,3.01356,1,2911.71
2024-03-16T20:06:00.000000000Z,9894.72644,6983.42644,-3.01356,-102.26,3.01356,1,2911.3
2024-03-16T20:07:00.000000000Z,9894.32644,6983.42644,-3.01356,-102.66,3.01356,1,2910.9
2024-03-16T20:08:00.000000000Z,9893.93644,6983.42644,-3.01356,-103.05,3.01356,1,2910.51
2024-03-16T20:09:00.000000000Z,9893.54644,6983.42644,-3.01356,-103.44,3.01356,1,2910.12
2024-03-16T20:10:00.000000000Z,9893.16644,6983.42644,-3.01356,-103.82,3.01356,1,2909.74
2024-03-16T20:11:00.000000000Z,9892.79644,6983.42644,-3.01356,-104.19,3.01356,1,2909.37
2024-03-16T20:12:00.000000000Z,9892.42644,6983.42644,-3.01356,-104.56,3.01356,1,2909
2024-03-16T20:13:00.000000000Z,9892.07644,6983.42644,-3.01356,-104.91,3.01356,1,2908.65
2024-03-16T20:14:00.000000000Z,9891.71644,6983.42644,-3.01356,-105.27,3.01356,1,2908.29
2024-03-16T20:15:00.000000000Z,9891.37644,6983.42644,-3.01356,-105.61,3.01356,1,2907.95
2024-03-16T20:16:00.000000000Z,9891.03644,6983.42644,-3.01356,-105.95,3.01356,1,2907.61
2024-03-16T20:17:00.000000000Z,9890.70644,6983.42644,-3.01356,-106.28,3.01356,1,2907.28
2024-03-16T20:18:00.000000000Z,9890.38644,6983.42644,-3.01356,-106.6,3.01356,1,2906.96
2024-03-16T20:19:00.000000000Z,9890.06644,6983.42644,-3.01356,-106.92,3.01356,1,2906.64
2024-03-16T20:20:00.000000000Z,9889.75644,6983.42644,-3.01356,-107.23,3.01356,1,2906.33
2024-03-16T20:21:00.000000000Z,9889.45644,6983.42644,-3.01356,-107.53,3.01356,1,2906.03
2024-03-16T20:22:00.000000000Z,9889.16644,6983.42644,-3.01356,-107.82,3.01356,1,2905.74
2024-03-16T20:23:00.000000000Z,9888.87644,6983.42644,-3.01356,-108.11,3.01356,1,2905.45
2024-03-16T20:24:00.000000000Z,9888.59644,6983.42644,-3.01356,-108.39,3.01356,1,2905.17
2024-03-16T20:25:00.000000000Z,9888.31644,6983.42644,-3.01356,-108.67,3.01356,1,2904.89
2024-03-16T20:26:00.000000000Z,9888.05644,6983.42644,-3.01356,-108.93,3.01356,1,2904.63
2024-03-16T20:27:00.000000000Z,9887.79644,6983.42644,-3.01356,-109.19,3.01356,1,2904.37
2024-03-16T20:28:00.000000000Z,9887.54644,6983.42644,-3.01356,-109.44,3.01356,1,2904.12
2024-03-16T20:29:00.000000000Z,9887.29644,6983.42644,-3.01356,-109.69,3.01356,1,2903.87
2024-03-16T20:30:00.000000000Z,9887.06644,6983.42644,-3.01356,-109.92,3.01356,1,2903.64
2024-03-16T20:31:00.000000000Z,9886.83644,6983.42644,-3.01356,-110.15,3.01356,1,2903.41
2024-03-16T20:32:00.000000000Z,9886.61644,6983.42644,-3.01356,-110.37,3.01356,1,2903.19
2024-03-16T20:33:00.000000000Z,9886.39644,6983.42644,-3.01356,-110.59,3.01356,1,2902.97
2024-03-16T20:34:00.000000000Z,9886.18644,6983.42644,-3.01356,-110.8,3.01356,1,2902.76
2024-03-16T20:35:00.000000000Z,9885.98644,6983.42644,-3.01356,-111,3.01356,1,2902.56
2024-03-16T20:36:00.000000000Z,9885.79644,6983.42644,-3.01356,-111.19,3.01356,1,2902.37
2024-03-16T20:37:00.000000000Z,9885.61644,6983.42644,-3.01356,-111.37,3.01356,1,2902.19
2024-03-16T20:38:00.000000000Z,9885.43644,6983.42644,-3.01356,-111.55,3.01356,1,2902.01
2024-03-16T20:39:00.000000000Z,9885.26644,6983.42644,-3.01356,-111.72,3.01356,1,2901.84
2024-03-16T20:40:00.000000000Z,9885.09644,6983.42644,-3.01356,-111.89,3.01356,1,2901.67
2024-03-16T20:41:00.000000000Z,9884.94644,6983.42644,-3.01356,-112.04,3.01356,1,2901.52
2024-03-16T20:42:00.000000000Z,9884.79644,6983.42644,-3.01356,-112.19,3.01356,1,2901.37
2024-03-16T20:43:00.000000000Z,9884.65644,6983.42644,-3.01356,-112.33,3.01356,1,2901.23
2024-03-16T20:44:00.000000000Z,9884.52644,6983.42644,-3.01356,-112.46,3.01356,1,2901.1
2024-03-16T20:45:00.000000000Z,9884.39644,6983.42644,-3.01356,-112.59,3.01356,1,2900.97
2024-03-16T20:46:00.000000000Z,9884.28644,6983.42644,-3.01356,-112.7,3.01356,1,2900.86
2024-03-16T20:47:00.000000000Z,9884.17644,6983.42644,-3.01356,-112.81,3.01356,1,2900.75
2024-03-16T20:48:00.000000000Z,9884.06644,6983.42644,-3.01356,-112.92,3.01356,1,2900.64
2024-03-16T20:49:00.000000000Z,9883.97644,6983.42644,-3.01356,-113.01,3.01356,1,2900.55
2024-03-16T20:50:00.000000000Z,9883.88644,6983.42644,-3.01356,-113.1,3.01356,1,2900.46
2024-03-16T20:51:00.000000000Z,9883.80644,6983.42644,-3.01356,-113.18,3.01356,1,2900.38
2024-03-16T20:52:00.000000000Z,9883.73644,6983.42644,-3.01356,-113.25,3.01356,1,2900.31
2024-03-16T20:53:00.000000000Z,9883.66644,6983.42644,-3.01356,-113.32,3.01356,1,2900.24
2024-03-16T20:54:00.000000000Z,9883.61644,6983.42644,-3.01356,-113.37,3.01356,1,2900.19
2024-03-16T20:55:00.000000000Z,9883.56644,6983.42644,-3.01356,-113.42,3.01356,1,2900.14
2024-03-16T20:56:00.000000000Z,9883.52644,6983.42644,-3.01356,-113.46,3.01356,1,2900.1
2024-03-16T20:57:00.000000000Z,9883.48644,6983.42644,-3.01356,-113.5,3.01356,1,2900.06
2024-03-16T20:58:00.000000000Z,9883.45644,6983.42644,-3.01356,-113.53,3.01356,1,2900.03
2024-03-16T20:59:00.000000000Z,9883.44644,6983.42644,-3.01356,-113.54,3.01356,1,2900.02
2024-03-16T21:00:00.000000000Z,9883.42644,6983.42644,-3.01356,-113.56,3.01356,1,2900
2024-03-16T21:01:00.000000000Z,9883.42644,6983.42644,-3.01356,-113.56,3.01356,1,2900
2024-03-16T21:02:00.000000000Z,9883.42644,6983.42644,-3.01356,-113.56,3.01356,1,2900
2024-03-16T21:03:00.000000000Z,9883.44644,6983.42644,-3.01356,-113.54,3.01356,1,2900.02
2024-03-16T21:04:00.000000000Z,9883.45644,6983.42644,-3.01356,-113.53,3.01356,1,2900.03
2024-03-16T21:05:00.000000000Z,9883.48644,6983.42644,-3.01356,-113.5,3.01356,1,2900.06
2024-03-16T21:06:00.000000000Z,9883.52644,6983.42644,-3.01356,-113.46,3.01356,1,2900.1
2024-03-16T21:07:00.000000000Z,9883.56644,6983.42644,-3.01356,-113.42,3.01356,1,2900.14
2024-03-16T21:08:00.000000000Z,9883.61644,6983.42644,-3.01356,-113.37,3.01356,1,2900.19
2024-03-16T21:09:00.000000000Z,9883.66644,6983.42644,-3.01356,-113.32,3.01356,1,2900.24
2024-03-16T21:10:00.000000000Z,9883.73644,6983.42644,-3.01356,-113.25,3.01356,1,2900.31
2024-03-16T21:11:00.000000000Z,9883.80644,6983.42644,-3.01356,-113.18,3.01356,1,2900.38
2024-03-16T21:12:00.000000000Z,9883.88644,6983.42644,-3.01356,-113.1,3.01356,1,2900.46
2024-03-16T21:13:00.000000000Z,9883.97644,6983.42644,-3.01356,-113.01,3.01356,1,2900.55
2024-03-16T21:14:00.000000000Z,9884.06644,6983.42644,-3.01356,-112.92,3.01356,1,2900.64
2024-03-16T21:15:00.000000000Z,9884.17644,6983.42644,-3.01356,-112.81,3.01356,1,2900.75
2024-03-16T21:16:00.000000000Z,9884.28644,6983.42644,-3.01356,-112.7,3.01356,1,2900.86
2024-03-16T21:17:00.000000000Z,9884.39644,6983.42644,-3.01356,-112.59,3.01356,1,2900.97
2024-03-16T21:18:00.000000000Z,9884.52644,6983.42644,-3.01356,-112.46,3.01356,1,2901.1
2024-03-16T21:19:00.000000000Z,9884.65644,6983.42644,-3.01356,-112.33,3.01356,1,2901.23
2024-03-16T21:20:00.000000000Z,9884.79644,6983.42644,-3.01356,-112.19,3.01356,1,2901.37
2024-03-16T21:21:00.000000000Z,9884.94644,6983.42644,-3.01356,-112.04,3.01356,1,2901.52
2024-03-16T21:22:00.000000000Z,9885.09644,6983.42644,-3.01356,-111.89,3.01356,1,2901.67
2024-03-16T21:23:00.000000000Z,9885.26644,6983.42644,-3.01356,-111.72,3.01356,1,2901.84
2024-03-16T21:24:00.000000000Z,9885.43644,6983.42644,-3.01356,-111.55,3.01356,1,2902.01
2024-03-16T21:25:00.000000000Z,9885.61644,6983.42644,-3.01356,-111.37,3.01356,1,2902.19
2024-03-16T21:26:00.000000000Z,9885.79644,6983.42644,-3.01356,-111.19,3.01356,1,2902.37
2024-03-16T21:27:00.000000000Z,9885.98644,6983.42644,-3.01356,-111,3.01356,1,2902.56
2024-03-16T21:28:00.000000000Z,9886.18644,6983.42644,-3.01356,-110.8,3.01356,1,2902.76
2024-03-16T21:29:00.000000000Z,9886.39644,6983.42644,-3.01356,-110.59,3.01356,1,2902.97
2024-03-16T21:30:00.000000000Z,9886.61644,6983.42644,-3.01356,-110.37,3.01356,1,2903.19
2024-03-16T21:31:00.000000000Z,9886.83644,6983.42644,-3.01356,-110.15,3.01356,1,2903.41
2024-03-16T21:32:00.000000000Z,9887.06644,6983.42644,-3.01356,-109.92,3.01356,1,2903.64
2024-03-16T21:33:00.000000000Z,9887.29644,6983.42644,-3.01356,-109.69,3.01356,1,2903.87
2024-03-16T21:34:00.000000000Z,9887.54644,6983.42644,-3.01356,-109.44,3.01356,1,2904.12
2024-03-16T21:35:00.000000000Z,9887.79644,6983.42644,-3.01356,-109.19,3.01356,1,2904.37
2024-03-16T21:36:00.000000000Z,9888.05644,6983.42644,-3.01356,-108.93,3.01356,1,2904.63
2024-03-16T21:37:00.000000000Z,9888.31644,6983.42644,-3.01356,-108.67,3.01356,1,2904.89
2024-03-16T21:38:00.000000000Z,9888.59644,6983.42644,-3.01356,-108.39,3.01356,1,2905.17
2024-03-16T21:39:00.000000000Z,9888.87644,6983.42644,-3.01356,-108.11,3.01356,1,2905.45
2024-03-16T21:40:00.000000000Z,9889.16644,6983.42644,-3.01356,-107.82,3.01356,1,2905.74
2024-03-16T21:41:00.000000000Z,9889.45644,6983.42644,-3.01356,-107.53,3.01356,1,2906.03
2024-03-16T21:42:00.000000000Z,9889.75644,6983.42644,-3.01356,-107.23,3.01356,1,2906.33
2024-03-16T21:43:00.000000000Z,9890.06644,6983.42644,-3.01356,-106.92,3.01356,1,2906.64
2024-03-16T21:44:00.000000000Z,9890.38644,6983.42644,-3.01356,-106.6,3.01356,1,2906.96
2024-03-16T21:45:00.000000000Z,9890.70644,6983.42644,-3.01356,-106.28,3.01356,1,2907.28
2024-03-16T21:46:00.000000000Z,9891.03644,6983.42644,-3.01356,-105.95,3.01356,1,2907.61
2024-03-16T21:47:00.000000000Z,9891.37644,6983.42644,-3.01356,-105.61,3.01356,1,2907.95
2024-03-16T21:48:00.000000000Z,9891.71644,6983.42644,-3.01356,-105.27,3.01356,1,2908.29
2024-03-16T21:49:00.000000000Z,9892.07644,6983.42644,-3.01356,-104.91,3.01356,1,2908.65
2024-03-16T21:50:00.000000000Z,9892.42644,6983.42644,-3.01356,-104.56,3.01356,1,2909
2024-03-16T21:51:00.000000000Z,9892.79644,6983.42644,-3.01356,-104.19,3.01356,1,2909.37
2024-03-16T21:52:00.000000000Z,9893.16644,6983.42644,-3.01356,-103.82,3.01356,1,2909.74
2024-03-16T21:53:00.000000000Z,9893.54644,6983.42644,-3.01356,-103.44,3.01356,1,2910.12
2024-03-16T21:54:00.000000000Z,9893.93644,6983.42644,-3.01356,-103.05,3.01356,1,2910.51
2024-03-16T21:55:00.000000000Z,9894.32644,6983.42644,-3.01356,-102.66,3.01356,1,2910.9
2024-03-16T21:56:00.000000000Z,9894.72644,6983.42644,-3.01356,-102.26,3.01356,1,2911.3
2024-03-16T21:57:00.000000000Z,9895.13644,6983.42644,-3.01356,-101.85,3.01356,1,2911.71
2024-03-16T21:58:00.000000000Z,9895.54644,6983.42644,-3.01356,-101.44,3.01356,1,2912.12
2024-03-16T21:59:00.000000000Z,9895.96644,6983.42644,-3.01356,-101.02,3.01356,1,2912.54
2024-03-16T22:00:00.000000000Z,9896.38644,6983.42644,-3.01356,-100.6,3.01356,1,2912.96
2024-03-16T22:01:00.000000000Z,9896.82644,6983.42644,-3.01356,-100.16,3.01356,1,2913.4
2024-03-16T22:02:00.000000000Z,9897.26644,6983.42644,-3.01356,-99.72,3.01356,1,2913.84
2024-03-16T22:03:00.000000000Z,9897.70644,6983.42644,-3.01356,-99.28,3.01356,1,2914.28
2024-03-16T22:04:00.000000000Z,9898.16644,6983.42644,-3.01356,-98.82,3.01356,1,2914.74
2024-03-16T22:05:00.000000000Z,9898.62644,6983.42644,-3.01356,-98.36,3.01356,1,2915.2
2024-03-16T22:06:00.000000000Z,9899.08644,6983.42644,-3.01356,-97.9,3.01356,1,2915.66
2024-03-16T22:07:00.000000000Z,9899.55644,6983.42644,-3.01356,-97.43,3.01356,1,2916.13
2024-03-16T22:08:00.000000000Z,9900.03644,6983.42644,-3.01356,-96.95,3.01356,1,2916.61
2024-03-16T22:09:00.000000000Z,9900.52644,6983.42644,-3.01356,-96.46,3.01356,1,2917.1
2024-03-16T22:10:00.000000000Z,9901.01644,6983.42644,-3.01356,-95.97,3.01356,1,2917.59
2024-03-16T22:11:00.000000000Z,9901.50644,6983.42644,-3.01356,-95.48,3.01356,1,2918.08
2024-03-16T22:12:00.000000000Z,9902.01644,6983.42644,-3.01356,-94.97,3.01356,1,2918.59
2024-03-16T22:13:00.000000000Z,9902.52644,6983.42644,-3.01356,-94.46,3.01356,1,2919.1
2024-03-16T22:14:00.000000000Z,9903.03644,6983.42644,-3.01356,-93.95,3.01356,1,2919.61
2024-03-16T22:15:00.000000000Z,9903.56644,6983.42644,-3.01356,-93.42,3.01356,1,2920.14
2024-03-16T22:16:00.000000000Z,9904.08644,6983.42644,-3.01356,-92.9,3.01356,1,2920.66
2024-03-16T22:17:00.000000000Z,9904.62644,6983.42644,-3.01356,-92.36,3.01356,1,2921.2
2024-03-16T22:18:00.000000000Z,9905.16644,6983.42644,-3.01356,-91.82,3.01356,1,2921.74
2024-03-16T22:19:00.000000000Z,9905.71644,6983.42644,-3.01356,-91.27,3.01356,1,2922.29
2024-03-16T22:20:00.000000000Z,9906.26644,6983.42644,-3.01356,-90.72,3.01356,1,2922.84
2024-03-16T22:21:00.000000000Z,9906.82644,6983.42644,-3.01356,-90.16,3.01356,1,2923.4
2024-03-16T22:22:00.000000000Z,9907.38644,6983.42644,-3.01356,-89.6,3.01356,1,2923.96
2024-03-16T22:23:00.000000000Z,9907.95644,6983.42644,-3.01356,-89.03,3.01356,1,2924.53
2024-03-16T22:24:00.000000000Z,9908.52644,6983.42644,-3.01356,-88.46,3.01356,1,2925.1
2024-03-16T22:25:00.000000000Z,9909.11644,6983.42644,-3.01356,-87.87,3.01356,1,2925.69
2024-03-16T22:26:00.000000000Z,9909.69644,6983.42644,-3.01356,-87.29,3.01356,1,2926.27
2024-03-16T22:27:00.000000000Z,9910.28644,6983.42644,-3.01356,-86.7,3.01356,1,2926.86
2024-03-16T22:28:00.000000000Z,9910.88644,6983.42644,-3.01356,-86.1,3.01356,1,2927.46
2024-03-16T22:29:00.000000000Z,9911.49644,6983.42644,-3.01356,-85.49,3.01356,1,2928.07
2024-03-16T22:30:00.000000000Z,9912.09644,6983.42644,-3.01356,-84.89,3.01356,1,2928.67
2024-03-16T22:31:00.000000000Z,9912.71644,6983.42644,-3.01356,-84.27,3.01356,1,2929.29
2024-03-16T22:32:00.000000000Z,9913.33644,6983.42644,-3.01356,-83.65,3.01356,1,2929.91
2024-03-16T22:33:00.000000000Z,9913.95644,6983.42644,-3.01356,-83.03,3.01356,1,2930.53
2024-03-16T22:34:00.000000000Z,9914.58644,6983.42644,-3.01356,-82.4,3.01356,1,2931.16
2024-03-16T22:35:00.000000000Z,9915.22644,6983.42644,-3.01356,-81.76,3.01356,1,2931.8
2024-03-16T22:36:00.000000000Z,9915.86644,6983.42644,-3.01356,-81.12,3.01356,1,2932.44
2024-03-16T22:37:00.000000000Z,9916.51644,6983.42644,-3.01356,-80.47,3.01356,1,2933.09
2024-03-16T22:38:00.000000000Z,9917.16644,6983.42644,-3.01356,-79.82,3.01356,1,2933.74
2024-03-16T22:39:00.000000000Z,9917.81644,6983.42644,-3.01356,-79.17,3.01356,1,2934.39
2024-03-16T22:40:00.000000000Z,9918.48644,6983.42644,-3.01356,-78.5,3.01356,1,2935.06
2024-03-16T22:41:00.000000000Z,9919.14644,6983.42644,-3.01356,-77.84,3.01356,1,2935.72
2024-03-16T22:42:00.000000000Z,9919.81644,6983.42644,-3.01356,-77.17,3.01356,1,2936.39
2024-03-16T22:43:00.000000000Z,9920.49644,6983.42644,-3.01356,-76.49,3.01356,1,2937.07
2024-03-16T22:44:00.000000000Z,9921.17644,6983.42644,-3.01356,-75.81,3.01356,1,2937.75
2024-03-16T22:45:00.000000000Z,9921.85644,6983.42644,-3.01356,-75.13,3.01356,1,2938.43
2024-03-16T22:46:00.000000000Z,9922.54644,6983.42644,-3.01356,-74.44,3.01356,1,2939.12
2024-03-16T22:47:00.000000000Z,9923.24644,6983.42644,-3.01356,-73.74,3.01356,1,2939.82
2024-03-16T22:48:00.000000000Z,9923.94644,6983.42644,-3.01356,-73.04,3.01356,1,2940.52
2024-03-16T22:49:00.000000000Z,9924.64644,6983.42644,-3.01356,-72.34,3.01356,1,2941.22
2024-03-16T22:50:00.000000000Z,9925.35644,6983.42644,-3.01356,-71.63,3.01356,1,2941.93
2024-03-16T22:51:00.000000000Z,9926.06644,6983.42644,-3.01356,-70.92,3.01356,1,2942.64
2024-03-16T22:52:00.000000000Z,9926.78644,6983.42644,-3.01356,-70.2,3.01356,1,2943.36
2024-03-16T22:53:00.000000000Z,9927.50644,6983.42644,-3.01356,-69.48,3.01356,1,2944.08
2024-03-16T22:54:00.000000000Z,9928.23644,6983.42644,-3.01356,-68.75,3.01356,1,2944.81
2024-03-16T22:55:00.000000000Z,9928.96644,6983.42644,-3.01356,-68.02,3.01356,1,2945.54
2024-03-16T22:56:00.000000000Z,9929.69644,6983.42644,-3.01356,-67.29,3.01356,1,2946.27
2024-03-16T22:57:00.000000000Z,9930.43644,6983.42644,-3.01356,-66.55,3.01356,1,2947.01
2024-03-16T22:58:00.000000000Z,9931.17644,6983.42644,-3.01356,-65.81,3.01356,1,2947.75
2024-03-16T22:59:00.000000000Z,9931.92644,6983.42644,-3.01356,-65.06,3.01356,1,2948.5
2024-03-16T23:00:00.000000000Z,9932.67644,6983.42644,-3.01356,-64.31,3.01356,1,2949.25
2024-03-16T23:01:00.000000000Z,9933.42644,6983.42644,-3.01356,-63.56,3.01356,1,2950
2024-03-16T23:02:00.000000000Z,9934.18644,6983.42644,-3.01356,-62.8,3.01356,1,2950.76
2024-03-16T23:03:00.000000000Z,9934.94644,6983.42644,-3.01356,-62.04,3.01356,1,2951.52
2024-03-16T23:04:00.000000000Z,9935.70644,6983.42644,-3.01356,-61.28,3.01356,1,2952.28
2024-03-16T23:05:00.000000000Z,9936.47644,6983.42644,-3.01356,-60.51,3.01356,1,2953.05
2024-03-16T23:06:00.000000000Z,9937.25644,6983.42644,-3.01356,-59.73,3.01356,1,2953.83
2024-03-16T23:07:00.000000000Z,9938.02644,6983.42644,-3.01356,-58.96,3.01356,1,2954.6
2024-03-16T23:08:00.000000000Z,9938.80644,6983.42644,-3.01356,-58.18,3.01356,1,2955.38
2024-03-16T23:09:00.000000000Z,9939.58644,6983.42644,-3.01356,-57.4,3.01356,1,2956.16
2024-03-16T23:10:00.000000000Z,9940.37644,6983.42644,-3.01356,-56.61,3.01356,1,2956.95
2024-03-16T23:11:00.000000000Z,9941.16644,6983.42644,-3.01356,-55.82,3.01356,1,2957.74
2024-03-16T23:12:00.000000000Z,9941.95644,6983.42644,-3.01356,-55.03,3.01356,1,2958.53
2024-03-16T23:13:00.000000000Z,9942.75644,6983.42644,-3.01356,-54.23,3.01356,1,2959.33
2024-03-16T23:14:00.000000000Z,9943.55644,6983.42644,-3.01356,-53.43,3.01356,1,2960.13
2024-03-16T23:15:00.000000000Z,9944.35644,6983.42644,-3.01356,-52.63,3.01356,1,2960.93
2024-03-16T23:16:00.000000000Z,9945.15644,6983.42644,-3.01356,-51.83,3.01356,1,2961.73
2024-03-16T23:17:00.000000000Z,9945.96644,6983.42644,-3.01356,-51.02,3.01356,1,2962.54
2024-03-16T23:18:00.000000000Z,9946.77644,6983.42644,-3.01356,-50.21,3.01356,1,2963.35
2024-03-16T23:19:00.000000000Z,9947.58644,6983.42644,-3.01356,-49.4,3.01356,1,2964.16
2024-03-16T23:20:00.000000000Z,9948.40644,6983.42644,-3.01356,-48.58,3.01356,1,2964.98
2024-03-16T23:21:00.000000000Z,9949.22644,6983.42644,-3.01356,-47.76,3.01356,1,2965.8
2024-03-16T23:22:00.000000000Z,9950.04644,6983.42644,-3.01356,-46.94,3.01356,1,2966.62
2024-03-16T23:23:00.000000000Z,9950.86644,6983.42644,-3.01356,-46.12,3.01356,1,2967.44
2024-03-16T23:24:00.000000000Z,9951.69644,6983.42644,-3.01356,-45.29,3.01356,1,2968.27
2024-03-16T23:25:00.000000000Z,9952.52644,6983.42644,-3.01356,-44.46,3.01356,1,2969.1
2024-03-16T23:26:00.000000000Z,9953.35644,6983.42644,-3.01356,-43.63,3.01356,1,2969.93
2024-03-16T23:27:00.000000000Z,9954.18644,6983.42644,-3.01356,-42.8,3.01356,1,2970.76
2024-03-16T23:28:00.000000000Z,9955.02644,6983.42644,-3.01356,-41.96,3.01356,1,2971.6
2024-03-16T23:29:00.000000000Z,9955.86644,6983.42644,-3.01356,-41.12,3.01356,1,2972.44
2024-03-16T23:30:00.000000000Z,9956.70644,6983.42644,-3.01356,-40.28,3.01356,1,2973.28
2024-03-16T23:31:00.000000000Z,9957.54644,6983.42644,-3.01356,-39.44,3.01356,1,2974.12
2024-03-16T23:32:00.000000000Z,9958.38644,6983.42644,-3.01356,-38.6,3.01356,1,2974.96
2024-03-16T23:33:00.000000000Z,9959.23644,6983.42644,-3.01356,-37.75,3.01356,1,2975.81
2024-03-16T23:34:00.000000000Z,9960.08644,6983.42644,-3.01356,-36.9,3.01356,1,2976.66
2024-03-16T23:35:00.000000000Z,9960.92644,6983.42644,-3.01356,-36.06,3.01356,1,2977.5
2024-03-16T23:36:00.000000000Z,9961.78644,6983.42644,-3.01356,-35.2,3.01356,1,2978.36
2024-03-16T23:37:00.000000000Z,9962.63644,6983.42644,-3.01356,-34.35,3.01356,1,2979.21
2024-03-16T23:38:00.000000000Z,9963.48644,6983.42644,-3.01356,-33.5,3.01356,1,2980.06
2024-03-16T23:39:00.000000000Z,9964.34644,6983.42644,-3.01356,-32.64,3.01356,1,2980.92
2024-03-16T23:40:00.000000000Z,9965.20644,6983.42644,-3.01356,-31.78,3.01356,1,2981.78
2024-03-16T23:41:00.000000000Z,9966.06644,6983.42644,-3.01356,-30.92,3.01356,1,2982.64
2024-03-16T23:42:00.000000000Z,9966.92644,6983.42644,-3.01356,-30.06,3.01356,1,2983.5
2024-03-16T23:43:00.000000000Z,9967.78644,6983.42644,-3.01356,-29.2,3.01356,1,2984.36
2024-03-16T23:44:00.000000000Z,9968.64644,6983.42644,-3.01356,-28.34,3.01356,1,2985.22
2024-03-16T23:45:00.000000000Z,9969.50644,6983.42644,-3.01356,-27.48,3.01356,1,2986.08
2024-03-16T23:46:00.000000000Z,9970.37644,6983.42644,-3.01356,-26.61,3.01356,1,2986.95
2024-03-16T23:47:00.000000000Z,9971.23644,6983.42644,-3.01356,-25.75,3.01356,1,2987.81
2024-03-16T23:48:00.000000000Z,9972.10644,6983.42644,-3.01356,-24.88,3.01356,1,2988.68
2024-03-16T23:49:00.000000000Z,9972.97644,6983.42644,-3.01356,-24.01,3.01356,1,2989.55
2024-03-16T23:50:00.000000000Z,9973.84644,6983.42644,-3.01356,-23.14,3.01356,1,2990.42
2024-03-16T23:51:00.000000000Z,9974.70644,6983.42644,-3.01356,-22.28,3.01356,1,2991.28
2024-03-16T23:52:00.000000000Z,9975.57644,6983.42644,-3.01356,-21.41,3.01356,1,2992.15
2024-03-16T23:53:00.000000000Z,9976.44644,6983.42644,-3.01356,-20.54,3.01356,1,2993.02
2024-03-16T23:54:00.000000000Z,9977.32644,6983.42644,-3.01356,-19.66,3.01356,1,2993.9
2024-03-16T23:55:00.000000000Z,9978.19644,6983.42644,-3.01356,-18.79,3.01356,1,2994.77
2024-03-16T23:56:00.000000000Z,9979.06644,6983.42644,-3.01356,-17.92,3.01356,1,2995.64
2024-03-16T23:57:00.000000000Z,9979.93644,6983.42644,-3.01356,-17.05,3.01356,1,2996.51
2024-03-16T23:58:00.000000000Z,9980.80644,6983.42644,-3.01356,-16.18,3.01356,1,2997.38
2024-03-16T23:59:00.000000000Z,9981.67644,6983.42644,-3.01356,-15.31,3.01356,1,2998.25
2024-03-16T23:59:01.010000000Z,9982.55644,6983.42644,-3.01356,-14.43,3.01356,1,2999.13
